{
   "Levels":{
      "0":{"kind":"SewerLevel", "depth":0, "size":[0,0]},

      "town_2":{"kind":"PredesignedLevel", "depth":0, "file":"levelsDesc/Town.json", "noFogOfWar":"true", "isSafe":true, "music":"ost_town_1","script": "scripts/actors/town/Compass"},
	  "cinema_2":{"kind":"PredesignedLevel", "depth":0, "file":"levelsDesc/Cinema.json", "noFogOfWar":"true",  "isSafe":true, "music":"ost_town_1"},
	  "church_2":{"kind":"PredesignedLevel", "depth":0, "file":"levelsDesc/Church.json", "noFogOfWar":"true", "isSafe":true, "music":"ost_town_1"},
	  "fortune_2":{"kind":"PredesignedLevel", "depth":0, "file":"levelsDesc/Fortune.json","noFogOfWar":"true", "isSafe":true, "music":"ost_town_1"},
	  "library_2":{"kind":"PredesignedLevel", "depth":0, "file":"levelsDesc/Library.json","noFogOfWar":"true", "isSafe":true,  "music":"ost_town_1"},
      "shop_town_2":{"kind":"PredesignedLevel", "depth":0, "file":"levelsDesc/Shop_Town.json",
         "noFogOfWar":"true", "isSafe":true, "music":"ost_town_1","treasury":"TownShopTreasury.json"},

      "portal_room_lvl5":{"kind":"PredesignedLevel" , "depth":5 , "file":"levelsDesc/Portal.json", "isSafe":true, "music":"ost_portal_level"},
      "portal_room_lvl10":{"kind":"PredesignedLevel", "depth":10, "file":"levelsDesc/Portal.json", "isSafe":true, "music":"ost_portal_level"},
      "portal_room_lvl15":{"kind":"PredesignedLevel", "depth":15, "file":"levelsDesc/Portal.json", "isSafe":true, "music":"ost_portal_level"},
      "portal_room_lvl20":{"kind":"PredesignedLevel", "depth":20, "file":"levelsDesc/Portal.json", "isSafe":true, "music":"ost_portal_level"},
      "portal_room_lvl25":{"kind":"PredesignedLevel", "depth":25, "file":"levelsDesc/Portal.json", "isSafe":true, "music":"ost_portal_level"},
      "portal_room_lvl31":{"kind":"PredesignedLevel", "depth":31, "file":"levelsDesc/Portal.json", "isSafe":true, "music":"ost_portal_level"},

      "shadow_lord_level":{"kind":"ShadowLordLevel", "depth":25, "size":[20,20],"script": "scripts/actors/MobsPower"},

      "6s":{"kind":"SpiderLevel", "depth":6,      "size":[16,16]},
      "7s":{"kind":"SpiderLevel", "depth":7,      "size":[32,32]},
      "8s":{"kind":"SpiderLevel", "depth":8,      "size":[40,40]},
      "9s":{"kind":"SpiderLevel", "depth":9,      "size":[48,48]},
      "10s":{"kind":"SpiderLevel", "depth":10,    "size":[64,64]},

      "necro1":{"kind":"NecroLevel", "depth":8,      "size":[32,32]},
      "necro2":{"kind":"NecroLevel", "depth":9,      "size":[32,32]},
      "necro3":{"kind":"NecroLevel", "depth":10,     "size":[32,32]},
      "necro4":{"kind":"NecroLevel", "depth":11,     "size":[32,32]},
      "necro5":{"kind":"NecroBossLevel", "depth":12, "size":[32,32]},

      "ice1":{"kind":"IceCavesLevel", "depth":15,      "size":[32,32], "music":"ost_ice_caves", "maxBrightness":1.05},
      "ice2":{"kind":"IceCavesLevel", "depth":16,      "size":[32,32], "music":"ost_ice_caves", "maxBrightness":1.05},
      "ice3":{"kind":"IceCavesLevel", "depth":17,     "size":[32,32], "music":"ost_ice_caves", "maxBrightness":1.05},
      "ice4":{"kind":"IceCavesLevel", "depth":18,     "size":[32,32], "music":"ost_ice_caves", "maxBrightness":1.05},
      "ice5":{"kind":"IceCavesBossLevel", "depth":19, "size":[32,32], "music":"ost_ice_caves", "maxBrightness":1.05},

      "1":{"kind":"SewerLevel", "depth":1,        "size":[32,32]},
      "2":{"kind":"SewerLevel", "depth":2,        "size":[32,32]},
      "3":{"kind":"SewerLevel", "depth":3,        "size":[32,32]},
      "4":{"kind":"SewerLevel", "depth":4,        "size":[32,32]},
      "5":{"kind":"SewerBossLevel", "depth":5,    "size":[32,32], "music":"ost_boss_1_ambient"},
      "6":{"kind":"PrisonLevel", "depth":6,       "size":[32,32]},
      "7":{"kind":"PrisonLevel", "depth":7,       "size":[32,32]},
      "8":{"kind":"PrisonLevel", "depth":8,       "size":[32,32]},
      "9":{"kind":"PrisonLevel", "depth":9,       "size":[32,32]},
      "10":{"kind":"PrisonBossLevel", "depth":10, "size":[32,32]},
      "11":{"kind":"CavesLevel", "depth":11,      "size":[32,32], "music":"ost_caves"},
      "12":{"kind":"CavesLevel", "depth":12,      "size":[32,32], "music":"ost_caves"},
      "13":{"kind":"CavesLevel", "depth":13,      "size":[32,32], "music":"ost_caves"},
      "14":{"kind":"CavesLevel", "depth":14,      "size":[32,32], "music":"ost_caves"},
      "15":{"kind":"CavesBossLevel", "depth":15,  "size":[32,32], "music":"ost_caves"},
      "16":{"kind":"CityLevel", "depth":16,       "size":[32,32]},
      "17":{"kind":"CityLevel", "depth":17,       "size":[32,32]},
      "18":{"kind":"CityLevel", "depth":18,       "size":[32,32]},
      "19":{"kind":"CityLevel", "depth":19,       "size":[32,32]},
      "20":{"kind":"CityBossLevel", "depth":20,   "size":[32,32]},
      "21":{"kind":"LastShopLevel", "depth":21,   "size":[32,32]},
      "22":{"kind":"HallsLevel", "depth":22,      "size":[32,32]},
      "23":{"kind":"HallsLevel", "depth":23,      "size":[32,32]},
      "24":{"kind":"HallsLevel", "depth":24,      "size":[32,32]},
      "25":{"kind":"ShadowLordLevel", "depth":25, "size":[20,20]},
      "26":{"kind":"FakeLastLevel", "depth":26,   "size":[32,32]},
      "27":{"kind":"GutsLevel", "depth":27,       "size":[48,48]},
      "28":{"kind":"GutsLevel", "depth":28,       "size":[48,48]},
      "29":{"kind":"GutsLevel", "depth":29,       "size":[48,48]},
      "30":{"kind":"GutsLevel", "depth":30,       "size":[48,48]},
      "31":{"kind":"HallsBossLevel", "depth":31,  "size":[32,32], "music":"ost_boss_1_fight"},
      "32":{"kind":"LastLevel", "depth":32,       "size":[32,32]}
   },

   "Graph":{
      "0":[["town_2"],[]],

      "town_2":[["church_2","cinema_2","1","library_2","shop_town_2","fortune_2"],[]],
	  "church_2":[[],["town_2"]],
	  "shop_town_2":[[],["town_2"]],
	  "cinema_2":[[],["town_2"]],
	  "fortune_2":[[],["town_2"]],
	  "library_2":[[],["town_2"]],
      "1":[["2"],["town_2"]],
      "2":[["3"],["1"]],
      "3":[["4"],["2"]],
      "4":[["5"],["3"]],
      "5":[["portal_room_lvl5","6s"],["4"]],
      "portal_room_lvl5":[["6"],["5"]],
      "6":[["7"],["portal_room_lvl5"]],
      "7":[["8", "necro1"],["6"]],
      "8":[["9"],["7"]],
      "9":[["10"],["8"]],
      "10":[["portal_room_lvl10"],["9"]],
      "portal_room_lvl10":[["11"],["10"]],
      "11":[["12"],["portal_room_lvl10"]],
      "12":[["13"],["11"]],
      "13":[["14"],["12"]],
      "14":[["15","ice1"],["13"]],
      "15":[["portal_room_lvl15"],["14"]],
      "portal_room_lvl15":[["16"],["15"]],
      "16":[["17"],["portal_room_lvl15"]],
      "17":[["18"],["16"]],
      "18":[["19"],["17"]],
      "19":[["20"],["18"]],
      "20":[["portal_room_lvl20"],["19"]],
      "portal_room_lvl20":[["21"],["20"]],
      "21":[["22"],["portal_room_lvl20"]],
      "22":[["23"],["21"]],
      "23":[["24"],["22"]],
      "24":[["25"],["23"]],
      "25":[["portal_room_lvl25"],["24"]],
      "portal_room_lvl25":[["26"],["25"]],
      "26":[["27"],["portal_room_lvl25"]],
      "27":[["28"],["26"]],
      "28":[["29"],["27"]],
      "29":[["30"],["28"]],
      "30":[["31"],["29"]],
      "31":[["portal_room_lvl31"],["30"]],
      "portal_room_lvl31":[["32"],["31"]],
      "32":[[],["portal_room_lvl31"]],
      "6s":[["7s"],["5"]],
      "7s":[["8s"],["6s"]],
      "8s":[["9s"],["7s"]],
      "9s":[["10s"],["8s"]],
      "10s":[["6s"],["9s"]],
      "necro1":[["necro2"],["7"]],
      "necro2":[["necro3"],["necro1"]],
      "necro3":[["necro4"],["necro2"]],
      "necro4":[["necro5"],["necro3"]],
      "necro5":[["necro1"],["necro4"]],
      "ice1":[["ice2"],["14"]],
      "ice2":[["ice3"],["ice1"]],
      "ice3":[["ice4"],["ice2"]],
      "ice4":[["ice5"],["ice3"]],
      "ice5":[["ice1"],["ice4"]]
   },
   "Entrance":"0"
}