{ "entrance":[7, 13],
 "height":15,
 "map":[4, 4, 4, 4, 4, 4, 4, 4, 4, 4, 4, 4, 4, 4, 4, 4, 14, 14, 14, 14, 14, 4, 4, 4, 14, 14, 14, 14, 14, 4, 4, 11, 14, 11, 4, 4, 4, 25, 4, 4, 4, 11, 14, 11, 4, 4, 11, 14, 11, 4, 41, 1, 1, 1, 41, 4, 11, 14, 11, 4, 4, 11, 14, 11, 16, 1, 1, 1, 1, 1, 4, 11, 14, 11, 4, 4, 11, 14, 11, 4, 35, 1, 1, 1, 35, 4, 11, 14, 11, 4, 4, 11, 14, 11, 4, 1, 1, 1, 1, 1, 16, 11, 14, 11, 4, 4, 11, 14, 11, 4, 35, 1, 1, 1, 35, 4, 11, 14, 11, 4, 4, 11, 14, 11, 4, 1, 1, 1, 1, 1, 4, 11, 14, 11, 4, 4, 11, 14, 11, 4, 35, 1, 1, 1, 35, 4, 11, 14, 11, 4, 4, 11, 14, 11, 4, 4, 4, 5, 4, 4, 4, 11, 14, 11, 4, 4, 11, 14, 11, 4, 1, 1, 1, 1, 1, 4, 11, 14, 11, 4, 4, 11, 14, 11, 4, 1, 1, 1, 1, 1, 4, 11, 14, 11, 4, 4, 11, 14, 11, 4, 1, 1, 7, 1, 1, 4, 11, 14, 11, 4, 4, 4, 4, 4, 4, 4, 4, 4, 4, 4, 4, 4, 4, 4, 4],
 "exit":[7, 2],
 "tiles":"tiles_bandit_level.png",
 "tiles_logic":"tiles1.png",
 "mobs":[
        {
         "kind":"bosses/ThiefKing",
         "x":8,
         "y":8
        }
],
 "water":"water0.png",
 "width":15
}