
 {
   "width":15,
   "height":15,
   "map":[
4, 4, 4, 4, 4, 4, 4, 4, 4, 4, 4, 4, 4, 4, 4, 4, 4, 4, 1, 1, 1, 4, 25, 4, 1, 1, 4, 4, 4, 4, 4, 4, 1, 1, 1, 1, 1, 1, 1, 1, 1, 1, 4, 4, 4, 4, 4, 1, 23, 1, 1, 1, 1, 1, 23, 1, 1, 1, 4, 4, 4, 1, 1, 1, 1, 1, 1, 1, 1, 1, 1, 1, 1, 4, 4, 4, 1, 1, 1, 1, 4, 4, 4, 4, 4, 1, 1, 1, 1, 4, 4, 1, 1, 1, 23, 4, 1, 1, 1, 4, 1, 1, 1, 1, 4, 4, 1, 1, 1, 1, 4, 1, 7, 1, 4, 1, 23, 1, 1, 4, 4, 1, 23, 1, 1, 4, 1, 1, 1, 4, 1, 1, 1, 1, 4, 4, 1, 1, 1, 1, 4, 4, 5, 4, 4, 1, 23, 1, 1, 4, 4, 1, 23, 1, 1, 1, 1, 1, 1, 1, 23, 1, 1, 1, 4, 4, 1, 1, 1, 1, 1, 23, 1, 1, 1, 1, 1, 1, 4, 4, 4, 4, 1, 1, 1, 1, 1, 1, 1, 1, 1, 1, 4, 4, 4, 4, 4, 4, 1, 4, 4, 1, 1, 1, 4, 25, 4, 4, 4, 4, 4, 4, 4, 4, 4, 4, 4, 4, 4, 4, 4, 4, 4, 4, 4
],
   
   "tiles":"tiles2_x.png",
   "water":"water1.png",
   "entrance":[7,7],
   "multiexit":[[7,1],[10,13]],
   "mobs":[
{"kind":"DM300","x":12,"y":8}
]
}
