{ "entrance":[24, 27],
 "height":30,
 "map":[4, 4, 4, 4, 4, 4, 4, 4, 4, 4, 4, 4, 4, 4, 4, 4, 4, 4, 4, 4, 4, 4, 4, 4, 4, 4, 4, 4, 4, 4, 4, 1, 1, 1, 1, 1, 1, 1, 1, 1, 1, 1, 1, 1, 1, 1, 1, 1, 1, 1, 1, 1, 1, 1, 1, 1, 1, 1, 1, 4, 4, 1, 1, 1, 1, 1, 1, 1, 1, 1, 1, 1, 1, 1, 1, 48, 1, 1, 1, 1, 1, 1, 1, 1, 1, 1, 1, 1, 1, 4, 4, 1, 4, 4, 4, 4, 4, 4, 4, 1, 1, 1, 1, 1, 1, 1, 1, 1, 1, 1, 1, 1, 4, 4, 4, 4, 4, 1, 1, 4, 4, 1, 4, 11, 14, 14, 14, 14, 4, 1, 1, 1, 1, 1, 1, 1, 1, 1, 1, 1, 1, 1, 4, 14, 14, 14, 4, 1, 1, 4, 4, 1, 4, 14, 14, 14, 14, 14, 4, 1, 1, 4, 4, 4, 4, 4, 4, 4, 4, 4, 1, 1, 4, 4, 10, 4, 4, 1, 1, 4, 4, 1, 4, 4, 4, 10, 4, 4, 4, 1, 1, 12, 4, 4, 4, 4, 4, 4, 4, 4, 1, 1, 1, 1, 1, 1, 1, 1, 1, 4, 4, 1, 1, 1, 1, 1, 1, 1, 1, 1, 1, 4, 4, 4, 4, 4, 4, 4, 4, 4, 1, 1, 1, 1, 1, 1, 1, 1, 1, 4, 4, 1, 1, 1, 1, 1, 1, 1, 1, 1, 1, 12, 4, 4, 4, 4, 4, 4, 4, 12, 1, 1, 1, 1, 1, 1, 1, 1, 1, 4, 4, 1, 1, 1, 1, 1, 1, 1, 1, 1, 1, 4, 4, 4, 4, 25, 4, 4, 4, 4, 1, 1, 1, 1, 1, 11, 3, 11, 1, 4, 4, 1, 1, 1, 1, 1, 1, 1, 1, 1, 1, 1, 1, 35, 14, 14, 14, 35, 1, 1, 1, 1, 1, 1, 1, 1, 1, 1, 1, 4, 4, 1, 1, 4, 4, 4, 4, 4, 1, 1, 1, 1, 1, 1, 14, 14, 14, 1, 1, 1, 1, 1, 48, 1, 1, 1, 1, 1, 1, 4, 4, 1, 1, 4, 41, 14, 14, 4, 1, 1, 1, 1, 1, 1, 14, 14, 14, 1, 1, 1, 1, 1, 1, 1, 1, 1, 1, 1, 1, 4, 4, 1, 1, 4, 41, 14, 14, 4, 1, 1, 1, 1, 1, 1, 14, 14, 14, 1, 1, 1, 1, 1, 1, 1, 1, 1, 1, 1, 1, 4, 4, 1, 1, 4, 14, 14, 14, 4, 1, 1, 1, 1, 1, 1, 14, 14, 14, 1, 1, 1, 4, 4, 4, 4, 4, 4, 4, 4, 4, 4, 4, 1, 1, 4, 4, 5, 4, 4, 1, 1, 1, 1, 1, 1, 14, 14, 14, 1, 1, 1, 4, 14, 14, 14, 14, 14, 14, 14, 42, 4, 4, 1, 1, 1, 35, 1, 1, 1, 1, 1, 1, 1, 1, 14, 14, 14, 14, 14, 1, 1, 4, 14, 14, 14, 41, 41, 41, 41, 14, 4, 4, 1, 1, 1, 1, 1, 1, 1, 1, 1, 1, 1, 1, 14, 36, 14, 36, 14, 1, 1, 4, 14, 14, 14, 14, 14, 14, 14, 14, 4, 4, 1, 1, 1, 54, 60, 1, 1, 1, 1, 1, 1, 1, 14, 14, 34, 14, 14, 1, 1, 4, 14, 11, 14, 41, 41, 41, 41, 14, 4, 4, 1, 1, 1, 55, 57, 1, 1, 1, 1, 1, 1, 1, 14, 36, 14, 36, 14, 1, 1, 4, 11, 11, 14, 14, 14, 14, 14, 14, 4, 4, 1, 1, 1, 49, 1, 1, 1, 1, 1, 1, 1, 1, 14, 14, 14, 14, 14, 1, 1, 4, 14, 14, 14, 14, 41, 41, 41, 14, 4, 4, 1, 1, 1, 1, 1, 1, 1, 1, 1, 1, 1, 1, 1, 14, 14, 14, 1, 1, 1, 4, 4, 4, 4, 5, 4, 4, 4, 4, 4, 4, 1, 1, 4, 4, 4, 4, 4, 4, 1, 1, 1, 1, 1, 14, 14, 14, 1, 1, 1, 1, 52, 1, 35, 1, 35, 1, 1, 1, 4, 4, 1, 1, 4, 41, 41, 14, 14, 4, 1, 1, 1, 1, 1, 14, 14, 14, 1, 1, 1, 54, 61, 1, 1, 1, 1, 1, 1, 1, 4, 4, 1, 1, 4, 41, 14, 14, 14, 5, 1, 1, 1, 1, 1, 14, 14, 14, 1, 1, 1, 51, 57, 1, 1, 1, 1, 1, 1, 1, 4, 4, 1, 1, 4, 14, 14, 14, 14, 4, 1, 1, 1, 1, 1, 14, 14, 14, 1, 1, 1, 1, 1, 1, 1, 1, 1, 1, 1, 1, 4, 4, 1, 1, 4, 4, 4, 4, 4, 4, 1, 1, 1, 1, 1, 14, 14, 14, 1, 1, 1, 1, 1, 1, 1, 1, 1, 1, 1, 1, 4, 4, 1, 1, 1, 1, 1, 1, 1, 1, 1, 1, 1, 1, 1, 1, 1, 1, 1, 1, 1, 1, 1, 1, 1, 7, 1, 1, 1, 1, 4, 4, 1, 1, 1, 1, 1, 1, 1, 1, 1, 1, 1, 1, 1, 1, 1, 1, 1, 1, 1, 1, 1, 1, 1, 1, 1, 1, 1, 1, 4, 4, 4, 4, 4, 4, 4, 4, 4, 4, 4, 4, 4, 4, 4, 4, 4, 4, 4, 4, 4, 4, 4, 4, 4, 4, 4, 4, 4, 4, 4],
 "multiexit":[[15, 9]],
 "tiles":"tiles3.png",
 "tiles_logic":"tiles3.png",
 "water":"water0.png",
 "width":30,
   "mobs":[
{"kind":"KingNPC","x":15,"y":10},
{"kind":"GolemNPC","x":16,"y":10},
{"kind":"GolemNPC","x":14,"y":10},
{"kind":"WarlockNPC","x":21,"y":18},
{"kind":"MonkNPC","x":13,"y":18},
{"kind":"MonkNPC","x":9,"y":10},
{"kind":"MonkNPC","x":17,"y":14},
{"kind":"MonkNPC","x":9,"y":18},
{"kind":"MonkNPC","x":7,"y":21},
{"kind":"MonkNPC","x":5,"y":8}
]

}