
 {
   "width":15,
   "height":15,
   "map":[
4, 4, 4, 4, 4, 4, 4, 4, 4, 4, 4, 4, 4, 4, 4, 4, 4, 4, 4, 4, 36, 12, 25, 12, 36, 4, 4, 4, 4, 4, 4, 4, 4, 4, 4, 14, 14, 14, 14, 14, 4, 4, 4, 4, 4, 4, 4, 4, 4, 4, 14, 14, 14, 14, 14, 4, 4, 4, 4, 4, 4, 4, 4, 4, 4, 14, 14, 14, 14, 14, 4, 4, 4, 4, 4, 4, 4, 41, 14, 36, 14, 14, 14, 14, 14, 36, 14, 41, 4, 4, 4, 4, 41, 14, 14, 14, 14, 14, 14, 14, 14, 14, 41, 4, 4, 4, 4, 41, 14, 36, 14, 14, 14, 14, 14, 36, 14, 41, 4, 4, 4, 4, 4, 4, 4, 14, 14, 14, 14, 14, 4, 4, 4, 4, 4, 4, 4, 4, 4, 4, 14, 14, 14, 14, 14, 4, 4, 4, 4, 4, 4, 4, 4, 4, 4, 14, 14, 14, 14, 14, 4, 4, 4, 4, 4, 4, 4, 4, 4, 4, 35, 1, 1, 1, 35, 4, 4, 4, 4, 4, 4, 4, 4, 4, 4, 4, 1, 7, 1, 4, 4, 4, 4, 4, 4, 4, 4, 4, 4, 4, 4, 4, 4, 4, 4, 4, 4, 4, 4, 4, 4, 4, 4, 4, 4, 4, 4, 4, 4, 4, 4, 4, 4, 4, 4
],
   "tiles":"tiles_ice_castle.png",
   "water":"water1.png",
   "entrance":[7,12],
   "exit":[7,1],
   "mobs":[{"kind":"bosses/IceKing","x":7,"y":7}]
}