
 {
   "width":15,
   "height":15,
   "map":[
4, 4, 4, 4, 4, 4, 4, 4, 4, 4, 4, 4, 4, 4, 4, 4, 4, 4, 4, 4, 4, 4, 25, 4, 4, 4, 4, 4, 4, 4, 4, 4, 4, 4, 4, 4, 1, 1, 1, 4, 4, 4, 4, 4, 4, 4, 4, 41, 1, 1, 1, 1, 1, 1, 1, 1, 1, 41, 4, 4, 4, 4, 4, 4, 4, 4, 1, 1, 1, 4, 4, 4, 4, 4, 4, 4, 4, 41, 1, 1, 1, 1, 1, 1, 1, 1, 1, 41, 4, 4, 4, 4, 4, 4, 4, 4, 1, 1, 1, 4, 4, 4, 4, 4, 4, 4, 4, 41, 1, 1, 1, 1, 1, 1, 1, 1, 1, 41, 4, 4, 4, 4, 4, 4, 4, 4, 1, 1, 1, 4, 4, 4, 4, 4, 4, 4, 4, 41, 1, 1, 1, 1, 1, 1, 1, 1, 1, 41, 4, 4, 4, 4, 4, 4, 4, 4, 4, 5, 4, 4, 4, 4, 4, 4, 4, 4, 4, 4, 4, 4, 1, 1, 1, 1, 1, 4, 4, 4, 4, 4, 4, 4, 4, 4, 4, 1, 1, 7, 1, 1, 4, 4, 4, 4, 4, 4, 4, 4, 4, 4, 1, 1, 1, 1, 1, 4, 4, 4, 4, 4, 4, 4, 4, 4, 4, 4, 4, 4, 4, 4, 4, 4, 4, 4, 4
],
   
   "tiles":"tiles_library_level.png",
   "water":"water_library_level.png",
   "entrance":[7,12],
   "exit":[7,1],
   "mobs":[
{"kind":"bosses/GreedKing","x":7,"y":5}
]

}
