
 {
   "width":19,
   "height":10,
   "map":[ 
4, 4, 4, 4, 4, 4, 4, 4, 4, 4, 4, 4, 4, 4, 4, 4, 4, 4, 4,
 4, 1, 1, 1, 1, 1, 1, 1, 7,
1, 1, 1, 1, 1, 1, 1, 1, 1, 4,
 4, 1, 1, 1, 1, 1, 1, 1, 1, 1, 1, 1, 1, 1, 1, 1, 1, 1, 4,
 4, 1, 1, 1, 1, 1, 1, 1, 1, 1, 1, 1, 1, 1, 1, 1, 1, 1, 4,
 4, 1, 1, 1, 1, 1, 1, 1, 1, 1, 1, 1, 1, 1, 1, 1, 1, 1, 4,
 4, 1, 1, 1, 1, 1, 1, 1, 1, 1, 1, 1, 1, 1, 1, 1, 1, 1, 4,
 4, 1, 1, 1, 1, 1, 1, 1, 1, 1, 1, 1, 1, 1, 1, 1, 1, 1, 4,
 4, 1, 1, 1, 1, 1, 1, 1, 1, 1, 1, 1, 1, 1, 1, 1, 1, 1, 4,      4, 1, 1, 1, 1, 1, 1, 1, 25,
1, 1, 1, 1, 1, 1, 1, 1, 1, 4,
4, 4, 4, 4, 4, 4, 4, 4, 4, 4, 4, 4, 4, 4, 4, 4, 4, 4, 4],
   
   "tiles":"tiles_magic_cave.png",
   "water":"water1.png",
   "entrance":[8,1],
   "exit":[8,8],
   "mobs":[{"kind":"bosses/BigCrystalCrab","x":8,"y":6}],
"objects":[
        {
         "kind":"Deco",
         "object_desc":"BrokenDM300",
         "x":7,
         "y":1
        }, 
        {
         "kind":"Deco",
         "object_desc":"BrokenDM300",
         "x":3,
         "y":2
        },
        {
         "kind":"Deco",
         "object_desc":"BrokenDM300",
         "x":11,
         "y":1
        }
      ]

}