
 {
   "width":19,
   "height":10,
   "map":[ 
4, 4, 4, 4, 4, 4, 4, 4, 4, 4, 4, 4, 4, 4, 4, 4, 4, 4, 4,
 4, 1, 1, 1, 1, 1, 1, 1, 7,
1, 1, 1, 1, 1, 1, 1, 1, 1, 4,
 4, 1, 1, 1, 1, 1, 1, 1, 1, 1, 1, 1, 1, 1, 1, 1, 1, 1, 4,
 4, 1, 1, 1, 1, 1, 1, 1, 1, 1, 1, 1, 1, 1, 1, 1, 1, 1, 4,
 4, 1, 1, 1, 1, 1, 1, 1, 1, 1, 1, 1, 1, 1, 1, 1, 1, 1, 4,
 4, 1, 1, 1, 1, 1, 1, 1, 1, 1, 1, 1, 1, 1, 1, 1, 1, 1, 4,
 4, 1, 1, 1, 1, 1, 1, 1, 1, 1, 1, 1, 1, 1, 1, 1, 1, 1, 4,
 4, 1, 1, 1, 1, 1, 1, 1, 1, 1, 1, 1, 1, 1, 1, 1, 1, 1, 4,      4, 1, 1, 1, 1, 1, 1, 1, 25,
1, 1, 1, 1, 1, 1, 1, 1, 1, 4,
4, 4, 4, 4, 4, 4, 4, 4, 4, 4, 4, 4, 4, 4, 4, 4, 4, 4, 4],
   
   "tiles":"tiles_rat_level.png",
   "water":"water1.png",
   "entrance":[8,1],
   "exit":[8,8],
   "mobs":[{"kind":"bosses/RatKing","x":8,"y":6,"loot":{"kind":"SkeletonKey"}}]
}