
 {
   "width":15,
   "height":15,
   "map":[
4, 4, 4, 4, 4, 4, 4, 4, 4, 4, 4, 4, 4, 4, 4, 4, 1, 1, 1, 4, 4, 1, 1, 1, 4, 4, 4, 4, 4, 4, 4, 1, 25, 1, 4, 1, 1, 7, 1, 1, 4, 4, 4, 4, 4, 4, 1, 1, 1, 4, 1, 1, 1, 1, 1, 4, 1, 1, 1, 4, 4, 1, 1, 4, 4, 4, 1, 1, 1, 4, 4, 1, 4, 1, 4, 4, 1, 4, 4, 4, 4, 4, 1, 4, 4, 4, 1, 4, 1, 4, 4, 1, 4, 4, 4, 4, 4, 1, 4, 4, 4, 1, 4, 1, 4, 4, 1, 4, 4, 4, 1, 1, 1, 1, 1, 1, 1, 4, 1, 4, 4, 1, 4, 4, 4, 1, 1, 1, 1, 1, 4, 4, 4, 1, 4, 4, 1, 1, 1, 1, 1, 1, 1, 1, 1, 4, 1, 1, 1, 4, 4, 4, 4, 4, 4, 1, 1, 1, 1, 1, 4, 1, 1, 1, 4, 4, 4, 4, 4, 4, 1, 1, 1, 1, 1, 4, 1, 1, 1, 4, 4, 4, 4, 4, 4, 4, 4, 4, 4, 4, 4, 4, 4, 4, 4, 4, 4, 4, 4, 4, 4, 4, 4, 4, 4, 4, 4, 4, 4, 4, 4, 4, 4, 4, 4, 4, 4, 4, 4, 4, 4, 4, 4, 4, 4
],
   
   "tiles":"tiles_spiders_nest_x.png",
   "water":"water1.png",
   "entrance":[7,2],
   "exit":[2,2],
   "mobs":[
{"kind":"SpiderQueen","x":12,"y":10}
]

}
