
 {
   "width":18,
   "height":8,
   "map":[
1,1,1,1,1,1,1,1,1,1,1,1,1,1,1,1,1,1,
1,1,1,1,1,1,1,1,1,1,1,1,1,1,1,1,1,1,
1,1,1,1,1,1,1,1,1,1,1,1,1,1,1,1,1,1,
1,1,1,1,1,1,1,1,1,1,1,1,1,1,1,1,1,1,
1,1,1,1,1,1,1,1,1,1,1,1,1,1,1,1,1,1,
1,1,1,1,1,1,1,1,1,1,1,1,1,1,1,1,1,1,
1,1,1,1,1,1,1,1,1,1,1,1,1,1,1,1,1,1,
1,1,1,1,1,1,1,1,1,1,1,1,1,1,1,1,1,1

],
   
   "tiles":"tiles_nightmare_level.png",
   "water":"water1.png",
   "entrance":[3,3],
   "exit":[15,5],
   "mobs":[
{"kind":"NightmareAngel","x":1,"y":1},
{"kind":"NightmareAngel","x":16,"y":1},
{"kind":"NightmareAngel","x":1,"y":6},
{"kind":"NightmareAngel","x":16,"y":6},
{"kind":"bosses/Grimm","x":9,"y":4}
]

}
