
 {
   "width":15,
   "height":15,
   "map":[
4, 4, 4, 4, 4, 4, 4, 4, 4, 4, 4, 4, 4, 4, 4, 4, 4, 4, 4, 35, 1, 12, 25, 12, 1, 35, 4, 4, 4, 4, 4, 4, 4, 4, 1, 1, 1, 1, 1, 1, 1, 4, 4, 4, 4, 4, 4, 4, 4, 35, 1, 23, 23, 23, 1, 35, 4, 4, 4, 4, 4, 4, 4, 4, 1, 1, 23, 23, 23, 1, 1, 4, 4, 4, 4, 4, 4, 4, 4, 35, 1, 23, 23, 23, 1, 35, 4, 4, 4, 4, 4, 4, 4, 4, 1, 1, 1, 1, 1, 1, 1, 4, 4, 4, 4, 4, 4, 4, 4, 35, 1, 35, 1, 35, 1, 35, 4, 4, 4, 4, 4, 4, 4, 4, 4, 4, 4, 10, 4, 4, 4, 4, 4, 4, 4, 4, 4, 1, 1, 5, 1, 1, 1, 1, 1, 5, 1, 1, 1, 4, 4, 25, 1, 1, 4, 4, 4, 5, 4, 4, 4, 1, 1, 1, 4, 4, 4, 1, 1, 4, 4, 1, 1, 1, 4, 4, 1, 1, 1, 4, 4, 4, 4, 4, 4, 4, 1, 7, 1, 4, 4, 4, 4, 4, 4, 4, 4, 4, 4, 4, 4, 1, 1, 1, 4, 4, 4, 4, 4, 4, 4, 4, 4, 4, 4, 4, 4, 4, 4, 4, 4, 4, 4, 4, 4
],
   
   "tiles":"tiles1_x.png",
   "water":"water1.png",
   "entrance":[7,12],
   "multiexit":[[7,1],[1,10]],
   "mobs":[
{"kind":"Tengu","x":7,"y":2}
],
"items":[
{"kind":"IronKey","x":12,"y":10}
]

}
