
 {
   "width":15,
   "height":15,
   "map":[
4, 4, 4, 4, 4, 4, 4, 4, 4, 4, 4, 4, 4, 4, 4, 4, 4, 4, 4, 4, 4, 4, 4, 4, 4, 4, 4, 4, 4, 4, 4, 1, 1, 1, 1, 1, 4, 14, 14, 14, 14, 14, 4, 4, 4, 4, 1, 4, 4, 4, 1, 4, 14, 14, 14, 14, 14, 4, 4, 4, 4, 1, 12, 25, 12, 1, 16, 14, 14, 14, 14, 14, 4, 4, 4, 4, 1, 53, 1, 53, 1, 4, 14, 14, 14, 14, 8, 4, 4, 4, 4, 54, 63, 62, 63, 60, 4, 14, 14, 14, 14, 14, 4, 4, 4, 4, 4, 4, 5, 4, 4, 4, 4, 4, 4, 4, 4, 4, 4, 4, 4, 4, 4, 1, 4, 4, 4, 4, 4, 4, 4, 4, 4, 4, 4, 4, 4, 4, 1, 4, 4, 1, 1, 1, 4, 1, 1, 1, 4, 4, 4, 4, 4, 28, 4, 4, 1, 8, 1, 4, 1, 7, 1, 4, 4, 4, 4, 4, 1, 4, 4, 1, 1, 1, 4, 1, 1, 38, 4, 4, 4, 4, 4, 1, 4, 12, 4, 5, 4, 4, 4, 5, 4, 4, 4, 4, 4, 4, 1, 54, 63, 60, 1, 1, 1, 1, 1, 4, 4, 4, 4, 4, 4, 4, 4, 4, 4, 4, 4, 4, 4, 4, 4, 4, 4
],
   
   "tiles":"tiles0_x.png",
   "water":"water1.png",
   "entrance":[11,10],
   "multiexit":[[3,4],[11,5],[7,10]],
   "mobs":[
{"kind":"Goo","x":3,"y":5},
{"kind":"RatKing","x":9,"y":4}
]

}
