{ "entrance":[15, 15],
 "height":30,
 "map":[0, 0, 0, 0, 0, 0, 0, 0, 0, 0, 0, 0, 0, 0, 0, 0, 0, 0, 0, 0, 0, 0, 0, 0, 0, 0, 0, 0, 0, 0, 0, 0, 0, 0, 0, 0, 0, 0, 0, 0, 0, 0, 0, 0, 0, 0, 0, 0, 0, 0, 0, 0, 0, 0, 0, 0, 0, 0, 0, 0, 0, 0, 4, 4, 4, 4, 4, 4, 4, 0, 0, 0, 4, 4, 4, 25, 4, 4, 4, 0, 0, 0, 4, 4, 4, 4, 4, 4, 4, 0, 0, 0, 4, 35, 1, 1, 1, 36, 4, 0, 0, 0, 4, 35, 1, 1, 1, 36, 4, 0, 0, 0, 4, 35, 1, 1, 1, 36, 4, 0, 0, 0, 4, 1, 1, 1, 1, 1, 4, 0, 0, 0, 4, 1, 1, 1, 1, 1, 4, 0, 0, 0, 4, 1, 1, 1, 1, 1, 4, 0, 0, 0, 4, 1, 1, 11, 1, 1, 5, 1, 1, 1, 5, 1, 1, 11, 1, 1, 5, 1, 1, 1, 5, 1, 1, 11, 1, 1, 4, 0, 0, 0, 4, 1, 1, 1, 1, 1, 4, 43, 43, 43, 4, 1, 1, 1, 1, 1, 4, 43, 43, 43, 4, 1, 1, 1, 1, 1, 4, 0, 0, 0, 4, 35, 1, 1, 1, 36, 4, 0, 0, 0, 4, 35, 1, 1, 1, 36, 4, 0, 0, 0, 4, 35, 1, 1, 1, 36, 4, 0, 0, 0, 4, 4, 4, 5, 4, 4, 4, 0, 0, 0, 4, 4, 4, 5, 4, 4, 4, 0, 0, 0, 4, 4, 4, 5, 4, 4, 4, 0, 0, 0, 45, 45, 45, 1, 45, 45, 45, 0, 0, 0, 45, 45, 45, 1, 45, 45, 45, 0, 0, 0, 45, 45, 45, 1, 45, 45, 45, 0, 0, 0, 0, 0, 0, 1, 0, 0, 0, 0, 0, 0, 0, 0, 0, 1, 0, 0, 0, 0, 0, 0, 0, 0, 0, 1, 0, 0, 0, 0, 0, 0, 0, 0, 0, 1, 0, 0, 0, 0, 0, 4, 4, 4, 4, 5, 4, 4, 4, 4, 0, 0, 0, 0, 0, 1, 0, 0, 0, 0, 0, 0, 4, 4, 4, 5, 4, 4, 4, 0, 0, 4, 35, 1, 1, 1, 1, 1, 36, 4, 0, 0, 4, 4, 4, 5, 4, 4, 4, 0, 0, 0, 4, 35, 1, 1, 1, 36, 4, 0, 0, 4, 1, 1, 1, 1, 1, 1, 1, 4, 0, 0, 4, 35, 1, 1, 1, 36, 4, 0, 0, 0, 4, 1, 1, 1, 1, 1, 4, 0, 0, 4, 1, 1, 1, 1, 1, 1, 1, 4, 0, 0, 4, 1, 1, 1, 1, 1, 4, 0, 0, 0, 4, 1, 1, 11, 1, 1, 5, 1, 1, 5, 1, 1, 1, 7, 1, 1, 1, 5, 1, 1, 5, 1, 1, 11, 1, 1, 4, 0, 0, 0, 4, 1, 1, 1, 1, 1, 4, 43, 43, 4, 1, 1, 1, 1, 1, 1, 1, 4, 43, 43, 4, 1, 1, 1, 1, 1, 4, 0, 0, 0, 4, 35, 1, 1, 1, 36, 4, 0, 0, 4, 1, 1, 1, 1, 1, 1, 1, 4, 0, 0, 4, 35, 1, 1, 1, 36, 4, 0, 0, 0, 4, 4, 4, 5, 4, 4, 4, 0, 0, 4, 35, 1, 1, 1, 1, 1, 36, 4, 0, 0, 4, 4, 4, 5, 4, 4, 4, 0, 0, 0, 45, 45, 45, 1, 45, 45, 45, 0, 0, 4, 4, 4, 4, 5, 4, 4, 4, 4, 0, 0, 45, 45, 45, 1, 45, 45, 45, 0, 0, 0, 0, 0, 0, 1, 0, 0, 0, 0, 0, 45, 45, 45, 45, 1, 45, 45, 45, 45, 0, 0, 0, 0, 0, 1, 0, 0, 0, 0, 0, 0, 0, 0, 0, 1, 0, 0, 0, 0, 0, 0, 0, 0, 0, 1, 0, 0, 0, 0, 0, 0, 0, 0, 0, 1, 0, 0, 0, 0, 0, 0, 4, 4, 4, 5, 4, 4, 4, 0, 0, 0, 4, 4, 4, 5, 4, 4, 4, 0, 0, 0, 4, 4, 4, 5, 4, 4, 4, 0, 0, 0, 4, 35, 1, 1, 1, 36, 4, 0, 0, 0, 4, 35, 1, 1, 1, 36, 4, 0, 0, 0, 4, 35, 1, 1, 1, 36, 4, 0, 0, 0, 4, 1, 1, 1, 1, 1, 4, 0, 0, 0, 4, 1, 1, 1, 1, 1, 4, 0, 0, 0, 4, 1, 1, 1, 1, 1, 4, 0, 0, 0, 4, 1, 1, 11, 1, 1, 5, 1, 1, 1, 5, 1, 1, 11, 1, 1, 5, 1, 1, 1, 5, 1, 1, 11, 1, 1, 4, 0, 0, 0, 4, 1, 1, 1, 1, 1, 4, 43, 43, 43, 4, 1, 1, 1, 1, 1, 4, 43, 43, 43, 4, 1, 1, 1, 1, 1, 4, 43, 0, 0, 4, 35, 1, 1, 1, 36, 4, 0, 0, 0, 4, 35, 1, 1, 1, 36, 4, 0, 0, 0, 4, 35, 1, 1, 1, 36, 4, 0, 0, 0, 4, 4, 4, 4, 4, 4, 4, 0, 0, 0, 4, 4, 4, 4, 4, 4, 4, 0, 0, 0, 4, 4, 4, 16, 4, 4, 4, 0, 0, 0, 45, 45, 45, 45, 45, 45, 45, 0, 0, 0, 45, 45, 45, 45, 45, 45, 45, 0, 0, 0, 45, 45, 45, 45, 45, 45, 45, 0],
 "multiexit":[[15, 2]],
 "mobs":[
        {
         "kind":"bosses/NewShadowLord",
         "x":18,
         "y":15
        },
        {
         "kind":"CrystalMod",
         "x":25,
         "y":15
        },
        {
         "kind":"CrystalMod",
         "x":25,
         "y":25
        },
        {
         "kind":"CrystalMod",
         "x":5,
         "y":25
        },
        {
         "kind":"CrystalMod",
         "x":5,
         "y":15
        },
        {
         "kind":"CrystalMod",
         "x":5,
         "y":5
        },
        {
         "kind":"CrystalMod",
         "x":25,
         "y":5
        },
        {
         "kind":"CrystalMod",
         "x":15,
         "y":5
        },
        {
         "kind":"CrystalMod",
         "x":15,
         "y":25
        }

        ],
 "tiles":"tiles_shadow_lord.png",
 "tiles_logic":"tiles_shadow_lord.png",
 "water":"water0.png",
 "width":30
}