{ "entrance":[14, 25],
 "height":30,
 "map":[4, 4, 4, 4, 4, 4, 4, 4, 4, 4, 4, 4, 4, 4, 4, 4, 4, 4, 4, 4, 4, 4, 4, 4, 4, 4, 4, 4, 4, 4, 4, 4, 4, 4, 4, 4, 4, 4, 4, 4, 4, 4, 4, 4, 4, 4, 4, 4, 4, 4, 4, 4, 4, 4, 4, 4, 4, 4, 4, 4, 4, 4, 4, 4, 4, 4, 4, 4, 4, 4, 4, 4, 4, 4, 25, 4, 4, 4, 4, 4, 4, 4, 4, 4, 4, 4, 4, 4, 4, 4, 4, 4, 4, 4, 15, 15, 1, 1, 1, 1, 1, 1, 1, 1, 1, 1, 1, 1, 1, 1, 1, 1, 1, 15, 15, 4, 4, 4, 4, 4, 4, 4, 4, 4, 15, 15, 1, 35, 1, 11, 1, 1, 1, 1, 1, 1, 1, 1, 1, 11, 1, 35, 1, 15, 15, 4, 4, 4, 4, 4, 4, 4, 4, 4, 15, 1, 1, 1, 1, 1, 1, 1, 1, 1, 1, 1, 1, 1, 1, 1, 1, 1, 1, 1, 15, 4, 4, 4, 4, 4, 4, 4, 4, 4, 15, 1, 1, 35, 1, 11, 1, 1, 1, 1, 1, 1, 1, 1, 1, 1, 1, 35, 1, 1, 15, 4, 4, 4, 4, 4, 4, 4, 4, 4, 1, 1, 1, 1, 1, 1, 1, 1, 1, 1, 1, 1, 1, 1, 1, 1, 1, 1, 1, 1, 1, 4, 4, 4, 4, 4, 4, 4, 4, 4, 1, 1, 1, 35, 1, 11, 1, 1, 1, 1, 1, 1, 1, 1, 1, 11, 1, 35, 1, 1, 1, 4, 4, 4, 4, 4, 4, 4, 4, 41, 1, 1, 1, 1, 1, 1, 1, 1, 1, 1, 1, 1, 1, 1, 1, 1, 1, 1, 1, 1, 1, 41, 4, 4, 4, 4, 4, 4, 4, 41, 1, 1, 1, 35, 1, 1, 1, 1, 1, 1, 1, 1, 1, 1, 1, 1, 1, 35, 1, 1, 1, 41, 4, 4, 4, 4, 4, 4, 4, 41, 1, 1, 1, 1, 1, 1, 1, 1, 1, 1, 1, 1, 1, 1, 1, 1, 1, 1, 1, 1, 1, 41, 4, 4, 4, 4, 4, 4, 4, 4, 1, 1, 1, 35, 1, 11, 1, 1, 1, 1, 1, 1, 1, 1, 1, 11, 1, 35, 1, 1, 1, 4, 4, 4, 4, 4, 4, 4, 4, 4, 1, 1, 1, 1, 1, 1, 1, 1, 1, 1, 1, 1, 1, 1, 1, 1, 1, 1, 1, 1, 1, 4, 4, 4, 4, 4, 4, 4, 4, 4, 1, 1, 1, 35, 1, 1, 1, 1, 1, 1, 1, 1, 1, 1, 1, 1, 1, 35, 1, 1, 15, 4, 4, 4, 4, 4, 4, 4, 4, 4, 1, 1, 1, 1, 1, 1, 1, 1, 1, 1, 1, 1, 1, 1, 1, 1, 1, 1, 1, 1, 15, 4, 4, 4, 4, 4, 4, 4, 4, 4, 1, 1, 1, 35, 1, 11, 1, 1, 1, 1, 1, 1, 1, 1, 1, 11, 1, 35, 1, 1, 15, 4, 4, 4, 4, 4, 4, 4, 4, 4, 1, 1, 1, 1, 1, 1, 1, 1, 1, 1, 1, 1, 1, 1, 1, 1, 1, 1, 1, 1, 1, 4, 4, 4, 4, 4, 4, 4, 4, 4, 1, 1, 1, 35, 1, 1, 1, 1, 1, 1, 1, 1, 1, 1, 1, 1, 1, 35, 1, 1, 1, 4, 4, 4, 4, 4, 4, 4, 4, 41, 1, 1, 1, 1, 1, 1, 1, 1, 1, 1, 1, 1, 1, 1, 1, 1, 1, 1, 1, 1, 1, 41, 4, 4, 4, 4, 4, 4, 4, 41, 1, 1, 1, 35, 1, 11, 1, 1, 1, 1, 1, 1, 1, 1, 1, 11, 1, 35, 1, 1, 1, 41, 4, 4, 4, 4, 4, 4, 4, 41, 1, 1, 1, 1, 1, 1, 1, 1, 1, 1, 1, 1, 1, 1, 1, 1, 1, 1, 1, 1, 1, 41, 4, 4, 4, 4, 4, 4, 4, 4, 1, 1, 1, 35, 1, 1, 1, 1, 1, 1, 1, 1, 1, 1, 1, 1, 1, 35, 1, 1, 1, 4, 4, 4, 4, 4, 4, 4, 4, 4, 15, 15, 1, 1, 1, 1, 1, 1, 1, 1, 1, 1, 1, 1, 1, 1, 1, 1, 1, 1, 15, 4, 4, 4, 4, 4, 4, 4, 4, 4, 15, 15, 1, 35, 1, 11, 1, 1, 1, 1, 1, 1, 1, 1, 1, 11, 1, 35, 1, 15, 15, 4, 4, 4, 4, 4, 4, 4, 4, 4, 15, 15, 15, 1, 1, 1, 1, 1, 1, 1, 7, 1, 1, 1, 1, 1, 1, 1, 15, 15, 15, 4, 4, 4, 4, 4, 4, 4, 4, 4, 4, 4, 4, 4, 4, 4, 4, 4, 4, 4, 4, 4, 4, 4, 4, 4, 4, 4, 4, 4, 4, 4, 4, 4, 4, 4, 4, 4, 4, 4, 4, 4, 4, 4, 4, 4, 4, 4, 4, 4, 4, 4, 4, 4, 4, 4, 4, 4, 4, 4, 4, 4, 4, 4, 4, 4, 4, 4, 4, 4, 4, 4, 4, 4, 4, 4, 4, 4, 4, 4, 4, 4, 4, 4, 4, 4, 4, 4, 4, 4, 4, 4, 4, 4, 4, 4, 4, 4, 4, 4, 4, 4, 4, 4, 4, 4, 4, 4, 4, 4, 4, 4, 4, 4, 4, 4, 4, 4, 4, 4, 4, 4, 4, 4, 4, 4],
 "multiexit":[[14, 2]],
 "tiles":"tiles_skeleton.png",
 "tiles_logic":"tiles_skeleton.png",
 "mobs":[
        {
         "kind":"bosses/SkeletonKing",
         "x":15,
         "y":15
        },
        {
         "kind":"SkeletonHand",
         "x":17,
         "y":15
        },
        {
         "kind":"SkeletonHand",
         "x":12,
         "y":15
        }

],
 "water":"water0.png",
 "width":30
}