
 {
   "width":15,
   "height":15,
   "map":[ 
4, 4, 4, 4, 4, 4, 4, 4, 4, 4, 4, 4, 4, 4, 4, 4, 4, 4, 4, 4, 4, 4, 4, 4, 4, 4, 4, 4, 4, 4, 4, 4, 4, 4, 4, 4, 4, 4, 4, 4, 4, 4, 4, 4, 4, 4, 4, 4, 4, 4, 4, 63, 7, 63, 4, 4, 4, 4, 4, 4, 4, 4, 4, 4, 4, 12, 63, 63, 63, 12, 4, 4, 4, 4, 4, 4, 4, 4, 4, 12, 63, 63, 63, 63, 63, 12, 4, 4, 4, 4, 4, 4, 4, 4, 63, 63, 63, 63, 63, 63, 63, 4, 4, 4, 4, 4, 4, 4, 4, 14, 63, 63, 63, 63, 63, 14, 4, 4, 4, 4, 4, 4, 4, 4, 14, 63, 63, 63, 63, 63, 14, 4, 4, 4, 4, 4, 4, 4, 4, 14, 63, 63, 63, 63, 63, 14, 4, 4, 4, 4, 4, 4, 4, 4, 63, 63, 63, 63, 63, 63, 63, 4, 4, 4, 4, 4, 4, 4, 4, 63, 63, 14, 14, 14, 63, 63, 4, 4, 4, 4, 4, 4, 4, 4, 4, 4, 4, 25, 4, 4, 4, 4, 4, 4, 4, 4, 4, 4, 4, 4, 4, 4, 4, 4, 4, 4, 4, 4, 4, 4, 4, 4, 4, 4, 4, 4, 4, 4, 4, 4, 4, 4, 4, 4, 4],
   
   "tiles":"tiles_water_caves.png",
   "water":"water_water_caves.png",
   "entrance":[7,3],
   "exit":[7,12],
   "mobs":[{"kind":"bosses/EpicHydra","x":7,"y":8}]

}