
 {
   "width":15,
   "height":15,
   "map":[ 
4, 4, 4, 4, 4, 4, 4, 4, 4, 4, 4, 4, 4, 4, 4, 4, 4, 4, 4, 4, 4, 4, 4, 4, 4, 4, 4, 4, 4, 4, 4, 4, 4, 4, 4, 4, 4, 4, 4, 4, 4, 4, 4, 4, 4, 4, 4, 4, 4, 4, 4, 63, 7, 63, 4, 4, 4, 4, 4, 4, 4, 4, 4, 4, 4, 12, 63, 63, 63, 12, 4, 4, 4, 4, 4, 4, 4, 4, 4, 12, 63, 63, 63, 63, 63, 12, 4, 4, 4, 4, 4, 4, 4, 4, 63, 63, 63, 63, 63, 63, 63, 4, 4, 4, 4, 4, 4, 4, 4, 14, 63, 63, 63, 63, 63, 14, 4, 4, 4, 4, 4, 4, 4, 4, 14, 63, 63, 63, 63, 63, 14, 4, 4, 4, 4, 4, 4, 4, 4, 14, 63, 63, 63, 63, 63, 14, 4, 4, 4, 4, 4, 4, 4, 4, 63, 63, 63, 63, 63, 63, 63, 4, 4, 4, 4, 4, 4, 4, 4, 63, 63, 14, 14, 14, 63, 63, 4, 4, 4, 4, 4, 4, 4, 4, 4, 4, 4, 25, 4, 4, 4, 4, 4, 4, 4, 4, 4, 4, 4, 4, 4, 4, 4, 4, 4, 4, 4, 4, 4, 4, 4, 4, 4, 4, 4, 4, 4, 4, 4, 4, 4, 4, 4, 4, 4],
   
   "tiles":"tiles_rat_level.png",
   "water":"water1.png",
   "entrance":[8,1],
   "exit":[8,8],
   "mobs":[{"kind":"bosses/RatKing","x":8,"y":6,"loot":{"kind":"SkeletonKey"}}]
}