
 {
"defenseSkill"	: 13,
"attackSkill"	: 10,
"exp"			: 4,
"maxLvl"		: 31,
"dmgMin"		: 15,
"dmgMax"		: 65,
"dr"			: 5,
"baseSpeed"		: 1,
"attackDelay"	: 1,
"ht"			: 500,
"name"			:"Чернильное сердце",
"name_objective":"Сердце",
"description"	:"Огромное чёрное, покрытое слизью, сердце. Оно судорожно тресётся. Это существо крайне омерзительно!",
"gender"		:"masculine",
"spriteDesc"	:"spritesDesc/BlackHeart_Desc.json",
 "scriptFile"	: "scripts/bosses/BlackHeart",
"lootChance"	: 0,
"attackRange"	: 10000,
"walkingType"	: "NORMAL",
"canBePet"		: false,
"flying"		: false,
"friendly"		: false
}
