
 {
"defenseSkill"	: 9,
"attackSkill"	: 15,
"exp"			: 4,
"maxLvl"		: 31,
"dmgMin"		: 80,
"dmgMax"		: 135,
"dr"			: 5,
"baseSpeed"		: 1,
"attackDelay"	: 1,
"ht"			: 3000,
"name"			:"Хаш",
"name_objective":"Хаша",
"description"	:"Огромная синяя пупырка!",
"gender"		:"masculine",
"spriteDesc"	:"spritesDesc/Hash_Desc.json",
 "scriptFile"	: "scripts/bosses/Hash",
"lootChance"	: 0,
"attackRange"	: 10000,
"walkingType"	: "NORMAL",
"canBePet"		: false,
"flying"		: false,
"friendly"		: false
}
