
 {
"defenseSkill"	: 9,
"attackSkill"	: 15,
"exp"			: 4,
"maxLvl"		: 31,
"dmgMin"		: 60,
"dmgMax"		: 80,
"dr"			: 5,
"baseSpeed"		: 1,
"attackDelay"	: 1,
"ht"			: 3500,
"name"			:"Монстр",
"name_objective":"Монстра",
"description"	:"Огромная пасть с клыками, окружёнными вокруг глотки.",
"gender"		:"masculine",
"spriteDesc"	:"spritesDesc/Monstro_Desc.json",
 "scriptFile"	: "scripts/bosses/Monstro",
"lootChance"	: 0,
"attackRange"	: 10000,
"walkingType"	: "NORMAL",
"canBePet"		: false,
"flying"		: false,
"friendly"		: false,
    "immunities": [
      "Paralysis",
      "ToxicGas",
      "Terror",
      "Death",
      "Amok",
      "Blindness",
      "Sleep",
      "Poison",
      "Vertigo",
      "Bleeding"
    ]

}
