
 {
"defenseSkill"	: 7,
"attackSkill"	: 10,
"exp"			: 40,
"maxLvl"		: 31,
"dmgMin"		: 5,
"dmgMax"		: 30,
"dr"			: 5,
"baseSpeed"		: 1,
"attackDelay"	: 0.5,
"ht"			: 300,
"name"			:"Корль воров",
"name_objective":"Короля",
"description"	:"Этот человек полностью прикрыт странным плащём.",
"gender"		:"masculine",
"spriteDesc"	:"spritesDesc/ThiefKing_Desc.json",
 "scriptFile"	: "scripts/bosses/ThiefKing",
"lootChance"	: 0,
"attackRange"	: 500,
"walkingType"	: "NORMAL",
"canBePet"		: false,
"flying"		: false,
"friendly"		: false
}
