
 {
"defenseSkill"	: 13,
"attackSkill"	: 10,
"exp"			: 4,
"maxLvl"		: 31,
"dmgMin"		: 15,
"dmgMax"		: 65,
"dr"			: 5,
"baseSpeed"		: 1,
"attackDelay"	: 1,
"ht"			: 1300,
"name"			:"Треахнит",
"name_objective":"Треахнит",
"description"	:"Огромный одноглазый паук, висящий на потолке с помощью паутины... стоп... это же его ноги!",
"gender"		:"masculine",
"spriteDesc"	:"spritesDesc/Treuhnit_Desc.json",
 "scriptFile"	: "scripts/bosses/Treuhnit",
"lootChance"	: 1,
"attackRange"	: 10000,
"walkingType"	: "NORMAL",
"canBePet"		: false,
"flying"		: false,
"friendly"		: false
}
