﻿{
"width":11,
"height":10,
"map":[ 4, 4, 4, 4, 4, 4, 4, 4, 4, 4, 4,
 4, 1, 1, 1, 1, 1, 1, 1, 1, 1, 4,
 4, 1, 4, 4, 4, 4, 4, 4, 4, 1, 4,
 4, 1, 4, 1, 1, 1, 1, 1, 4, 1, 4,
 4, 1, 4, 1, 4, 4, 4, 1, 4, 1, 4,
 4, 1, 4, 1, 4, 7, 4, 1, 4, 1, 4,
 4, 1, 4, 1, 4, 1, 1, 1, 4, 1, 4,
 4, 1, 4, 1, 4, 4, 4, 4, 4, 1, 4,
 4, 4, 4, 1, 1, 1, 1, 1, 1, 1, 4,
 4, 4, 4, 4, 4, 4, 4, 4, 4, 4, 4
],
"tiles":"tiles1.png",
"water":"water1.png",
"entrance":[1,8],
"multiexit":[[0,0],[5,5]],
"objects":[
{"kind":"ConcreteBlock","x":3,"y":1,"str":10},
{"kind":"ConcreteBlock","x":1,"y":6,"str":10},
{"kind":"ConcreteBlock","x":9,"y":3,"str":10},
{"kind":"ConcreteBlock","x":7,"y":8,"str":10},
{"kind":"ConcreteBlock","x":3,"y":6,"str":10},
{"kind":"ConcreteBlock","x":5,"y":3,"str":10},
{"kind":"ConcreteBlock","x":7,"y":5,"str":10},
{
"kind":"Trap",
"x":5,
"y":5,
"uses":9999,
"trapKind":"scriptFile",
"script":"scripts/traps/pury",
"data":"IronKey"
}
],
"items":[
{"kind":"IronKey","x":5,"y":6,"depth":0,"levelId":"sokoban"}
]
}
