﻿{
"width":16,
"height":20,
"map":[ 4, 4, 4, 4, 4, 4, 4, 4, 4, 4, 4, 4, 4, 4, 4, 4,
 4, 1, 1, 1, 1, 4, 1, 1, 1, 4, 1, 1, 1, 1, 1, 4,
 4, 1, 4, 4, 4, 4, 1, 4, 1, 4, 4, 4, 4, 4, 1, 4,
 4, 1, 1, 1, 1, 1, 1, 4, 1, 1, 1, 1, 1, 1, 1, 4,
 4, 4, 4, 4,16, 4, 4, 4, 4, 4, 4, 4, 4, 4, 4, 4,
 4, 1, 4, 1, 1, 1, 4, 1, 1, 1, 4, 1, 1, 4, 1, 4,
 4, 1, 1, 1, 4, 1, 1, 1, 4, 4, 4, 1, 4, 4, 1, 4,
 4, 4, 4, 1, 4, 4, 1, 4, 4, 4,13, 1, 1, 1, 1, 4,
 4, 1, 1, 1, 1, 1, 1, 1, 4, 4, 4, 1, 4, 1, 4, 4,
 4, 1, 4, 4, 4, 4, 1, 1, 1, 1, 1, 1, 4, 1, 1, 4,
 4, 4, 4, 1, 1, 1, 1, 4, 1, 1, 4, 1, 4, 1, 4, 4,
 4, 4, 4, 4, 4, 4, 4, 4, 4, 1, 4, 4, 4, 1, 1, 4,
 4, 1, 1, 4, 1, 1, 1, 1, 1, 1, 4, 1, 4, 4, 4, 4,
 4, 1, 4, 4, 1, 4, 1, 4, 1, 1, 1, 1, 1, 1, 1, 4,
 4, 1, 1, 1, 1, 4, 1, 1, 1, 4, 1, 4, 1, 4, 1, 4,
 4, 4, 4, 4, 4, 4, 4, 4, 4, 4, 4, 4,16, 4, 4, 4,
 4, 7, 4,13, 1, 1, 1, 1, 1, 4, 1, 1, 1, 1, 1, 4,
 4, 1, 4, 4, 4, 4, 4, 4, 1, 1, 1, 4, 1, 4, 1, 4,
 4, 1, 1,13, 1, 1, 1, 1, 1, 4, 1, 4, 1, 4, 1, 4,
 4, 4, 4, 4, 4, 4, 4, 4, 4, 4, 4, 4, 4, 4, 4, 4
],
"tiles":"tiles1.png",
"water":"water1.png",
"entrance":[1,10],
"multiexit":[[0,0],[1,16]],
"objects":[
{
"kind":"Trap",
"x":1,
"y":16,
"uses":9999,
"trapKind":"scriptFile",
"script":"scripts/traps/pury",
"data":"IronKey"
}
],
"items":[
{"kind":"PotionOfLiquidFlame","x":10,"y":1,"identified":true},
{"kind":"IronKey","x":2,"y":12,"depth":0,"levelId":"maze"}
]
}
