﻿{
"width":10,
"height":10,
"map":[ 4, 4, 4, 4, 4, 4, 4, 4, 4, 4,
 4, 1, 1, 1, 1, 1, 1, 1, 7, 4,
 4, 1, 1,24,24,24, 1, 1, 1, 4,
 4, 1, 1, 1, 1, 1, 1, 1, 1, 4,
 4, 1, 1, 1, 1, 1, 1,24, 1, 4,
 4, 1, 1, 1, 1, 1, 1,24, 1, 4,
 4, 1, 1, 1, 1, 1, 1,24, 1, 4,
 4, 1, 1, 1, 1, 1, 1, 1, 1, 4,
 4, 4, 1, 1, 1, 1, 1, 1, 1, 4,
 4, 4, 4, 4, 4, 4, 4, 4, 4, 4
],
"tiles":"tiles1.png",
"water":"water1.png",
"entrance":[1,8],
"multiexit":[[0,0],[8,1]],
"items":[
{"kind":"IronKey","x":8,"y":7,"depth":0,"levelId":"sokoban"}
],
"objects":[
{"kind":"Trap","x":3,"y":2,"trapKind":"FireTrap","target":{"x":3,"y":2},"activatedByItem":false},
{"kind":"Trap","x":4,"y":2,"trapKind":"FireTrap","target":{"x":4,"y":2},"activatedByItem":false},
{"kind":"Trap","x":5,"y":2,"trapKind":"FireTrap","target":{"x":5,"y":2},"activatedByItem":false},
{"kind":"Trap","x":7,"y":4,"trapKind":"FireTrap","target":{"x":7,"y":4},"activatedByItem":false},
{"kind":"Trap","x":7,"y":5,"trapKind":"FireTrap","target":{"x":7,"y":5},"activatedByItem":false},
{"kind":"Trap","x":7,"y":6,"trapKind":"FireTrap","target":{"x":7,"y":6},"activatedByItem":false},
{"kind":"ConcreteBlock","x":1,"y":1,"str":10},
{"kind":"ConcreteBlock","x":1,"y":4,"str":10},
{"kind":"ConcreteBlock","x":1,"y":6,"str":10},
{"kind":"ConcreteBlock","x":2,"y":5,"str":10},
{"kind":"ConcreteBlock","x":2,"y":6,"str":10},
{"kind":"ConcreteBlock","x":2,"y":7,"str":10},
{"kind":"ConcreteBlock","x":3,"y":1,"str":10},
{"kind":"ConcreteBlock","x":3,"y":3,"str":10},
{"kind":"ConcreteBlock","x":3,"y":4,"str":10},
{"kind":"ConcreteBlock","x":3,"y":5,"str":10},
{"kind":"ConcreteBlock","x":3,"y":7,"str":10},
{"kind":"ConcreteBlock","x":3,"y":8,"str":10},
{"kind":"ConcreteBlock","x":4,"y":1,"str":10},
{"kind":"ConcreteBlock","x":4,"y":3,"str":10},
{"kind":"ConcreteBlock","x":4,"y":4,"str":10},
{"kind":"ConcreteBlock","x":4,"y":6,"str":10},
{"kind":"ConcreteBlock","x":4,"y":7,"str":10},
{"kind":"ConcreteBlock","x":5,"y":1,"str":10},
{"kind":"ConcreteBlock","x":5,"y":3,"str":10},
{"kind":"ConcreteBlock","x":5,"y":5,"str":10},
{"kind":"ConcreteBlock","x":5,"y":6,"str":10},
{"kind":"ConcreteBlock","x":5,"y":8,"str":10},
{"kind":"ConcreteBlock","x":6,"y":1,"str":10},
{"kind":"ConcreteBlock","x":6,"y":4,"str":10},
{"kind":"ConcreteBlock","x":6,"y":5,"str":10},
{"kind":"ConcreteBlock","x":6,"y":6,"str":10},
{"kind":"ConcreteBlock","x":7,"y":1,"str":10},
{"kind":"ConcreteBlock","x":7,"y":2,"str":10},
{"kind":"ConcreteBlock","x":7,"y":3,"str":10},
{"kind":"ConcreteBlock","x":8,"y":4,"str":10},
{"kind":"ConcreteBlock","x":8,"y":5,"str":10},
{"kind":"ConcreteBlock","x":8,"y":6,"str":10},
{"kind":"ConcreteBlock","x":8,"y":8,"str":10},
{
"kind":"Trap",
"x":8,
"y":1,
"uses":9999,
"trapKind":"scriptFile",
"script":"scripts/traps/pury",
"data":"IronKey"
}
]
}
