﻿{ "entrance":[15,11],
 "height":20,
 "map":[4, 4, 4, 4, 4, 4, 4, 4, 4, 4, 4, 4, 4, 4, 4, 4, 4, 4, 4, 4, 4, 1, 1, 1, 4, 4, 4, 4, 4, 1, 1, 4, 4, 4, 4, 4, 1, 1, 1, 4, 4, 1, 1, 1, 16, 1, 1, 1, 16, 1, 1, 16, 1, 1, 1, 16, 1, 1, 1, 4, 4, 1, 1, 1, 4, 4, 4, 4, 4, 1, 1, 4, 4, 4, 4, 4, 1, 1, 1, 4, 4, 4, 16, 4, 4, 20, 1, 1, 4, 1, 1, 4, 1, 1, 20, 4, 4, 16, 4, 4, 4, 4, 1, 4, 20, 1, 4, 1, 1, 1, 1, 1, 1, 4, 1, 20, 4, 1, 4, 4, 4, 4, 1, 4, 1, 4, 4, 4, 4, 4, 4, 4, 4, 4, 4, 1, 4, 1, 4, 4, 4, 4, 1, 4, 1, 1, 4, 0, 0, 0, 0, 0, 0, 0, 4, 1, 4, 1, 4, 4, 4, 4, 16, 4, 4, 1, 4, 0, 4, 4, 4, 4, 4, 0, 4, 1, 4, 16, 4, 4, 4, 1, 1, 1, 1, 1, 4, 0, 4, 0, 0, 0, 4, 0, 4, 1, 1, 1, 1, 4, 4, 1, 1, 1, 1, 1, 4, 0, 4, 7, 4, 0, 4, 0, 4, 1, 1, 1, 1, 4, 4, 4, 16, 4, 4, 1, 4, 0, 4, 4, 4, 0, 4, 1, 4, 4, 4, 16, 4, 4, 4, 4, 1, 4, 1, 1, 4, 0, 0, 0, 0, 0, 4, 1, 4, 4, 4, 1, 4, 4, 4, 4, 1, 4, 1, 4, 4, 4, 4, 4, 4, 4, 4, 1, 1, 4, 4, 1, 4, 4, 4, 4, 1, 4, 20, 1, 4, 1, 1, 1, 4, 4, 4, 4, 1, 4, 4, 1, 4, 4, 4, 4, 16, 4, 4, 20, 1, 1, 4, 1, 1, 1, 1, 1, 1, 4, 4, 16, 4, 4, 4, 1, 1, 1, 4, 4, 4, 4, 4, 1, 1, 4, 4, 4, 4, 4, 1, 1, 1, 4, 4, 1, 1, 1, 16, 1, 1, 1, 16, 1, 1, 16, 1, 1, 1, 16, 1, 1, 1, 4, 4, 1, 1, 1, 4, 4, 4, 4, 4, 1, 1, 4, 4, 4, 4, 4, 1, 1, 1, 4, 4, 4, 4, 4, 4, 4, 4, 4, 4, 4, 4, 4, 4, 4, 4, 4, 4, 4, 4, 4],
 "multiexit":[[0,0],[9,10]],
 "tiles":"tiles1.png",
 "water":"water1.png",
 "width":20,
 "objects":[
{
"kind":"Trap",
"x":9,
"y":10,
"uses":9999,
"trapKind":"scriptFile",
"script":"scripts/traps/pury",
"data":"IronKey"
}
],
 "items":[
{"kind":"PotionOfLevitation","x":2,"y":2,"identified":true},
{"kind":"Dart","x":17,"y":2},
{"kind":"Dart","x":2,"y":17},
{"kind":"IronKey","x":17,"y":17,"depth":0,"levelId":"maze"}
]
}
