﻿{
"width":13,
"height":19,
"map":[ 4, 4, 4, 4, 4, 4, 4, 4, 4, 4, 4, 4, 4,
 4, 0, 0, 0, 0, 0, 0, 0, 0, 0, 0, 0, 4,
 4, 0, 0,14, 0, 1, 0, 0, 4, 0, 0, 0, 4,
 4, 0, 0, 0, 0, 0, 0, 0, 0, 0, 0, 0, 4,
 4, 0, 0, 0, 0, 0, 0, 0, 0, 0, 0, 0, 4,
 4, 0, 0, 1, 0, 0, 0, 0, 1, 0, 0, 0, 4,
 4, 0, 0, 0, 0, 0, 0, 0, 0, 0, 0, 0, 4,
 4, 0, 0, 0, 0, 0, 0, 0, 0, 0, 0, 0, 4,
 4, 0, 0, 1, 0, 0, 0, 1, 0, 0, 0, 0, 4,
 4, 0, 0, 0, 0, 0, 0, 0, 0, 0, 0, 0, 4,
 4, 0, 0, 0, 0, 0, 0, 1, 0, 0, 0, 0, 4,
 4, 0, 0, 1, 0, 0, 0, 4, 0, 0, 4, 0, 4,
 4, 0, 0, 0, 0, 0, 0, 0, 0, 0, 0, 0, 4,
 4, 0, 0, 0, 0, 0, 0, 0, 1, 1, 1, 0, 4,
 4, 0, 1, 1, 1, 0, 0, 0, 1, 1, 1, 0, 4,
 4, 0, 1, 4, 1, 0, 0, 0, 1, 7, 1, 0, 4,
 4, 0, 1, 1, 1, 0, 0, 0, 1, 1, 1, 0, 4,
 4, 0, 0, 0, 0, 0, 0, 0, 0, 0, 0, 0, 4,
 4, 4, 4, 4, 4, 4, 4, 4, 4, 4, 4, 4, 4
],
"tiles":"tiles1.png",
"water":"water1.png",
"entrance":[3,15],
"multiexit":[[12,18],[9,15]],
"items":[
{"kind":"WandOfBlink","x":2,"y":14,"charges":50,"maxCharges":0,"identified":true},
{"kind":"IronKey","levelId":"heavens","depth":0,"x":3,"y":2}
],
"objects":[
{
"kind":"Trap",
"x":9,
"y":15,
"uses":9999,
"trapKind":"scriptFile",
"script":"scripts/traps/pury",
"data":"IronKey",
"secret":true
}
]
}
