﻿{ "entrance":[1,1],
 "height":30,
 "map":[4, 4, 4, 4, 4, 4, 4, 4, 4, 4, 4, 4, 4, 4, 4, 4, 4, 4, 4, 4, 4, 4, 4, 4, 4, 4, 4, 4, 4, 4,
4, 4, 1, 1, 4, 1, 4, 1, 1, 1, 1, 1, 1,  1, 1, 1, 4, 1, 1, 1, 1, 4, 1, 1, 1, 1, 1, 4, 1, 4,
4, 4, 4, 1, 4, 1, 1, 1, 4, 4, 4, 4, 4, 4, 4, 1, 4, 1, 4, 4, 1, 4, 1, 4, 4, 4, 4, 4, 1, 4,
4, 1, 1, 1, 4, 1, 4, 4, 4, 4, 1, 4, 1, 1, 1, 1, 1, 1, 4, 1, 1, 16, 1, 1, 4, 1, 4, 1, 1, 4,
4, 1, 4, 4, 4, 1, 4, 1, 1, 1, 1, 4, 1, 4, 4, 1, 4, 1, 4, 4, 1, 4, 1, 4, 4, 1, 4, 4, 1, 4,
4, 1, 1, 1, 1, 1, 4, 4, 1, 4, 1, 4, 1, 4, 1, 1, 4, 1, 1, 4, 1, 4, 1, 1, 1, 1, 1, 1, 1, 4,
4, 4, 4, 4, 4, 4, 4, 4, 1, 4, 4, 4, 1, 4, 4, 4, 4, 4, 1, 4, 1, 4, 4, 4, 4, 4, 4, 1, 4, 4,
4, 1, 1, 1, 4, 1, 1, 1, 1, 4, 1, 4, 1, 1, 1, 1, 1, 4, 1, 4, 1, 4, 1, 4, 1, 1, 4, 1, 1, 4,
4, 1, 4, 4, 4, 4, 4, 4, 1, 4, 1, 4, 4, 4, 4, 4, 1, 4, 4, 4, 1, 4, 1, 4, 1, 4, 4, 4, 1, 4,
4, 1, 1, 1, 1, 1, 1, 16, 1, 4, 1, 4, 1, 1, 1, 4, 1, 4, 1, 1, 1, 4, 1,  1, 1, 1, 1, 1, 1, 4,
4, 1, 4, 4, 4, 4, 4, 4, 1, 4, 1, 1, 1, 4, 1, 4, 1, 4, 4, 1, 4, 4, 4, 16, 4, 4, 4, 4, 4, 4,
4, 1, 4, 1, 4, 1, 1, 4, 1, 1, 1, 4, 4, 4, 1, 4, 1, 4, 4, 1, 4,16, 4, 1, 4, 4,16, 4,16, 4,
4, 4, 4, 1, 4, 1, 4, 4, 4, 4, 4, 4, 1, 1, 1, 4, 1, 1, 4, 1, 4, 4,16, 4, 4,16, 4,16, 4, 4,
4, 4, 1, 1, 4, 1, 1, 1, 1, 1, 1, 4, 1, 4, 4, 4, 4, 1, 4, 1, 4, 4, 4,16, 4, 4,16, 4, 4, 4,
4, 1, 1, 4, 4, 4, 4, 1, 4, 4, 4, 4, 1, 1, 1, 1, 4, 1, 4, 1, 4,16, 4, 4, 1, 1, 4, 4,16, 4,
4, 1, 4, 4, 1, 1, 1, 1, 4, 1, 1, 4, 4, 4, 4,  1, 4, 4, 4, 1, 4, 4,16, 4, 1, 1, 4,16, 4, 4,
4, 1, 4, 1, 1, 4, 4, 4, 4, 1, 4, 4, 1, 4, 16, 1, 1, 1, 1, 1, 4, 4, 4, 16, 4, 4,16, 4,16, 4,
4, 1, 4, 1, 4, 4, 1, 1, 1, 1, 1, 1, 1, 4, 4, 1, 4, 4, 4, 1, 4, 4,16, 4, 4, 4, 4,16, 4, 4,
4,  1, 4, 1, 1, 1, 1, 4, 1, 4, 4, 4, 4, 4, 4, 1, 4, 1, 4, 1, 4,16, 4, 4, 1, 4,16, 4,16, 4,
4, 1, 4, 1, 4, 4, 4, 4, 1, 1, 1, 1, 1, 1, 1, 1, 4, 1, 1, 1, 4, 4,16, 4, 4,16, 4, 4, 4, 4, 
4, 1, 4, 1, 4, 1, 4, 4, 4, 1, 4, 4, 4, 4, 4, 4, 4, 1, 4, 4, 4, 4, 4, 4, 4, 4, 4, 4, 4, 4,
4, 1, 4, 1, 4, 1, 16, 1, 4, 1, 1, 1, 1, 1, 4, 1, 1, 1, 4, 7, 4, 1, 1, 1, 1, 1, 1, 1, 1, 4,
4, 1, 4, 1, 4, 1, 4, 1, 4, 4, 4, 16, 4, 4, 4, 4, 4, 4, 4, 1, 4, 1, 4, 4, 1, 4, 1, 4, 1, 4,
4, 1, 4, 4, 4, 1, 4, 1, 1, 1, 1, 1, 1, 1, 1, 1, 1, 1, 4, 1, 4, 1, 1, 1, 1, 1, 1, 4, 1, 4,
4, 1, 1, 1, 1, 1, 4, 4, 4, 4, 4, 4, 4, 4, 4, 4, 4, 1, 4, 1, 4, 1, 4, 1, 4, 4, 1, 1, 1, 4,
4, 4, 4, 4, 4, 4, 4, 1, 4, 1, 1, 4, 1, 1, 1, 1, 1, 1, 4, 1, 4, 1, 1, 1, 4, 4, 1, 4, 1, 4,
4, 1, 4, 1, 4, 1, 4, 1, 4, 1, 4, 4, 4, 4, 1, 4, 4, 4, 4, 1, 1, 1, 4, 1, 1, 1, 1, 1, 1, 4,
4, 1, 1, 1, 1, 1, 1, 1, 16, 1, 4, 1, 1, 1, 1, 1, 1, 1, 4, 4, 4, 1, 4, 1, 4, 1, 4, 4, 1, 4,
4, 1, 4, 1, 4, 1, 4, 1, 4, 1, 1, 1, 4,  1, 4, 1, 4, 1, 16, 1, 1, 1, 1, 1, 1, 1, 1, 1, 1, 4,
4, 4, 4, 4, 4, 4, 4, 4, 4, 4, 4, 4, 4, 4, 4, 4, 4, 4, 4, 4, 4, 4, 4, 4, 4, 4, 4, 4, 4, 4],
 "multiexit":[[0,0],[19,21]],
 "tiles":"tiles1.png",
 "water":"water1.png",
 "width":30,
 "items":[
{"kind":"IronKey","x":24,"y":18,"depth":0,"levelId":"maze"}
],
"objects":[
{
"kind":"Trap",
"x":19,
"y":21,
"uses":9999,
"trapKind":"scriptFile",
"script":"scripts/traps/pury",
"data":"IronKey"
}
]
}
