﻿{ "entrance":[1, 8],
 "height":10,
 "map":[
4, 4, 4, 4, 4, 4, 4, 4, 4, 4,
4, 4, 1, 1, 1, 1,14, 1,14, 4,
4, 1, 1, 1, 1, 1, 4, 4, 4, 4,
4, 1, 1, 1, 1, 4, 4, 1, 1, 4,
4, 1, 4,16, 4, 4, 1, 1, 4, 4,
4, 1, 4, 4, 4, 1, 1, 4, 4, 4,
4, 1, 4, 1, 1, 1, 4, 4, 7, 4,
4, 1, 4, 1, 4,16, 4, 4, 1, 4,
4, 4, 4, 1, 1, 1,14, 1, 1, 4,
4, 4, 4, 4, 4, 4, 4, 4, 4, 4],
 "multiexit":[[0,0],[8,6]],
 "tiles":"tiles1.png",
 "water":"water1.png",
 "width":10,
"items":
[
{"kind":"IronKey","x":8,"y":8,"depth":0,"levelId":"fort"}
],
"mobs":
[
{"kind":"S","x":8,"y":1,"aiState":"Sleeping"},
{"kind":"S","x":8,"y":8,"aiState":"Sleeping"}
],
 "objects":
[
 {"kind":"PortalGateSender","x":8,"y":1, "uses":1,
      "target":
      {
        "levelId":"3d",
        "x":8,
        "y":3
      }
},
{"kind":"Trap","x":6,"y":1,"trapKind":"FireTrap","uses":1,"target":{ "x":8,"y":1}},
{"kind":"Trap","x":6,"y":8,"trapKind":"FireTrap","uses":1,"target":{ "x":8,"y":8}},
{
"kind":"Trap",
"x":8,
"y":6,
"uses":9999,
"trapKind":"scriptFile",
"script":"scripts/traps/pury",
"data":"IronKey"
}
]
}
