﻿{ "entrance":[38,1],
 "height":40,
 "map":[4, 4, 4, 4, 4, 4, 4, 4, 4, 4, 4, 4, 4, 4, 4, 4, 4, 4, 4, 4, 4, 4, 4, 4, 4, 4, 4, 4, 4, 4, 4, 4, 4, 4, 4, 4, 4, 4, 4, 4, 4, 1, 4, 1, 1, 1, 1, 1, 4, 1, 1, 1, 1, 1, 4, 1, 1, 1, 1, 1, 1, 1, 4, 1, 1, 1, 4, 1, 4, 1, 1, 1, 1, 1, 1, 1, 1, 1, 4, 4,
4, 16, 4, 1, 4, 4, 4, 1, 4, 1, 4, 1, 4, 4, 4, 1, 4, 4, 4, 4, 4, 1, 4, 1, 4, 4, 4, 1, 4, 1, 4, 4, 4, 4, 4, 1, 4, 4, 4, 4,
4, 1, 1, 1, 4, 1, 4, 1,  1, 1, 4, 1, 1, 1, 4, 1, 1, 1, 4, 1, 1, 1, 1, 1, 4, 1, 4, 1, 4, 1, 4, 1, 1, 1, 1, 1, 4, 1, 1, 4,
4, 4, 4, 4, 4, 1, 4, 4, 4, 4, 4, 4, 4, 1, 4, 1, 4, 4, 4, 4, 4, 4, 4, 4, 4, 1, 4, 1, 4, 1, 4, 4, 4, 1, 4, 4, 4, 16, 4, 4,
4, 1, 1, 1, 1, 1, 4, 1, 1, 1, 1, 1, 4, 1, 1, 1, 1, 1, 1, 1, 4, 1, 1, 1, 1, 1, 1, 1, 1, 1, 4, 1, 4, 1, 1, 1, 1, 1, 1, 4,
4, 1, 4, 4, 4, 1, 4, 1, 4, 1, 4, 4, 4, 4, 4, 4, 4, 4, 4, 1, 4, 4, 4, 4, 4, 4, 4, 1, 4, 1, 4, 1, 4, 4, 4, 1, 4, 4, 4, 4,
4, 1, 1, 1, 4, 1, 1, 1, 4, 1, 1, 1, 4, 1, 1, 1, 1, 1, 4, 1, 1, 1, 1, 1, 1, 1, 1, 1, 4, 1, 1, 1, 4, 1, 4, 1, 1, 1, 1, 4,
4, 4, 4, 4, 4, 4, 4, 4, 4, 4, 4, 1, 4, 4, 4, 1, 4, 1, 4, 4, 4, 4, 4, 4, 4, 4, 4, 4, 4, 4, 4, 4, 4, 1, 4, 4, 4, 4, 1, 4,
4, 1, 1, 1, 4, 1, 1, 1, 1, 1, 16, 1, 1, 1, 4, 1, 4, 1, 4, 1, 4, 1, 4, 1, 4, 1, 4, 1, 4, 1, 1, 1, 4, 1, 1, 1, 1, 1, 1, 4,
4, 4, 4, 1, 4, 4, 4, 4, 4, 1, 4, 4, 4, 1, 4, 4, 4, 1, 4, 1, 4, 1, 4, 1, 4, 1, 4, 1, 4, 4, 4, 1, 4, 1, 4, 4, 4, 4, 4, 4,
4, 1, 4, 1, 1, 1, 1, 1, 1, 1, 1, 1, 4, 1, 1, 1, 1, 1, 4, 1, 1, 1, 1, 1, 1, 1, 1, 1, 4, 1, 4, 1, 1, 1, 4, 1, 1, 1, 1, 4,
4, 1, 4, 1, 4, 4, 4, 1, 4, 4, 4, 4, 4, 4, 4, 4, 4, 1, 4, 16, 4, 4, 4, 1, 4, 1, 4, 1, 4, 1, 4, 1, 4, 4, 4, 1, 4, 4, 4, 4,
4, 1, 4, 1, 4, 1, 1, 1, 1, 1, 4, 1, 1, 1, 1, 1, 4, 1, 1, 1, 1, 1, 4, 1, 4, 1, 4, 1, 1, 1, 4, 1,  1, 1, 1, 1, 4, 1, 1, 4,
4, 1, 4, 4, 4, 1, 4, 4, 4, 1, 4, 1, 4, 1, 4, 4, 4, 4, 4, 1, 4, 1, 4, 4, 4, 1, 4, 4, 4, 4, 4, 4, 4, 1, 4, 4, 4, 1, 4, 4,
4, 1, 1, 1, 4, 1, 1, 1, 4, 1, 4, 1, 4, 1, 1, 1, 1, 1, 1, 1, 4, 1, 1, 1, 4, 1, 4, 1, 1, 1, 4, 1, 4, 1, 1, 1, 1, 1, 1, 4,
4, 1, 4, 1, 4, 1, 4, 1, 4, 4, 4, 4, 4, 4, 4, 4, 4, 1, 4, 4, 4, 4, 4, 4, 4, 1, 4, 4, 4, 1, 4, 1, 4, 4, 4, 4, 4, 1, 4, 4,
4, 1, 4, 1, 1, 1, 4, 1, 1, 1, 16, 1, 1, 1, 1, 1, 4, 1, 4, 1, 1, 1, 1, 1, 4, 1, 4, 1, 1, 1, 1, 1, 1, 1, 1, 1, 4, 1, 1, 4,
4, 4, 4, 4, 4, 4, 4, 4, 4, 1, 4, 4, 4, 4, 4, 1, 4, 4, 4, 4, 4, 1, 4, 1, 4, 4, 4, 1, 4, 1, 4, 4, 4, 1, 4, 4, 4, 4, 1, 4,
4, 1, 1, 1, 1, 1, 1, 1, 1, 1, 4, 1, 1, 1, 4, 1, 1, 1, 4, 1, 1, 1, 4, 1, 1, 1, 1, 1, 4, 1, 1, 1, 4, 1, 4, 1, 1, 1, 1, 4,
4, 1, 4, 4, 4, 4, 4, 4, 4, 1, 4, 1, 4, 4, 4, 1, 4, 1, 4, 1, 4, 4, 4, 4, 4, 4, 4, 4, 4, 4, 4, 1, 4, 4, 4, 1, 4, 4, 4, 4,
4, 1, 4, 1, 1, 1, 1, 1, 4, 1, 4, 1, 1, 1, 4, 1, 4, 1, 4, 1, 1, 1, 1, 1, 1, 1, 4, 1, 1, 1, 4, 1, 1, 1, 1, 1, 4, 1, 1, 4,
4, 1, 4, 4, 4, 1, 4, 4, 4, 4, 4, 16, 4, 1, 4, 4, 4, 1, 4, 4, 4, 4, 4, 4, 4, 1, 4, 1, 4, 4, 4, 4, 4, 4, 4, 4, 4, 1, 4, 4,
4,  1, 4, 1, 4, 1, 1, 1, 1, 1, 4, 1, 4,  1, 4, 1, 1, 1, 4, 1, 1, 1, 4, 1, 1, 1, 1, 1, 1, 1, 1, 1, 1, 1, 1, 1, 1, 1, 1, 4,
4, 1, 4, 1, 4, 4, 4, 1, 4, 4, 4, 4, 4, 1, 4, 1, 4, 4, 4, 1, 4, 4, 4, 4, 4, 4, 4, 4, 4, 4, 4, 4, 4, 1, 4, 4, 4, 4, 4, 4,
4, 1, 1, 1, 1, 1, 4, 1, 1, 1, 4, 1, 1, 1, 1, 1, 1, 1, 1, 1, 1, 1, 4, 1, 1, 1, 1, 1, 1, 1, 4, 1, 4, 1, 4, 1, 1, 1, 1, 4,
4, 1, 4, 4, 4, 1, 4, 1, 4, 4, 4, 4, 4, 4, 4, 4, 4, 4, 4, 4, 4, 1, 4, 1, 4, 4, 4, 4, 4, 1, 4, 1, 4, 1, 4, 4, 4, 1, 4, 4,
4, 1, 4, 1, 1, 1, 4, 1, 1, 1, 1, 1, 4, 1, 1, 1, 1, 1, 4, 1, 1, 1, 4, 1, 1, 1, 1, 1, 4, 1, 4, 1, 4, 1, 1, 1, 1, 1, 1, 4,
4, 16, 4, 1, 4, 1, 4, 1, 4, 1, 4, 1, 4, 4, 4, 1, 4, 4, 4, 1, 4, 4, 4, 4, 4, 4, 4, 1, 4, 1, 4, 1, 4, 4, 4, 4, 4, 1, 4, 4,
4, 1, 4, 1, 4, 1, 4, 1, 4, 1, 4, 1, 1, 1, 1, 1, 4, 1, 4, 1, 1, 1, 4, 1, 4, 1, 1, 1, 4, 1, 1, 1, 1, 1, 16, 1, 1, 1, 1, 4,
4, 4, 4, 1, 4, 4, 4, 4, 4, 1, 4, 4, 4, 4, 4, 4, 4, 1, 4, 4, 4, 1, 4, 1, 4, 1, 4, 4, 4, 1, 4, 1, 4, 4, 4, 1, 4, 4, 4, 4,
4, 7, 4, 1, 1, 1, 4, 1, 1, 1, 4, 1, 1, 1, 1, 1, 1, 1, 4, 1, 1, 1, 4, 1, 1, 1, 1, 1, 4, 1, 4, 1, 4, 1, 4, 1, 4, 1, 1, 4,
4, 0, 4, 4, 4, 1, 4, 1, 4, 4, 4, 1, 4, 4, 4, 4, 4, 1, 4, 1, 4, 4, 4, 4, 4, 4, 4, 1, 4, 1, 4, 1, 4, 1, 4, 1, 4, 1, 4, 4,
4, 1, 16, 1, 1, 1, 4, 1, 1, 1, 4, 1, 4, 1, 1, 1, 4, 1, 1, 1, 16, 1, 1, 1, 1, 1, 4, 1, 4, 1, 4, 1, 4, 1, 1, 1, 4, 1, 1, 4,
4, 4, 4, 1, 4, 4, 4, 4, 4, 1, 4, 1, 4, 1, 4, 4, 4, 4, 4, 1, 4, 4, 4, 4, 4, 1, 4, 1, 4,  1, 4, 4, 4, 1, 4, 4, 4, 4, 1, 4,
4, 1, 1, 1, 4, 1, 1, 1, 1, 1, 1, 1, 1, 1, 4, 1, 1, 1, 1, 1, 4, 1, 1, 1, 4, 1, 1, 1, 4, 1, 1, 1, 4, 1, 1, 1, 4, 1, 1, 4,
4, 1, 4, 4, 4, 4, 4, 4, 4, 1, 4, 4, 4, 4, 4, 1, 4, 1, 4, 4, 4, 1, 4, 1, 4, 16, 4, 16, 4, 4, 4, 4, 4, 4, 4, 1, 4, 1, 4, 4,
4, 1, 1, 1, 1, 1, 1, 1, 4, 1, 4, 1, 1, 1, 4, 1, 4, 1, 4, 1, 1, 1, 4, 1, 1, 1, 4, 1, 1, 1, 4, 1, 4, 1, 1, 1, 1, 1, 4, 4,
4, 1, 4, 1, 4, 1, 4, 1, 1, 1, 1, 1, 4, 1, 4, 1, 4, 1, 4, 1, 4, 1, 4, 1, 4, 1, 4, 1, 4, 1, 4, 1, 1, 1, 4, 1, 4, 1, 1, 4,
4, 4, 4, 4, 4, 4, 4, 4, 4, 4, 4, 4, 4, 4, 4, 4, 4, 4, 4, 4, 4, 4, 4, 4, 4, 4, 4, 4, 4, 4, 4, 4, 4, 4, 4, 4, 4, 4, 4, 4],
 "multiexit":[[0,0],[1,31]],
 "tiles":"tiles1.png",
 "water":"water1.png",
 "width":40,
 "items":[
 {"kind":"PotionOfLevitation","x":29,"y":11},
 {"kind":"PotionOfInvisibility","x":21,"y":38},
 {"kind":"PotionOfInvisibility","x":29,"y":38},
 {"kind":"Dart","x":19,"y":38},
 {"kind":"Dart","x":23,"y":38},
 {"kind":"Dart","x":27,"y":38},
 {"kind":"Dart","x":25,"y":38},
 {"kind":"IronKey","x":1,"y":1,"depth":0,"levelId":"maze"}
],
 "mobs":[
{"kind":"S","x":19,"y":10},
{"kind":"S","x":21,"y":10},
{"kind":"S","x":23,"y":10},
{"kind":"S","x":23,"y":12},
{"kind":"S","x":25,"y":10},
{"kind":"S","x":25,"y":12},
{"kind":"S","x":27,"y":10}
],
"objects":[
{
"kind":"Trap",
"x":1,
"y":31,
"uses":9999,
"trapKind":"scriptFile",
"script":"scripts/traps/pury",
"data":"IronKey"
}
]
}
