{ "entrance":[30, 1],
 "height":32,
 "map":[4, 4, 4, 4, 4, 4, 4, 4, 4, 4, 4, 4, 4, 4, 4, 4, 4, 4, 4, 4, 4, 4, 4, 4, 4, 4, 4, 4, 4, 4, 4, 4, 4, 4, 4, 1, 14, 14, 14, 1, 4, 4, 4, 1, 1, 1, 4, 1, 1, 1, 1, 1, 4, 1, 4, 4, 1, 1, 4, 4, 1, 4, 4, 4, 4, 4, 4, 1, 14, 42, 14, 1, 4, 4, 4, 1, 4, 1, 4, 1, 4, 4, 4, 1, 4, 1, 4, 4, 4, 1, 1, 1, 1, 4, 1, 4, 4, 4, 4, 1, 14, 14, 14, 1, 4, 4, 4, 1, 4, 4, 4, 1, 4, 4, 1, 1, 4, 1, 1, 1, 1, 1, 4, 4, 1, 4, 1, 4, 4, 4, 4, 1, 1, 1, 1, 1, 16, 1, 16, 1, 1, 1, 4, 1, 1, 1, 1, 4, 4, 4, 4, 1, 4, 4, 4, 4, 1, 4, 1, 4, 4, 4, 4, 4, 4, 1, 4, 4, 4, 4, 4, 4, 4, 1, 4, 1, 4, 4, 4, 4, 4, 1, 1, 1, 4, 4, 4, 4, 4, 4, 1, 4, 4, 1, 1, 1, 4, 30, 4, 1, 1, 1, 4, 1, 1, 1, 4, 1, 4, 1, 1, 1, 1, 1, 4, 4, 4, 1, 1, 1, 1, 1, 1, 4, 4, 1, 1, 1, 5, 30, 5, 1, 1, 1, 4, 1, 4, 1, 4, 1, 1, 1, 4, 4, 4, 1, 4, 1, 1, 1, 4, 4, 1, 4, 4, 4, 4, 1, 1, 1, 4, 1, 4, 1, 1, 1, 4, 1, 4, 1, 4, 4, 4, 4, 4, 4, 4, 1, 1, 1, 4, 4, 4, 4, 1, 1, 1, 4, 4, 4, 4, 4, 4, 30, 4, 4, 4, 4, 4, 1, 4, 1, 1, 1, 1, 4, 1, 1, 1, 1, 4, 4, 4, 4, 4, 4, 4, 4, 1, 4, 4, 1, 1, 1, 4, 30, 4, 1, 1, 1, 4, 1, 4, 4, 4, 4, 1, 4, 1, 4, 4, 1, 1, 1, 4, 1, 1, 1, 1, 1, 1, 4, 4, 1, 1, 1, 5, 30, 5, 1, 1, 1, 4, 1, 1, 1, 1, 4, 1, 4, 1, 4, 4, 4, 4, 1, 4, 1, 4, 4, 4, 4, 4, 4, 4, 1, 1, 1, 4, 30, 4, 1, 1, 1, 4, 4, 4, 4, 1, 4, 1, 4, 4, 4, 4, 4, 4, 1, 4, 1, 4, 1, 4, 1, 4, 4, 4, 4, 4, 4, 4, 1, 4, 4, 4, 4, 4, 1, 4, 4, 1, 4, 4, 4, 4, 4, 4, 1, 1, 1, 4, 1, 1, 1, 4, 1, 4, 4, 4, 1, 1, 1, 4, 30, 4, 1, 1, 1, 4, 1, 4, 4, 1, 1, 1, 1, 1, 4, 1, 1, 4, 4, 4, 4, 4, 1, 1, 1, 1, 4, 4, 1, 1, 1, 5, 1, 5, 1, 1, 1, 4, 1, 1, 4, 4, 4, 4, 4, 1, 4, 1, 4, 4, 1, 1, 1, 4, 4, 4, 4, 1, 4, 4, 1, 1, 1, 4, 1, 4, 1, 1, 1, 4, 4, 1, 4, 1, 1, 1, 4, 1, 1, 1, 4, 4, 1, 4, 1, 1, 1, 1, 1, 1, 4, 4, 4, 4, 4, 4, 30, 4, 4, 4, 4, 4, 4, 1, 1, 1, 1, 1, 4, 1, 4, 1, 1, 1, 1, 4, 1, 4, 4, 4, 4, 4, 4, 4, 1, 1, 1, 4, 1, 4, 1, 1, 1, 4, 4, 4, 4, 1, 1, 1, 1, 1, 4, 4, 1, 4, 4, 4, 4, 4, 1, 1, 1, 4, 4, 4, 1, 1, 1, 5, 30, 5, 1, 1, 1, 4, 1, 4, 4, 4, 4, 4, 4, 4, 4, 4, 1, 4, 1, 1, 1, 4, 1, 4, 4, 4, 4, 4, 1, 1, 1, 4, 1, 4, 1, 1, 1, 4, 1, 1, 1, 1, 1, 1, 4, 1, 4, 4, 1, 1, 1, 4, 4, 4, 1, 4, 4, 1, 4, 4, 4, 4, 4, 4, 30, 4, 4, 4, 4, 4, 4, 4, 4, 4, 4, 1, 4, 1, 4, 4, 4, 4, 1, 4, 1, 1, 1, 1, 4, 1, 4, 4, 1, 1, 1, 4, 30, 4, 1, 1, 1, 4, 1, 1, 1, 1, 1, 1, 4, 1, 1, 4, 4, 4, 1, 4, 4, 4, 4, 1, 1, 1, 4, 4, 1, 1, 1, 5, 1, 5, 1, 1, 1, 4, 1, 4, 4, 4, 4, 4, 4, 1, 1, 1, 1, 1, 1, 1, 1, 1, 1, 1, 4, 1, 4, 4, 1, 1, 1, 4, 30, 4, 1, 1, 1, 4, 1, 4, 4, 1, 1, 1, 4, 1, 4, 1, 4, 4, 4, 1, 4, 4, 1, 4, 4, 1, 4, 4, 4, 4, 4, 4, 30, 4, 4, 16, 4, 4, 1, 1, 4, 1, 4, 4, 4, 1, 4, 1, 1, 4, 4, 1, 4, 4, 1, 4, 4, 1, 4, 4, 1, 1, 1, 4, 30, 4, 1, 1, 1, 4, 4, 1, 1, 1, 1, 4, 4, 1, 4, 4, 1, 1, 4, 1, 4, 4, 1, 1, 4, 4, 4, 4, 1, 1, 1, 5, 1, 5, 1, 0, 0, 4, 4, 4, 1, 4, 1, 1, 4, 1, 4, 4, 4, 4, 4, 1, 4, 4, 4, 1, 1, 4, 4, 4, 1, 1, 1, 4, 30, 4, 1, 0, 3, 4, 1, 1, 1, 4, 4, 1, 1, 1, 4, 1, 1, 1, 1, 1, 4, 1, 4, 4, 1, 1, 4, 4, 4, 4, 4, 4, 30, 4, 4, 4, 4, 4, 1, 4, 4, 4, 4, 1, 4, 4, 4, 1, 4, 1, 4, 4, 4, 1, 1, 4, 4, 1, 4, 4, 4, 4, 4, 4, 5, 4, 4, 4, 4, 4, 7, 1, 1, 1, 1, 1, 4, 1, 1, 1, 4, 1, 1, 1, 4, 4, 1, 1, 1, 1, 4, 4, 4, 4, 4, 4, 4, 4, 4, 4, 4, 4, 4, 4, 4, 4, 4, 4, 4, 4, 4, 4, 4, 4, 4, 4, 4, 4, 4, 4, 4, 4, 4],
 "multiexit":[[0,0],[9, 28]],
 "tiles":"tiles1.png",
 "water":"water1.png",
 "width":32, 
 "items":
[
{"kind":"IronKey","x":11,"y":13,"depth":0,"levelId":"maze"}, 
{"kind":"WandOfBlink", "x":5,"y":3,"maxCharge":1,"identified":true}
],
"mobs":
[
{"kind":"S","x":3,"y":7,"aiState":"Sleeping"},
{"kind":"S","x":7,"y":7,"aiState":"Sleeping"},
{"kind":"S","x":7,"y":11,"aiState":"Sleeping"},
{"kind":"S","x":3,"y":15,"aiState":"Sleeping"},
{"kind":"S","x":7,"y":15,"aiState":"Sleeping"},
{"kind":"S","x":3,"y":19,"aiState":"Sleeping"},
{"kind":"S","x":7,"y":19,"aiState":"Sleeping"},
{"kind":"S","x":3,"y":23,"aiState":"Sleeping"},
{"kind":"S","x":3,"y":27,"aiState":"Sleeping"},
{"kind":"S","x":7,"y":27,"aiState":"Sleeping"}
],
 "objects":
[
{
"kind":"Trap",
"x":9,
"y":28,
"uses":9999,
"trapKind":"scriptFile",
"script":"scripts/traps/pury",
"data":"IronKey"
}
]
}