﻿{
"Levels":{
"0":{"kind":"SewerLevel","depth":0,"size":[0,0]},
"profound1":{"kind":"RandomLevel","depth":30,"size":[0,0],"file":"levelsDesc/profoundRandom.json","isSafe":true },
"profound2":{"kind":"RandomLevel","depth":28,"size":[0,0],"file":"levelsDesc/profoundRandom.json","isSafe":true },
"profound3":{"kind":"RandomLevel","depth":26,"size":[0,0],"file":"levelsDesc/profoundRandom.json","isSafe":true },
"profound4":{"kind":"RandomLevel","depth":24,"size":[0,0],"file":"levelsDesc/profoundRandom.json","isSafe":true },
"profound5":{"kind":"RandomLevel","depth":22,"size":[0,0],"file":"levelsDesc/profoundRandom.json","isSafe":true },
"metro1":{"kind":"RandomLevel","depth":20,"size":[0,0],"file":"levelsDesc/metroRandom.json","isSafe":true },
"metro2":{"kind":"RandomLevel","depth":18,"size":[0,0],"file":"levelsDesc/metroRandom.json","isSafe":true },
"metro3":{"kind":"RandomLevel","depth":16,"size":[0,0],"file":"levelsDesc/metroRandom.json","isSafe":true },
"metro4":{"kind":"RandomLevel","depth":14,"size":[0,0],"file":"levelsDesc/metroRandom.json","isSafe":true },
"metro5":{"kind":"RandomLevel","depth":12,"size":[0,0],"file":"levelsDesc/metroRandom.json","isSafe":true },
"cave1":{"kind":"RandomLevel","depth":10,"size":[0,0],"file":"levelsDesc/caveRandom.json","isSafe":true },
"cave2":{"kind":"RandomLevel","depth":8,"size":[0,0],"file":"levelsDesc/caveRandom.json","isSafe":true },
"cave3":{"kind":"RandomLevel","depth":6,"size":[0,0],"file":"levelsDesc/caveRandom.json","isSafe":true },
"cave4":{"kind":"RandomLevel","depth":4,"size":[0,0],"file":"levelsDesc/caveRandom.json","isSafe":true },
"cave5":{"kind":"RandomLevel","depth":2,"size":[0,0],"file":"levelsDesc/caveRandom.json","isSafe":true },
"yog":{"kind":"PredesignedLevel","depth":0,"size":[0,0],"file":"levelsDesc/yog.json","isSafe":true, "noFogOfWar":true , "music":"theme.mp3"},
"yendor":{"kind":"PredesignedLevel","depth":0,"size":[0,0],"file":"levelsDesc/yendor.json","isSafe":true , "music":"theme.mp3"},
"hole":{"kind":"PredesignedLevel","depth":0,"size":[0,0],"file":"levelsDesc/hole.json","isSafe":true, "music":"theme.mp3"},
"holeX":{"kind":"PredesignedLevel","depth":0,"size":[0,0],"file":"levelsDesc/hole.json","isSafe":true},
"reception":{"kind":"PredesignedLevel","depth":0,"size":[0,0],"file":"levelsDesc/reception.json","isSafe":true,"noFogOfWar":true},
"keyroom":{"kind":"PredesignedLevel","depth":0,"size":[0,0],"file":"levelsDesc/keyroom.json","isSafe":true,"noFogOfWar":true},
"1a":{"kind":"PredesignedLevel","depth":1,"size":[0,0],"file":"levelsDesc/1a.json","isSafe":true},
"1b":{"kind":"PredesignedLevel","depth":1,"size":[0,0],"file":"levelsDesc/1b.json","isSafe":true},
"1c":{"kind":"PredesignedLevel","depth":1,"size":[0,0],"file":"levelsDesc/1c.json","isSafe":true},
"1d":{"kind":"PredesignedLevel","depth":1,"size":[0,0],"file":"levelsDesc/1d.json","isSafe":true},
"2a":{"kind":"PredesignedLevel","depth":2,"size":[0,0],"file":"levelsDesc/2a.json","isSafe":true},
"2b":{"kind":"PredesignedLevel","depth":2,"size":[0,0],"file":"levelsDesc/2b.json","isSafe":true},
"2c":{"kind":"PredesignedLevel","depth":2,"size":[0,0],"file":"levelsDesc/2c.json","isSafe":true},
"2d":{"kind":"PredesignedLevel","depth":2,"size":[0,0],"file":"levelsDesc/2d.json","isSafe":true},
"3a":{"kind":"PredesignedLevel","depth":3,"size":[0,0],"file":"levelsDesc/3a.json","isSafe":true},
"3b":{"kind":"PredesignedLevel","depth":3,"size":[0,0],"file":"levelsDesc/3b.json","isSafe":true},
"3c":{"kind":"PredesignedLevel","depth":3,"size":[0,0],"file":"levelsDesc/3c.json","isSafe":true},
"3d":{"kind":"PredesignedLevel","depth":3,"size":[0,0],"file":"levelsDesc/3d.json","isSafe":true},
"4a":{"kind":"PredesignedLevel","depth":4,"size":[0,0],"file":"levelsDesc/4a.json","isSafe":true},
"4b":{"kind":"PredesignedLevel","depth":4,"size":[0,0],"file":"levelsDesc/4b.json","isSafe":true},
"4c":{"kind":"PredesignedLevel","depth":4,"size":[0,0],"file":"levelsDesc/4c.json","isSafe":true},
"4d":{"kind":"PredesignedLevel","depth":4,"size":[0,0],"file":"levelsDesc/4d.json","isSafe":true},
"5a":{"kind":"PredesignedLevel","depth":5,"size":[0,0],"file":"levelsDesc/5a.json","isSafe":true},
"5b":{"kind":"PredesignedLevel","depth":5,"size":[0,0],"file":"levelsDesc/5b.json","isSafe":true},
"5c":{"kind":"PredesignedLevel","depth":5,"size":[0,0],"file":"levelsDesc/5c.json","isSafe":true},
"5d":{"kind":"PredesignedLevel","depth":5,"size":[0,0],"file":"levelsDesc/5d.json","isSafe":true},
"6a":{"kind":"PredesignedLevel","depth":6,"size":[0,0],"file":"levelsDesc/6a.json","isSafe":true},
"6b":{"kind":"PredesignedLevel","depth":6,"size":[0,0],"file":"levelsDesc/6b.json","isSafe":true},
"6c":{"kind":"PredesignedLevel","depth":6,"size":[0,0],"file":"levelsDesc/6c.json","isSafe":true},
"6d":{"kind":"PredesignedLevel","depth":6,"size":[0,0],"file":"levelsDesc/6d.json","isSafe":true},
"7a":{"kind":"PredesignedLevel","depth":7,"size":[0,0],"file":"levelsDesc/7a.json","isSafe":true},
"7b":{"kind":"PredesignedLevel","depth":7,"size":[0,0],"file":"levelsDesc/7b.json","isSafe":true},
"7c":{"kind":"PredesignedLevel","depth":7,"size":[0,0],"file":"levelsDesc/7c.json","isSafe":true},
"7d":{"kind":"PredesignedLevel","depth":7,"size":[0,0],"file":"levelsDesc/7d.json","isSafe":true},
"8a":{"kind":"PredesignedLevel","depth":8,"size":[0,0],"file":"levelsDesc/8a.json","isSafe":true},
"8b":{"kind":"PredesignedLevel","depth":8,"size":[0,0],"file":"levelsDesc/8b.json","isSafe":true},
"8c":{"kind":"PredesignedLevel","depth":8,"size":[0,0],"file":"levelsDesc/8c.json","isSafe":true},
"8d":{"kind":"PredesignedLevel","depth":8,"size":[0,0],"file":"levelsDesc/8d.json","isSafe":true},
"9a":{"kind":"PredesignedLevel","depth":9,"size":[0,0],"file":"levelsDesc/9a.json","isSafe":true},
"9b":{"kind":"PredesignedLevel","depth":9,"size":[0,0],"file":"levelsDesc/9b.json","isSafe":true},
"9c":{"kind":"PredesignedLevel","depth":9,"size":[0,0],"file":"levelsDesc/9c.json","isSafe":true},
"9d":{"kind":"PredesignedLevel","depth":9,"size":[0,0],"file":"levelsDesc/9d.json","isSafe":true},
"10a":{"kind":"PredesignedLevel","depth":10,"size":[0,0],"file":"levelsDesc/10a.json","isSafe":true},
"10b":{"kind":"PredesignedLevel","depth":10,"size":[0,0],"file":"levelsDesc/10b.json","isSafe":true},
"10c":{"kind":"PredesignedLevel","depth":10,"size":[0,0],"file":"levelsDesc/10c.json","isSafe":true},
"10d":{"kind":"PredesignedLevel","depth":10,"size":[0,0],"file":"levelsDesc/10d.json","isSafe":true},
"maze":{"kind":"PredesignedLevel","depth":0,"size":[0,0],"file":"levelsDesc/maze.json","isSafe":true},
"sokoban":{"kind":"PredesignedLevel","depth":0,"size":[0,0],"file":"levelsDesc/sokoban.json","isSafe":true},
"fort":{"kind":"PredesignedLevel","depth":0,"size":[0,0],"file":"levelsDesc/fort.json","isSafe":true},
"heavens":{"kind":"PredesignedLevel","depth":0,"size":[0,0],"file":"levelsDesc/heavens.json","isSafe":true}

},
"Graph":{
"0":[["yog"],[]],
"cave5":[["cave4"],[]],
"cave4":[["cave3"],["cave5"]],
"cave3":[["cave2"],["cave4"]],
"cave2":[["cave1"],["cave3"]],
"cave1":[["metro5"],["cave2"]],
"metro5":[["metro4"],["cave1"]],
"metro4":[["metro3"],["metro5"]],
"metro3":[["metro2"],["metro4"]],
"metro2":[["metro1"],["metro3"]],
"metro1":[["profound5"],["metro2"]],
"profound5":[["profound4"],["metro1"]],
"profound4":[["profound3"],["profound5"]],
"profound3":[["profound2"],["profound4"]],
"profound2":[["profound1"],["profound3"]],
"profound1":[["keyroom"],["profound2"]],
"holeX":[["holeX"],["holeX"]],
"yog":[["yendor"],["0"]],
"yendor":[["reception"],["yog"]],
"reception":[["sokoban","maze","heavens","fort"],["keyroom"]],
"keyroom":[["reception"],["profound1"]],
"maze":[["1b","2b","3b","4b","5b","6b","7b","8b","9b","10b"],["reception"],[2]],
"sokoban":[["1a","2a","3a","4a","5a","6a","7a","8a","9a","10a"],["reception"]],
"fort":[["1d","2d","3d","4d","5d","6d","7d","8d","9d","10d"],["reception"],[4]],
"heavens":[["1c","2c","3c","4c","5c","6c","7c","8c","9c","10c"],["reception"],[3]],
"1a":[["holeX","sokoban"],["sokoban"]],
"1b":[["holeX","maze"],["maze"]],
"1c":[["holeX","heavens"],["heavens"]],
"1d":[["holeX","fort"],["fort"]],
"2a":[["holeX","sokoban"],["sokoban"],[2]],
"2b":[["holeX","maze"],["maze"],[2]],
"2c":[["holeX","heavens"],["heavens"],[2]],
"2d":[["holeX","fort"],["fort"],[2]],
"3a":[["holeX","sokoban"],["sokoban"],[3]],
"3b":[["holeX","maze"],["maze"],[3]],
"3c":[["holeX","heavens"],["heavens"],[3]],
"3d":[["holeX","fort"],["fort"],[3]],
"4a":[["holeX","sokoban"],["sokoban"],[4]],
"4b":[["holeX","maze"],["maze"],[4]],
"4c":[["holeX","heavens"],["heavens"],[4]],
"4d":[["holeX","fort"],["fort"],[4]],
"5a":[["holeX","sokoban"],["sokoban"],[5]],
"5b":[["holeX","maze"],["maze"],[5]],
"5c":[["holeX","heavens"],["heavens"],[5]],
"5d":[["holeX","fort"],["fort"],[5]],
"6a":[["holeX","sokoban"],["sokoban"],[6]],
"6b":[["holeX","maze"],["maze"],[6]],
"6c":[["holeX","heavens"],["heavens"],[6]],
"6d":[["holeX","fort"],["fort"],[6]],
"7a":[["holeX","sokoban"],["sokoban"],[7]],
"7b":[["holeX","maze"],["maze"],[7]],
"7c":[["holeX","heavens"],["heavens"],[7]],
"7d":[["holeX","fort"],["fort"],[7]],
"8a":[["holeX","sokoban"],["sokoban"],[8]],
"8b":[["holeX","maze"],["maze"],[8]],
"8c":[["holeX","heavens"],["heavens"],[8]],
"8d":[["holeX","fort"],["fort"],[8]],
"9a":[["holeX","sokoban"],["sokoban"],[9]],
"9b":[["holeX","maze"],["maze"],[9]],
"9c":[["holeX","heavens"],["heavens"],[9]],
"9d":[["holeX","fort"],["fort"],[9]],
"10a":[["holeX","sokoban"],["sokoban"],[10]],
"10b":[["holeX","maze"],["maze"],[10]],
"10c":[["holeX","heavens"],["heavens"],[10]],
"10d":[["holeX","fort"],["fort"],[10]]
},
"Entrance":"0"
}
