﻿{
"width":23,
"height":23,
"baseTileVar":[2, 2, 2, 2, 2, 2, 2, 2, 2, 2, 2, 2, 2, 2, 2, 2, 2, 2, 2, 2, 2, 2, 2, 2, 2, 2, 2, 2, 2, 2, 2, 2, 2, 4, 5, 6, 2, 2, 2, 2, 2, 2, 2, 2, 2, 2, 2, 2, 2, 2, 2, 2, 2, 2, 2, 0, 12, 8, 18, 1, 2, 2, 2, 2, 2, 2, 2, 2, 2, 2, 2, 2, 2, 2, 2, 2, 0, 19, 19, 12, 8, 18, 19, 19, 1, 2, 2, 2, 2, 2, 2, 2, 2, 2, 2, 2, 2, 0, 19, 19, 19, 19, 12, 8, 18, 19, 19, 19, 19, 1, 2, 2, 2, 2, 2, 2, 2, 2, 2, 0, 19, 19, 19, 19, 19, 12, 8, 18, 19, 19, 19, 19, 19, 1, 2, 2, 2, 2, 2, 2, 2, 2, 19, 19, 19, 19, 19, 19, 12, 8, 18, 19, 19, 19, 19, 19, 19, 2, 2, 2, 2, 2, 2, 2, 0, 19, 19, 19, 19, 19, 19, 12, 8, 18, 19, 19, 19, 19, 19, 19, 1, 2, 2, 2, 2, 2, 2, 19, 19, 19, 19, 19, 19, 19, 12, 8, 18, 19, 19, 19, 19, 19, 19, 19, 2, 2, 2, 2, 2, 0, 19, 19, 19, 19, 19, 19, 23, 24, 8, 27, 21, 19, 19, 19, 19, 19, 19, 1, 2, 2, 2, 3, 10, 10, 10, 10, 10, 10, 10, 24, 8, 8, 8, 27, 10, 10, 10, 10, 10, 10, 10, 3, 2, 2, 2, 8, 8, 8, 8, 8, 8, 8, 8, 8, 8, 8, 8, 8, 8, 8, 8, 8, 8, 8, 2, 2, 2, 3, 14, 14, 14, 14, 14, 14, 14, 25, 8, 8, 8, 26, 14, 14, 14, 14, 14, 14, 14, 3, 2, 2, 2, 16, 19, 19, 19, 19, 19, 19, 20, 25, 8, 26, 22, 19, 19, 19, 19, 19, 19, 17, 2, 2, 2, 2, 2, 19, 19, 19, 19, 19, 19, 19, 12, 8, 18, 19, 19, 19, 19, 19, 19, 19, 2, 2, 2, 2, 2, 2, 16, 19, 19, 19, 19, 19, 19, 12, 8, 18, 19, 19, 19, 19, 19, 19, 17, 2, 2, 2, 2, 2, 2, 2, 19, 19, 19, 19, 19, 19, 12, 8, 18, 19, 19, 19, 19, 19, 19, 2, 2, 2, 2, 2, 2, 2, 2, 16, 19, 19, 19, 19, 19, 12, 8, 18, 19, 19, 19, 19, 19, 17, 2, 2, 2, 2, 2, 2, 2, 2, 2, 16, 19, 19, 19, 19, 12, 8, 18, 19, 19, 19, 19, 17, 2, 2, 2, 2, 2, 2, 2, 2, 2, 2, 2, 2, 16, 19, 19, 12, 8, 18, 19, 19, 17, 2, 2, 2, 2, 2, 2, 2, 2, 2, 2, 2, 2, 2, 2, 2, 2, 16, 12, 8, 18, 17, 2, 2, 2, 2, 2, 2, 2, 2, 2, 2, 2, 2, 2, 2, 2, 2, 2, 2, 2, 2, 15, 2, 2, 2, 2, 2, 2, 2, 2, 2, 2, 2, 2, 2, 2, 2, 2, 2, 2, 2, 2, 2, 2, 2, 2, 2, 2, 2, 2, 2, 2, 2, 2, 2, 2],
 "customTiles":true,
 "decoDesc":["", "", "", "", "", "", "", "", "", "", "", "", "", "", "", "", "", "", "", "", "", "", "", "", "", "", "", "", "", "", "", "", "", "", "", "", "", "", "", "", "", "", "", "", "", "", "", "", "", "", "", "", "", "", "", "", "", "", "", "", "", "", "", "", "", "", "", "", "", "", "", "", "", "", "", "", "", "", "", "", "", "", "", "", "", "", "", "", "", "", "", "", "", "", "", "", "", "", "", "", "", "", "", "", "", "", "", "", "", "", "", "", "", "", "", "", "", "", "", "", "", "", "", "", "", "", "", "", "", "", "", "", "", "", "", "", "", "", "", "", "", "", "", "", "", "", "", "", "", "", "", "", "", "", "", "", "", "", "", "", "", "", "", "", "", "", "", "", "", "", "", "", "", "", "", "", "", "", "", "", "", "", "", "", "", "", "", "", "", "", "", "", "", "", "", "", "", "", "", "", "", "", "", "", "", "", "", "", "", "", "", "", "", "", "", "", "", "", "", "", "", "", "", "", "", "", "", "", "", "", "", "", "", "", "", "", "", "", "", "", "", "", "", "", "", "", "", "", "", "", "", "", "", "", "", ""],
 "decoName":["", "", "", "", "", "", "", "", "", "", "", "", "", "", "", "", "", "", "", "", "", "", "", "", "", "", "", "", "", "", "", "", "", "", "", "", "", "", "", "", "", "", "", "", "", "", "", "", "", "", "", "", "", "", "", "", "", "", "", "", "", "", "", "", "", "", "", "", "", "", "", "", "", "", "", "", "", "", "", "", "", "", "", "", "", "", "", "", "", "", "", "", "", "", "", "", "", "", "", "", "", "", "", "", "", "", "", "", "", "", "", "", "", "", "", "", "", "", "", "", "", "", "", "", "", "", "", "", "", "", "", "", "", "", "", "", "", "", "", "", "", "", "", "", "", "", "", "", "", "", "", "", "", "", "", "", "", "", "", "", "", "", "", "", "", "", "", "", "", "", "", "", "", "", "", "", "", "", "", "", "", "", "", "", "", "", "", "", "", "", "", "", "", "", "", "", "", "", "", "", "", "", "", "", "", "", "", "", "", "", "", "", "", "", "", "", "", "", "", "", "", "", "", "", "", "", "", "", "", "", "", "", "", "", "", "", "", "", "", "", "", "", "", "", "", "", "", "", "", "", "", "", "", "", "", ""],
 "decoTileVar":[2, 2, 2, 2, 2, 2, 2, 2, 2, 2, 2, 2, 2, 2, 2, 2, 2, 2, 2, 2, 2, 2, 2, 2, 2, 2, 2, 2, 2, 2, 2, 2, 2, 4, 5, 6, 2, 2, 2, 2, 2, 2, 2, 2, 2, 2, 2, 2, 2, 2, 2, 2, 2, 2, 2, 0, 12, 8, 18, 1, 2, 2, 2, 2, 2, 2, 2, 2, 2, 2, 2, 2, 2, 2, 2, 2, 0, 19, 19, 12, 8, 18, 19, 19, 1, 2, 2, 2, 2, 2, 2, 2, 2, 2, 2, 2, 2, 0, 19, 19, 19, 19, 12, 8, 18, 19, 19, 19, 19, 1, 2, 2, 2, 2, 2, 2, 2, 2, 2, 0, 19, 19, 19, 19, 19, 12, 8, 18, 19, 19, 19, 19, 19, 1, 2, 2, 2, 2, 2, 2, 2, 2, 19, 19, 19, 19, 19, 19, 12, 8, 18, 19, 19, 19, 19, 19, 19, 2, 2, 2, 2, 2, 2, 2, 0, 19, 19, 19, 19, 19, 19, 12, 8, 18, 19, 19, 19, 19, 19, 19, 1, 2, 2, 2, 2, 2, 2, 19, 19, 19, 19, 19, 19, 19, 12, 8, 18, 19, 19, 19, 19, 19, 19, 19, 2, 2, 2, 2, 2, 0, 19, 19, 19, 19, 19, 19, 23, 24, 8, 27, 21, 19, 19, 19, 19, 19, 19, 1, 2, 2, 2, 3, 10, 10, 10, 10, 10, 10, 10, 24, 8, 8, 8, 27, 10, 10, 10, 10, 10, 10, 10, 3, 2, 2, 2, 8, 8, 8, 8, 8, 8, 8, 8, 8, 8, 8, 8, 8, 8, 8, 8, 8, 8, 8, 2, 2, 2, 3, 14, 14, 14, 14, 14, 14, 14, 25, 8, 8, 8, 26, 14, 14, 14, 14, 14, 14, 14, 3, 2, 2, 2, 16, 19, 19, 19, 19, 19, 19, 20, 25, 8, 26, 22, 19, 19, 19, 19, 19, 19, 17, 2, 2, 2, 2, 2, 19, 19, 19, 19, 19, 19, 19, 12, 8, 18, 19, 19, 19, 19, 19, 19, 19, 2, 2, 2, 2, 2, 2, 16, 19, 19, 19, 19, 19, 19, 12, 8, 18, 19, 19, 19, 19, 19, 19, 17, 2, 2, 2, 2, 2, 2, 2, 19, 19, 19, 19, 19, 19, 12, 8, 18, 19, 19, 19, 19, 19, 19, 2, 2, 2, 2, 2, 2, 2, 2, 16, 19, 19, 19, 19, 19, 12, 8, 18, 19, 19, 19, 19, 19, 17, 2, 2, 2, 2, 2, 2, 2, 2, 2, 16, 19, 19, 19, 19, 12, 8, 18, 19, 19, 19, 19, 17, 2, 2, 2, 2, 2, 2, 2, 2, 2, 2, 2, 2, 16, 19, 19, 12, 8, 18, 19, 19, 17, 2, 2, 2, 2, 2, 2, 2, 2, 2, 2, 2, 2, 2, 2, 2, 2, 16, 12, 8, 18, 17, 2, 2, 2, 2, 2, 2, 2, 2, 2, 2, 2, 2, 2, 2, 2, 2, 2, 2, 2, 2, 15, 2, 2, 2, 2, 2, 2, 2, 2, 2, 2, 2, 2, 2, 2, 2, 2, 2, 2, 2, 2, 2, 2, 2, 2, 2, 2, 2, 2, 2, 2, 2, 2, 2, 2],
 "map":[4, 4, 4, 4, 4, 4, 4, 4, 4, 4, 4, 4, 4, 4, 4, 4, 4, 4, 4, 4, 4, 4, 4, 4, 4, 4, 4, 4, 4, 4, 4, 4, 4, 4, 25, 4, 4, 4, 4, 4, 4, 4, 4, 4, 4, 4, 4, 4, 4, 4, 4, 4, 4, 4, 4, 4, 1, 1, 1, 4, 4, 4, 4, 4, 4, 4, 4, 4, 4, 4, 4, 4, 4, 4, 4, 4, 4, 1, 1, 1, 1, 1, 1, 1, 4, 4, 4, 4, 4, 4, 4, 4, 4, 4, 4, 4, 4, 4, 1, 1, 1, 1, 1, 1, 1, 1, 1, 1, 1, 4, 4, 4, 4, 4, 4, 4, 4, 4, 4, 4, 1, 1, 1, 1, 1, 1, 1, 1, 1, 1, 1, 1, 1, 4, 4, 4, 4, 4, 4, 4, 4, 4, 1, 1, 1, 1, 1, 1, 1, 1, 1, 1, 1, 1, 1, 1, 1, 4, 4, 4, 4, 4, 4, 4, 4, 1, 1, 1, 1, 1, 1, 1, 1, 1, 1, 1, 1, 1, 1, 1, 4, 4, 4, 4, 4, 4, 4, 1, 1, 1, 1, 1, 1, 1, 1, 1, 1, 1, 1, 1, 1, 1, 1, 1, 4, 4, 4, 4, 4, 4, 1, 1, 1, 1, 1, 1, 1, 1, 1, 1, 1, 1, 1, 1, 1, 1, 1, 4, 4, 4, 4, 10, 1, 1, 1, 1, 1, 1, 1, 1, 1, 1, 1, 1, 1, 1, 1, 1, 1, 1, 1, 10, 4, 4, 4, 1, 1, 1, 1, 1, 1, 1, 1, 1, 1, 1, 1, 1, 1, 1, 1, 1, 1, 1, 4, 4, 4, 10, 1, 1, 1, 1, 1, 1, 1, 1, 1, 1, 1, 1, 1, 1, 1, 1, 1, 1, 1, 10, 4, 4, 4, 4, 1, 1, 1, 1, 1, 1, 1, 1, 1, 1, 1, 1, 1, 1, 1, 1, 1, 4, 4, 4, 4, 4, 4, 1, 1, 1, 1, 1, 1, 1, 1, 1, 1, 1, 1, 1, 1, 1, 1, 1, 4, 4, 4, 4, 4, 4, 4, 1, 1, 1, 1, 1, 1, 1, 1, 1, 1, 1, 1, 1, 1, 1, 4, 4, 4, 4, 4, 4, 4, 4, 1, 1, 1, 1, 1, 1, 1, 1, 1, 1, 1, 1, 1, 1, 1, 4, 4, 4, 4, 4, 4, 4, 4, 4, 1, 1, 1, 1, 1, 1, 1, 1, 1, 1, 1, 1, 1, 4, 4, 4, 4, 4, 4, 4, 4, 4, 4, 4, 1, 1, 1, 1, 1, 1, 1, 1, 1, 1, 1, 4, 4, 4, 4, 4, 4, 4, 4, 4, 4, 4, 4, 4, 4, 1, 1, 1, 1, 1, 1, 1, 4, 4, 4, 4, 4, 4, 4, 4, 4, 4, 4, 4, 4, 4, 4, 4, 4, 4, 1, 1, 1, 4, 4, 4, 4, 4, 4, 4, 4, 4, 4, 4, 4, 4, 4, 4, 4, 4, 4, 4, 4, 4, 7, 4, 4, 4, 4, 4, 4, 4, 4, 4, 4, 4, 4, 4, 4, 4, 4, 4, 4, 4, 4, 4, 4, 4, 4, 4, 4, 4, 4, 4, 4, 4, 4, 4, 4],
"tiles":"keyroom.png",
"water":"water0.png",
"entrance":[11,1],
"exit":[11,21],
   "items":[

]
}
