﻿{
"width":3,
"height":32,
"map":[ 4, 4, 4,
 4, 8, 4,
 4,14, 4,
 4,10, 4,
 4, 8, 4,
 4,14, 4,
 4,10, 4,
 4, 8, 4,
 4,14, 4,
 4,10, 4,
 4, 8, 4,
 4,14, 4,
 4,10, 4,
 4, 8, 4,
 4,14, 4,
 4,10, 4,
 4, 8, 4,
 4,14, 4,
 4,10, 4,
 4, 8, 4,
 4,14, 4,
 4,10, 4,
 4, 8, 4,
 4,14, 4,
 4,10, 4,
 4, 8, 4,
 4,14, 4,
 4,10, 4,
 4, 8, 4,
 4,14, 4,
 4,14, 4,
 1,14, 1
],
"tiles":"tiles3.png",
"water":"water4.png",
"entrance":[1,30],
"multiexit":[[1,28],[1,25],[1,22],[1,19],[1,16],[1,13],[1,10],[1,7],[1,4],[1,1]],
"objects":[
{"kind":"Sign","x":1,"y":29,"text":"DepS_Text1"},
{"kind":"Sign","x":1,"y":26,"text":"DepS_Text2"},
{"kind":"Sign","x":1,"y":23,"text":"DepS_Text3"},
{"kind":"Sign","x":1,"y":20,"text":"DepS_Text4"},
{"kind":"Sign","x":1,"y":17,"text":"DepS_Text5"},
{"kind":"Sign","x":1,"y":14,"text":"DepS_Text6"},
{"kind":"Sign","x":1,"y":11,"text":"DepS_Text7"},
{"kind":"Sign","x":1,"y":8,"text":"DepS_Text8"},
{"kind":"Sign","x":1,"y":5,"text":"DepS_Text9"},
{"kind":"Sign","x":1,"y":2,"text":"DepS_Text10"}
]
}
