﻿{
"width":9,
"height":7,
"map":[ 4, 4, 4, 4, 4, 4, 4, 4, 4,
 4, 1, 1, 4, 1, 1, 4, 4, 4,
 4, 1, 1,35, 1, 1, 4, 4, 4,
 4, 4,35, 1,35, 4, 4, 1, 4,
 4, 1, 1,35, 1, 1, 4, 4, 4,
 4, 1, 1, 4, 1, 1, 4, 4, 4,
 4, 4, 4, 4, 4, 4, 4, 4, 4
],
"tiles":"tiles0.png",
"water":"water4.png",
"entrance":[7,3],
"exit":[3,3],
"mobs":[
{"kind":"W","x":2,"y":2},
{"kind":"W","x":2,"y":4},
{"kind":"W","x":4,"y":4},
{"kind":"W","x":4,"y":2}
],
"items":[
{"kind":"Amulet","x":1,"y":3},
{"kind":"Amulet","x":5,"y":3},
{"kind":"Amulet","x":3,"y":1},
{"kind":"Amulet","x":3,"y":5}
]
}
