﻿{
"width":32,
"height":3,
"map":[ 4, 4, 4, 4, 4, 4, 4, 4, 4, 4, 4, 4, 4, 4, 4, 4, 4, 4, 4, 4, 4, 4, 4, 4, 4, 4, 4, 4, 4, 4, 4, 1,
 4, 8,14,10, 8,14,10, 8,14,10, 8,14,10, 8,14,10, 8,14,10, 8,14,10, 8,14,10, 8,14,10, 8,14,14,14,
 4, 4, 4, 4, 4, 4, 4, 4, 4, 4, 4, 4, 4, 4, 4, 4, 4, 4, 4, 4, 4, 4, 4, 4, 4, 4, 4, 4, 4, 4, 4, 1
],
"tiles":"tiles3.png",
"water":"water4.png",
"entrance":[30,1],
"multiexit":[[28,1],[25,1],[22,1],[19,1],[16,1],[13,1],[10,1],[7,1],[4,1],[1,1]],
"objects":[
{"kind":"Sign","x":29,"y":1,"text":"DepS_Text1"},
{"kind":"Sign","x":26,"y":1,"text":"DepS_Text2"},
{"kind":"Sign","x":23,"y":1,"text":"DepS_Text3"},
{"kind":"Sign","x":20,"y":1,"text":"DepS_Text4"},
{"kind":"Sign","x":17,"y":1,"text":"DepS_Text5"},
{"kind":"Sign","x":14,"y":1,"text":"DepS_Text6"},
{"kind":"Sign","x":11,"y":1,"text":"DepS_Text7"},
{"kind":"Sign","x":8,"y":1,"text":"DepS_Text8"},
{"kind":"Sign","x":5,"y":1,"text":"DepS_Text9"},
{"kind":"Sign","x":2,"y":1,"text":"DepS_Text10"}
]
}
