﻿{
"width":7,
"height":24,
"map":[
 2, 2, 2, 2, 2, 2, 2,
 2, 2, 2, 2, 2, 2, 2,
 2, 2, 2, 2, 2, 2, 2,
 2, 2,35,35,35, 2, 2,
 2, 2,35, 2,35, 2, 2,
 2, 2,35,35,35, 2, 2,
 2, 2, 2, 2, 2, 2, 2,
 2, 2, 2, 2, 2, 2, 2,
 2, 2, 2, 2, 2, 2, 2,
 0, 0, 0, 0, 0, 0, 0,
 2, 2, 2, 2, 2, 2, 2,
 2, 2, 2, 2, 2, 2, 2,
 2, 2, 2, 2, 2, 2, 2,
 2, 2, 2, 2, 2, 2, 2,
 2, 2, 2, 2, 2, 2, 2,
 2, 2, 2, 2, 2, 2, 2,
 2, 2, 2, 2, 2, 2, 2,
 2, 2, 2, 2, 2, 2, 2,
 2, 2, 2, 2, 2, 2, 2,
 4, 4, 4, 2, 4, 4, 4,
 1, 1, 4, 2, 4, 1, 1,
 1, 1, 4, 2, 4, 1, 1,
 1, 1, 4, 2, 4, 1, 1,
 1, 1, 4, 1, 4, 1, 1
],
"tiles":"throneroom.png",
"water":"water4.png",
"entrance":[3,22],
"exit":[1,22],
"mobs":[
{"kind":"Yog","x":3,"y":4,"aiState":"WANDERING"}
],
 "items":[
   
   ],
"customTiles":true,
"baseTileVar":[
0, 1, 2, 3, 4, 1, 0,
0, 1, 2, 3, 4, 1, 0,
0, 1, 2, 3, 4, 1, 0,
0, 1, 2, 3, 4, 1, 0,
0, 1, 2, 3, 4, 1, 0,
0, 1, 2, 3, 4, 1, 0,
0, 1, 2, 3, 4, 1, 0,
0, 1, 2, 3, 4, 1, 0,
0, 1, 2, 3, 4, 1, 0,
0, 1, 2, 3, 4, 1, 0,
0, 1, 2, 3, 4, 1, 0,
0, 1, 2, 3, 4, 1, 0,
0, 1, 2, 3, 4, 1, 0,
0, 1, 2, 3, 4, 1, 0,
0, 1, 2, 3, 4, 1, 0,
0, 1, 2, 3, 4, 1, 0,
0, 1, 2, 3, 4, 1, 0,
0, 1, 2, 3, 4, 1, 0,
0, 1, 2, 3, 4, 1, 0,
0, 0, 5, 3, 6, 0, 0,
7, 7, 8, 9,10,7, 7,
11,11,12,13,14,11,11,
11,11,11,13,11,11,11,
11,11,11,13,11,11,11
],
"decoTileVar":[
0, 1, 2, 3, 4, 1, 0,
0, 1, 2, 3, 4, 1, 0,
0, 1, 2, 3, 4, 1, 0,
0, 1, 2, 3, 4, 1, 0,
0, 1, 2, 3, 4, 1, 0,
0, 1, 2, 3, 4, 1, 0,
0, 1, 2, 3, 4, 1, 0,
0, 1, 2, 3, 4, 1, 0,
0, 1, 2, 3, 4, 1, 0,
0, 1, 2, 3, 4, 1, 0,
0, 1, 2, 3, 4, 1, 0,
0, 1, 2, 3, 4, 1, 0,
0, 1, 2, 3, 4, 1, 0,
0, 1, 2, 3, 4, 1, 0,
0, 1, 2, 3, 4, 1, 0,
0, 1, 2, 3, 4, 1, 0,
0, 1, 2, 3, 4, 1, 0,
0, 1, 2, 3, 4, 1, 0,
0, 1, 2, 3, 4, 1, 0,
0, 0, 5, 3, 6, 0, 0,
7, 7, 8, 9,10,7, 7,
11,11,12,13,14,11,11,
11,11,11,13,11,11,11,
11,11,11,13,11,11,11
],
"decoDesc":[
"illusionDesc", "illusionDesc", "illusionDesc", "illusionDesc", "illusionDesc", "illusionDesc", "illusionDesc",
"illusionDesc", "illusionDesc", "illusionDesc", "illusionDesc", "illusionDesc", "illusionDesc", "illusionDesc",
"illusionDesc", "illusionDesc", "illusionDesc", "illusionDesc", "illusionDesc", "illusionDesc", "illusionDesc",
"illusionDesc", "illusionDesc", "illusionDesc", "illusionDesc", "illusionDesc", "illusionDesc", "illusionDesc",
"illusionDesc", "illusionDesc", "illusionDesc", "illusionDesc", "illusionDesc", "illusionDesc", "illusionDesc",
"illusionDesc", "illusionDesc", "illusionDesc", "illusionDesc", "illusionDesc", "illusionDesc", "illusionDesc",
"illusionDesc", "illusionDesc", "illusionDesc", "illusionDesc", "illusionDesc", "illusionDesc", "illusionDesc",
"illusionDesc", "illusionDesc", "illusionDesc", "illusionDesc", "illusionDesc", "illusionDesc", "illusionDesc",
"illusionDesc", "illusionDesc", "illusionDesc", "illusionDesc", "illusionDesc", "illusionDesc", "illusionDesc",
"illusionDesc", "illusionDesc", "illusionDesc", "illusionDesc", "illusionDesc", "illusionDesc", "illusionDesc",
"illusionDesc", "illusionDesc", "illusionDesc", "illusionDesc", "illusionDesc", "illusionDesc", "illusionDesc",
"illusionDesc", "illusionDesc", "illusionDesc", "illusionDesc", "illusionDesc", "illusionDesc", "illusionDesc",
"illusionDesc", "illusionDesc", "illusionDesc", "illusionDesc", "illusionDesc", "illusionDesc", "illusionDesc",
"illusionDesc", "illusionDesc", "illusionDesc", "illusionDesc", "illusionDesc", "illusionDesc", "illusionDesc",
"illusionDesc", "illusionDesc", "illusionDesc", "illusionDesc", "illusionDesc", "illusionDesc", "illusionDesc",
"illusionDesc", "illusionDesc", "illusionDesc", "illusionDesc", "illusionDesc", "illusionDesc", "illusionDesc",
"illusionDesc", "illusionDesc", "illusionDesc", "illusionDesc", "illusionDesc", "illusionDesc", "illusionDesc",
"illusionDesc", "illusionDesc", "illusionDesc", "illusionDesc", "illusionDesc", "illusionDesc", "illusionDesc",
"illusionDesc", "illusionDesc", "illusionDesc", "illusionDesc", "illusionDesc", "illusionDesc", "illusionDesc",
"illusionDesc", "illusionDesc", "illusionDesc", "illusionDesc", "illusionDesc", "illusionDesc", "illusionDesc",
"illusionDesc", "illusionDesc", "illusionDesc", "illusionDesc", "illusionDesc", "illusionDesc", "illusionDesc",
"illusionDesc", "illusionDesc", "illusionDesc", "illusionDesc", "illusionDesc", "illusionDesc", "illusionDesc",
"illusionDesc", "illusionDesc", "illusionDesc", "illusionDesc", "illusionDesc", "illusionDesc", "illusionDesc",
"illusionDesc", "illusionDesc", "illusionDesc", "illusionDesc", "illusionDesc", "illusionDesc", "illusionDesc"
],
"decoName":[
"illusionName", "illusionName", "illusionName", "illusionName", "illusionName", "illusionName", "illusionName",
"illusionName", "illusionName", "illusionName", "illusionName", "illusionName", "illusionName", "illusionName",
"illusionName", "illusionName", "illusionName", "illusionName", "illusionName", "illusionName", "illusionName",
"illusionName", "illusionName", "illusionName", "illusionName", "illusionName", "illusionName", "illusionName",
"illusionName", "illusionName", "illusionName", "illusionName", "illusionName", "illusionName", "illusionName",
"illusionName", "illusionName", "illusionName", "illusionName", "illusionName", "illusionName", "illusionName",
"illusionName", "illusionName", "illusionName", "illusionName", "illusionName", "illusionName", "illusionName",
"illusionName", "illusionName", "illusionName", "illusionName", "illusionName", "illusionName", "illusionName",
"illusionName", "illusionName", "illusionName", "illusionName", "illusionName", "illusionName", "illusionName",
"illusionName", "illusionName", "illusionName", "illusionName", "illusionName", "illusionName", "illusionName",
"illusionName", "illusionName", "illusionName", "illusionName", "illusionName", "illusionName", "illusionName",
"illusionName", "illusionName", "illusionName", "illusionName", "illusionName", "illusionName", "illusionName",
"illusionName", "illusionName", "illusionName", "illusionName", "illusionName", "illusionName", "illusionName",
"illusionName", "illusionName", "illusionName", "illusionName", "illusionName", "illusionName", "illusionName",
"illusionName", "illusionName", "illusionName", "illusionName", "illusionName", "illusionName", "illusionName",
"illusionName", "illusionName", "illusionName", "illusionName", "illusionName", "illusionName", "illusionName",
"illusionName", "illusionName", "illusionName", "illusionName", "illusionName", "illusionName", "illusionName",
"illusionName", "illusionName", "illusionName", "illusionName", "illusionName", "illusionName", "illusionName",
"illusionName", "illusionName", "illusionName", "illusionName", "illusionName", "illusionName", "illusionName",
"illusionName", "illusionName", "illusionName", "illusionName", "illusionName", "illusionName", "illusionName", 
"illusionName", "illusionName", "illusionName", "illusionName", "illusionName", "illusionName",
"illusionName",
"illusionName", "illusionName", "illusionName", "illusionName", "illusionName", "illusionName", "illusionName",
"illusionName", "illusionName", "illusionName", "illusionName", "illusionName", "illusionName", "illusionName",
"illusionName", "illusionName", "illusionName", "illusionName", "illusionName", "illusionName", "illusionName"
],
"objects":[
{"kind":"Trap","trapKind":"FireTrap","x":3,"y":19,"target":{"x":3,"y":22},"secret":true}
]
}
