﻿{
   "width":20,
   "height":20,
   "map":[ 4, 4, 4, 4, 4, 4, 4, 4, 4, 4, 4, 4, 4, 4, 4, 4, 4, 4, 1, 4,
           4, 1, 1, 1, 4, 4, 4, 4, 4, 4, 4, 4, 4, 4, 4, 4, 4, 4, 1, 4,
           4, 1, 1, 1, 5, 1, 1, 1, 1, 1, 1, 1, 1, 1, 1, 1, 4, 4, 1, 4,
           4, 1, 1, 1, 4, 4, 4, 4, 4, 4, 4, 1, 4, 4, 4, 1, 4, 4, 1, 4,
           4, 4, 5, 4, 4, 4, 1, 4, 4, 4, 4, 1, 1, 4, 4, 1, 1, 4, 1, 4,
           4, 4, 1, 4, 1, 1, 1, 1, 1, 1, 1, 1, 4, 4, 4, 4, 1, 4, 1, 4,
           4, 1, 1, 1, 1, 4, 1, 4, 1, 1, 1, 1, 1, 1, 1, 4, 1, 4, 1, 4,
           4, 1, 4, 4, 1, 4, 1, 1, 1, 1, 1, 1, 1, 1, 4, 4, 1, 4, 1, 4,
           4, 1, 4, 4, 1, 4, 1, 1, 1, 1, 1, 1, 1, 1, 1, 1, 1, 4, 1, 4,
           4, 1, 4, 4, 1, 1, 1, 1, 1, 1, 1, 1, 1, 1, 1, 1, 4, 4, 1, 4,
           4, 1, 4, 1, 1, 1, 1, 1, 1, 1, 1, 1, 1, 1, 1, 1, 1, 1, 1, 4,
           4, 1, 4, 4, 4, 1, 1, 1, 1, 1, 1, 1, 1, 1, 1, 1, 4, 4, 1, 4,
           4, 1, 1, 1, 1, 1, 1, 1, 1, 1, 1, 1, 1, 1, 1, 1, 4, 4, 1, 4,
           4, 4, 1, 4, 4, 4, 1, 1, 1, 1, 1, 1, 1, 1, 4, 1, 1, 1, 1, 4,
           4, 4, 1, 1, 1, 4, 1, 4, 1, 1, 1, 1, 1, 1, 4, 4, 4, 1, 4, 4,
           4, 4, 4, 4, 4, 4, 1, 4, 4,35,35,35, 4, 1, 4, 4, 4, 5, 4, 4,
           4, 1, 1, 1, 4, 4, 1, 4, 4, 4, 4, 4, 4, 1, 4, 4, 1, 1, 1, 4,
           4, 1, 8, 1, 5, 1, 1, 4, 4, 4, 4, 4, 4, 1, 1, 5, 1, 1, 1, 4,
           4, 1, 1, 1, 4, 4, 4, 4, 1, 1, 1, 1, 1, 1, 4, 4, 1, 1, 1, 4,
           4, 4, 4, 4, 4, 4, 4, 4, 4, 4, 4, 4, 4, 4, 4, 4, 4, 4, 4, 4
   ],
   "tiles":"tiles2.png",
   "water":"water4.png",
   "entrance":[2,17],
   "exit":[18,1],
   "objects" = [
   
   ],
   "items" = [
   
  ],
"mobs" = [
{"kind":"PlagueDoctorNPC","x":10,"y":10},
{"kind":"antonyPROJECTOR","x":10,"y":16,"aiState":"PASSIVE"}
]
   }
