{ "baseTileVar":[8, 9, 8, 8, 8, 8, 10, 10, 8, 9, 10, 9, 10, 8, 8, 10, 8, 8, 10, 9, 1, 1, 1, 1, 1, 1, 1, 1, 1, 1, 1, 1, 1, 1, 10, 10, 9, 8, 16, 18, 18, 16, 17, 18, 18, 18, 17, 17, 17, 16, 18, 17, 9, 8, 8, 8, 18, 17, 18, 18, 17, 17, 16, 16, 17, 17, 17, 17, 17, 17, 9, 9, 10, 10, 17, 18, 16, 17, 16, 18, 16, 18, 16, 16, 17, 18, 18, 17, 8, 9, 8, 9, 16, 17, 18, 17, 16, 18, 17, 18, 1, 1, 1, 1, 1, 1, 8, 9, 9, 9, 16, 17, 16, 17, 17, 17, 18, 16, 17, 17, 18, 16, 17, 17, 8, 10, 8, 8, 17, 18, 18, 18, 16, 16, 18, 17, 16, 18, 17, 18, 18, 17, 9, 9, 8, 9, 17, 18, 18, 17, 17, 18, 16, 17, 18, 16, 18, 16, 17, 16, 9, 8, 10, 9, 17, 16, 16, 17, 16, 16, 16, 16, 17, 17, 18, 17, 18, 16, 9, 9, 8, 9, 9, 8, 10, 9, 8, 9, 10, 9, 9, 9, 8, 9, 8, 9, 8, 9],
 "customTiles":true,
 "deco2TileVar":[-1, 4, -1, -1, -1, -1, -1, -1, -1, -1, -1, -1, -1, -1, -1, -1, 5, -1, -1, 20, 70, -1, -1, 71, 68, -1, -1, -1, -1, -1, 69, -1, -1, 53, 21, -1, -1, 22, 86, -1, -1, 87, 84, -1, -1, -1, -1, -1, 85, -1, -1, 53, 23, -1, -1, 6, -1, -1, 130, -1, -1, -1, 128, -1, -1, -1, -1, -1, -1, -1, 7, -1, -1, 22, -1, -1, -1, -1, -1, -1, -1, -1, -1, -1, -1, -1, -1, -1, 7, -1, -1, 22, -1, -1, 131, -1, -1, -1, -1, -1, -1, -1, -1, -1, -1, -1, 7, -1, -1, 6, -1, -1, -1, -1, -1, -1, -1, -1, -1, -1, -1, -1, -1, -1, 23, -1, -1, 22, -1, 130, -1, -1, -1, -1, 129, -1, -1, -1, -1, -1, -1, -1, 7, -1, -1, 38, -1, -1, -1, -1, -1, -1, -1, -1, -1, -1, -1, -1, -1, -1, 39, -1, -1, 36, -1, -1, -1, -1, -1, -1, -1, -1, -1, -1, -1, -1, -1, -1, 37, -1, -1, -1, -1, -1, -1, -1, -1, -1, -1, -1, -1, -1, -1, -1, -1, -1, -1, -1],
 "decoDesc":["town_deco_wall_desc", "town_deco_wall_desc", "town_deco_wall_desc", "town_deco_wall_desc", "town_deco_wall_desc", "town_deco_wall_desc", "town_deco_wall_desc", "town_deco_wall_desc", "town_deco_snow_desc", "town_deco_snow_desc", "town_deco_snow_desc", "town_deco_carpet_desc", "town_deco_carpet_desc", "town_deco_carpet_desc", "", "", "1", "1", "1", "town_deco_wall_desc", "town_deco_wall_desc", "town_deco_wall_desc", "town_deco_wall_desc", "town_deco_wall_desc", "town_deco_carpet_desc", "town_deco_carpet_desc", "town_deco_carpet_desc", "town_deco_carpet_desc", "town_deco_carpet_desc", "town_deco_carpet_desc", "", "", "town_deco_blue_carpet_name", "town_deco_blue_carpet_name", "town_deco_blue_carpet_name", "town_deco_wall_desc", "town_deco_wall_desc", "town_deco_wall_desc", "town_deco_wall_desc", "town_deco_wall_desc", "town_deco_carpet_desc", "town_deco_carpet_desc", "town_deco_carpet_desc", "town_deco_carpet_desc", "town_deco_carpet_desc", "town_deco_carpet_desc", "", "", "town_deco_blue_carpet_name", "town_deco_blue_carpet_name", "town_deco_blue_carpet_name", "town_deco_carpet_desc", "town_deco_window_desc", "town_deco_wooden_stairs_desc", "town_deco_common_door_desc", "town_deco_carpet_desc", "town_deco_clock_desc", "town_deco_carpet_desc", "town_deco_carpet_desc", "town_deco_carpet_desc", "town_deco_carpet_desc", "town_deco_carpet_desc", "", "", "town_deco_blue_carpet_name", "town_deco_blue_carpet_name", "town_deco_blue_carpet_name", "town_deco_carpet_desc", "City_TileDescBookshelf", "town_deco_chimney_desc", "City_TileDescBookshelf", "City_TileDescBookshelf", "town_deco_clock_desc", "town_deco_carpet_desc", "town_deco_carpet_desc", "town_deco_carpet_desc", "town_deco_carpet_desc", "town_deco_carpet_desc", "", "", "town_deco_common_door_desc", "town_deco_common_door_desc", "town_deco_common_door_desc", "1", "City_TileDescBookshelf", "town_deco_stove_desc", "City_TileDescBookshelf", "City_TileDescBookshelf", "town_deco_screen_desc", "town_deco_screen_desc", "town_deco_carpet_desc", "town_deco_screen_desc", "town_deco_carpet_desc", "town_deco_carpet_desc", "", "", "town_deco_common_bed_desc", "town_deco_wooden_chair_desc", "town_deco_wooden_chair_desc", "town_deco_covered_table_desc", "town_deco_wooden_table_desc", "town_deco_wooden_table_desc", "town_deco_keysboard_desc", "town_deco_keysboard_desc", "town_deco_screen_desc", "town_deco_screen_desc", "town_deco_screen_desc", "town_deco_screen_desc", "town_deco_carpet_desc", "town_deco_carpet_desc", "", "", "town_deco_common_bed_desc", "town_deco_wooden_chair_desc", "town_deco_wooden_chair_desc", "town_deco_purple_covered_table_desc", "town_deco_wooden_chair_desc", "town_deco_magic_ball_desc", "town_deco_bar_desc", "town_deco_flowerinthepot_desc", "town_deco_carpet_desc", "town_deco_carpet_desc", "town_deco_carpet_desc", "town_deco_carpet_desc", "town_deco_sofa_desc", "town_deco_sofa_desc", "", "", "town_deco_book_desc", "town_deco_book_desc", "town_deco_book_desc", "town_deco_book_desc", "town_deco_journal_desc", "town_deco_flowerinthepot_desc", "town_deco_bar_desc", "town_deco_barrel_desc", "town_deco_carpet_desc", "town_deco_carpet_desc", "town_deco_carpet_desc", "town_deco_carpet_desc", "1", "town_deco_carpet_desc", "", "", "town_deco_counter_desc", "town_deco_counter_desc", "town_deco_counter_desc", "town_deco_counter_desc", "town_deco_counter_desc", "town_deco_wooden_bench_desc", "town_deco_wooden_bench_desc", "1", "1", "1", "1", "1", "1", "1", "1", "", "town_deco_counter_desc", "town_deco_counter_desc", "town_deco_counter_desc", "town_deco_counter_desc", "town_deco_counter_desc", "1", "1", "1", "1", "1", "1", "1", "1", "1", "1", "", "1", "1", "1", "1", "1", "1", "1", "1", "1", "1", "1", "1", "1", "1", "1", "", "1", "1", "1", "1", "1", "1", "1", "1", "1", "1", "1", "1", "1", "1", "1", "", "1", "1", "1", "1", "1", "1", "1", "1", "1", "1", "1", "1", "1", "1", "1", "", "1", "1", "1", "1", "1", "1", "1", "1", "1", "1", "1", "1", "1", "1", "1", "", "", "", "", "", "", "", "", "", "", "", "", "", "", "", "", ""],
 "decoName":["town_deco_wall_name", "town_deco_wall_name", "town_deco_wall_name", "town_deco_wall_name", "town_deco_wall_name", "town_deco_wall_name", "town_deco_wall_name", "town_deco_wall_name", "town_deco_snow_name", "town_deco_snow_name", "town_deco_snow_name", "town_deco_carpet_name", "town_deco_carpet_name", "town_deco_carpet_name", "", "", "1", "1", "1", "town_deco_wall_name", "town_deco_wall_name", "town_deco_wall_name", "town_deco_wall_name", "town_deco_wall_name", "town_deco_carpet_name", "town_deco_carpet_name", "town_deco_carpet_name", "town_deco_carpet_name", "town_deco_carpet_name", "town_deco_carpet_name", "", "", "town_deco_blue_carpet_name", "town_deco_blue_carpet_name", "town_deco_blue_carpet_name", "town_deco_wall_name", "town_deco_wall_name", "town_deco_wall_name", "town_deco_wall_name", "town_deco_wall_name", "town_deco_carpet_name", "town_deco_carpet_name", "town_deco_carpet_name", "town_deco_carpet_name", "town_deco_carpet_name", "town_deco_carpet_name", "", "", "town_deco_blue_carpet_name", "town_deco_blue_carpet_name", "town_deco_blue_carpet_name", "town_deco_carpet_name", "town_deco_window_name", "town_deco_wooden_stairs_name", "town_deco_common_door_name", "town_deco_carpet_name", "town_deco_clock_name", "town_deco_carpet_name", "town_deco_carpet_name", "town_deco_carpet_name", "town_deco_carpet_name", "town_deco_carpet_name", "", "", "town_deco_blue_carpet_name", "town_deco_blue_carpet_name", "town_deco_blue_carpet_name", "town_deco_carpet_name", "Level_TileBookshelf", "town_deco_chimney_name", "Level_TileBookshelf", "Level_TileBookshelf", "town_deco_clock_name", "town_deco_carpet_name", "town_deco_carpet_name", "town_deco_carpet_name", "town_deco_carpet_name", "town_deco_carpet_name", "", "", "town_deco_common_door_name", "town_deco_common_door_name", "town_deco_common_door_name", "1", "Level_TileBookshelf", "town_deco_stove_name", "Level_TileBookshelf", "Level_TileBookshelf", "town_deco_screen_name", "town_deco_screen_name", "town_deco_carpet_name", "town_deco_screen_name", "town_deco_carpet_name", "town_deco_carpet_name", "", "", "town_deco_common_bed_name", "town_deco_wooden_chair_name", "town_deco_wooden_chair_name", "town_deco_covered_table_name", "town_deco_wooden_table_name", "town_deco_wooden_table_name", "town_deco_keysboard_name", "town_deco_keysboard_name", "town_deco_screen_name", "town_deco_screen_name", "town_deco_screen_name", "town_deco_screen_name", "town_deco_carpet_name", "town_deco_carpet_name", "", "", "town_deco_common_bed_name", "town_deco_wooden_chair_name", "town_deco_wooden_chair_name", "town_deco_purple_covered_table_name", "town_deco_wooden_chair_name", "town_deco_magic_ball_name", "town_deco_bar_desc", "town_deco_flowerinthepot_name", "town_deco_carpet_name", "town_deco_carpet_name", "town_deco_carpet_name", "town_deco_carpet_name", "town_deco_sofa_name", "town_deco_sofa_name", "", "", "town_deco_book_name", "town_deco_book_name", "town_deco_book_name", "town_deco_book_name", "town_deco_journal_name", "town_deco_flowerinthepot_name", "town_deco_bar_desc", "town_deco_barrel_name", "town_deco_carpet_name", "town_deco_carpet_name", "town_deco_carpet_name", "town_deco_carpet_name", "1", "town_deco_carpet_name", "", "", "town_deco_counter_name", "town_deco_counter_name", "town_deco_counter_name", "town_deco_counter_name", "town_deco_counter_name", "town_deco_wooden_bench_name", "town_deco_wooden_bench_name", "1", "1", "1", "1", "1", "1", "1", "1", "", "town_deco_counter_name", "town_deco_counter_name", "town_deco_counter_name", "town_deco_counter_name", "town_deco_counter_name", "1", "1", "1", "1", "1", "1", "1", "1", "1", "1", "", "1", "1", "1", "1", "1", "1", "1", "1", "1", "1", "1", "1", "1", "1", "1", "", "1", "1", "1", "1", "1", "1", "1", "1", "1", "1", "1", "1", "1", "1", "1", "", "1", "1", "1", "1", "1", "1", "1", "1", "1", "1", "1", "1", "1", "1", "1", "", "1", "1", "1", "1", "1", "1", "1", "1", "1", "1", "1", "1", "1", "1", "1", "", "", "", "", "", "", "", "", "", "", "", "", "", "", "", "", ""],
 "decoTileVar":[-1, -1, -1, -1, -1, -1, -1, -1, -1, -1, -1, -1, -1, -1, -1, -1, -1, -1, -1, -1, -1, 52, -1, -1, -1, 52, -1, -1, 52, -1, -1, -1, 52, -1, -1, -1, -1, -1, -1, -1, -1, -1, -1, -1, -1, -1, -1, -1, -1, -1, -1, -1, -1, -1, -1, -1, -1, 100, 101, -1, -1, 100, 101, -1, -1, -1, -1, -1, -1, -1, -1, -1, -1, -1, -1, -1, -1, -1, -1, -1, -1, -1, 3, -1, -1, -1, -1, -1, -1, -1, -1, -1, -1, 100, 101, -1, -1, 100, 101, -1, 19, -1, -1, 82, -1, -1, -1, -1, -1, -1, -1, 116, 116, -1, -1, 116, 116, -1, 19, -1, -1, -1, -1, -1, -1, -1, -1, -1, -1, 100, 101, -1, -1, 100, 101, -1, 19, -1, -1, -1, -1, -1, -1, -1, -1, -1, -1, 116, 116, -1, -1, 116, 116, -1, 19, -1, -1, -1, -1, -1, -1, -1, -1, -1, -1, -1, -1, -1, -1, -1, -1, -1, 35, -1, -1, -1, -1, -1, -1, -1, -1, -1, -1, -1, -1, -1, -1, -1, -1, -1, -1, -1, -1, -1, -1, -1, -1, -1],
 "entrance":[13, 9],
 "height":11,
 "map":[4, 4, 4, 4, 4, 4, 4, 4, 4, 4, 4, 4, 4, 4, 4, 4, 4, 4, 4, 4, 4, 4, 4, 4, 4, 4, 4, 4, 4, 4, 4, 4, 4, 1, 4, 4, 4, 4, 1, 4, 4, 1, 1, 4, 4, 1, 1, 1, 1, 1, 1, 1, 4, 4, 4, 4, 1, 4, 4, 1, 1, 4, 4, 1, 1, 1, 1, 1, 1, 1, 4, 4, 4, 4, 1, 1, 1, 1, 1, 1, 1, 1, 1, 1, 1, 1, 1, 1, 4, 4, 4, 4, 1, 4, 4, 1, 1, 4, 4, 1, 4, 4, 4, 5, 4, 4, 4, 4, 4, 4, 1, 4, 4, 1, 1, 4, 4, 1, 4, 1, 1, 1, 1, 1, 4, 4, 4, 4, 1, 4, 4, 1, 1, 4, 4, 1, 4, 1, 1, 1, 1, 1, 4, 4, 4, 4, 1, 4, 4, 1, 1, 4, 4, 1, 4, 1, 1, 1, 1, 1, 4, 4, 4, 4, 1, 1, 1, 1, 1, 1, 1, 1, 4, 1, 1, 7, 1, 1, 4, 4, 4, 4, 4, 4, 4, 4, 4, 4, 4, 4, 4, 4, 4, 4, 4, 4, 4, 4],
 "mobs":[
        {
         "kind":"LibrarianNPC",
         "x":5,
         "y":4
        }, 
        {
         "kind":"WandChopNPC",
         "x":15,
         "y":6
        }],
 "multiexit":[],
 "roofBaseTileVar":[-1, -1, -1, -1, -1, -1, -1, -1, -1, -1, -1, -1, -1, -1, -1, -1, -1, -1, -1, -1, -1, -1, -1, -1, -1, -1, -1, -1, -1, -1, -1, -1, -1, -1, -1, -1, -1, -1, -1, -1, -1, -1, -1, -1, -1, -1, -1, -1, -1, -1, -1, -1, -1, -1, -1, -1, -1, -1, -1, -1, -1, -1, -1, -1, -1, -1, -1, -1, -1, -1, -1, -1, -1, -1, -1, -1, -1, -1, -1, -1, -1, -1, -1, -1, -1, -1, -1, -1, -1, -1, -1, -1, -1, -1, -1, -1, -1, -1, -1, -1, -1, -1, -1, -1, -1, -1, -1, -1, -1, -1, -1, -1, -1, -1, -1, -1, -1, -1, -1, -1, -1, -1, -1, -1, -1, -1, -1, -1, -1, -1, -1, -1, -1, -1, -1, -1, -1, -1, -1, -1, -1, -1, -1, -1, -1, -1, -1, -1, -1, -1, -1, -1, -1, -1, -1, -1, -1, -1, -1, -1, -1, -1, -1, -1, 1, 1, 1, 1, 1, 1, 1, 1, 1, 1, 1, 1, 1, 1, -1, -1, -1, -1, -1, -1, -1, -1, -1, -1, -1, -1, -1, -1, -1, -1, -1, -1, -1, -1],
 "roofDecoTileVar":[-1, -1, -1, -1, -1, -1, -1, -1, -1, -1, -1, -1, -1, -1, -1, -1, -1, -1, -1, -1, -1, -1, -1, -1, -1, -1, -1, -1, -1, -1, -1, -1, -1, -1, -1, -1, -1, -1, -1, -1, -1, -1, -1, -1, -1, -1, -1, -1, -1, -1, -1, -1, -1, -1, -1, -1, -1, -1, -1, -1, -1, -1, -1, -1, -1, -1, -1, -1, -1, -1, -1, -1, -1, -1, -1, -1, -1, -1, -1, -1, -1, -1, -1, -1, -1, -1, -1, -1, -1, -1, -1, -1, -1, -1, -1, -1, -1, -1, -1, -1, -1, -1, -1, -1, -1, -1, -1, -1, -1, -1, -1, -1, -1, -1, -1, -1, -1, -1, -1, -1, -1, -1, -1, -1, -1, -1, -1, -1, -1, -1, -1, -1, -1, -1, -1, -1, -1, -1, -1, -1, -1, -1, -1, -1, -1, -1, -1, -1, -1, -1, -1, -1, -1, -1, -1, -1, -1, -1, -1, -1, -1, -1, -1, -1, -1, 52, -1, -1, 52, -1, -1, 52, 35, -1, -1, 81, -1, -1, -1, -1, -1, -1, -1, -1, -1, -1, -1, -1, -1, -1, -1, -1, -1, -1, -1, -1, -1, -1],
 "tiles":"tiles_town_inside.png",
 "tiles_base":"tiles_town_inside.png",
 "tiles_deco":"tiles_town_inside.png",
 "tiles_deco2":"tiles_town_inside.png",
 "tiles_logic":"tiles0.png",
 "tiles_mobs":"Mobs.png",
 "tiles_objects":"Objects.png",
 "tiles_roof_base":"tiles_town_inside.png",
 "tiles_roof_deco":"tiles_town_inside.png",
 "water":"water0.png",
 "width":18
}