﻿{
"width":12,
"height":12,
"map":[ 4, 4, 4, 4, 4, 4, 4, 4, 4, 4, 4, 4,
 4, 0, 0, 1, 0, 4, 1, 0, 0, 1, 7, 4,
 4, 1, 4, 4, 0, 4, 0, 4, 4, 4, 4, 4,
 4, 0, 4, 4, 1, 4, 0, 4, 4, 4, 4, 4,
 4, 1, 4, 4, 0, 4,14, 0, 0, 1, 1, 4,
 4, 1, 4, 4, 1, 4, 0, 4, 4, 4, 0, 4,
 4, 0, 4, 4, 1, 4, 0, 4, 4, 4, 0, 4,
 4, 1, 4, 4, 0, 4, 0, 4, 4, 4, 1, 4,
 4, 1, 4, 4, 1, 0, 1, 4, 4, 4, 0, 4,
 4, 1, 4, 4, 0, 4, 0, 4, 4, 4, 0, 4,
 4, 4, 4, 4, 0, 4, 1, 0, 0, 1, 1, 4,
 4, 4, 4, 4, 4, 4, 4, 4, 4, 4, 4, 4
],
"tiles":"tiles1.png",
"water":"water1.png",
"entrance":[1,10],
"multiexit":[[8,7],[10,1]],
"items":[
{"kind":"WandOfBlink","x":1,"y":8,"charges":50,"maxCharges":0,"identified":true},
{"kind":"IronKey","x":6,"y":4,"levelId":"heavens","depth":0}
],
"objects":[
{
"kind":"Trap",
"x":10,
"y":1,
"uses":9999,
"trapKind":"scriptFile",
"script":"scripts/traps/pury",
"data":"IronKey",
"secret":true
}
]
}
