﻿{
"width":7,
"height":12,
"map":[ 4, 4, 4, 4, 4, 4, 4,
 4, 4, 4, 4, 4, 4, 4,
 4, 4, 4, 1, 4, 4, 4,
 4, 1, 1, 1, 1, 1, 4,
 4, 1, 4, 4, 4, 1, 4,
 4, 1, 4, 4, 4, 1, 4,
 4, 1, 4, 4, 4, 1, 4,
 4, 1, 1, 1, 1, 1, 4,
 4, 4, 4, 1, 4, 4, 4,
 4, 4, 4, 1, 4, 4, 4,
 4, 4, 4, 7, 4, 4, 4,
 4, 4, 4, 4, 4, 4, 4
],
"tiles":"tiles1.png",
"water":"water1.png",
"entrance":[3,1],
"multiexit":[[0,0],[3,10]],
"objects":[
{
"kind":"Trap",
"x":3,
"y":10,
"uses":9999,
"trapKind":"scriptFile",
"script":"scripts/traps/pury",
"data":"IronKey"
}
],
"mobs":[
{"kind":"S","x":3,"y":10}
],
"items":[
{"kind":"IronKey","levelId":"fort","depth":0,"x":3,"y":2}
]
}
