﻿{
"width":9,
"height":13,
"map":[ 4, 4, 4, 4, 4, 4, 4, 4, 4,
 4, 4, 1, 1, 1, 1, 4, 4, 4,
 4, 4, 4, 4, 4, 5, 4, 1, 4,
 4, 4, 4, 4, 4,30,30, 1, 4,
 4, 1, 1, 1, 4, 1,30, 1, 4,
 4, 1, 7, 1, 4, 1,30, 1, 4,
 4, 1, 1, 1, 4, 1,30, 1, 4,
 4, 4,16, 4, 4, 1,30, 1, 4,
 4, 4,16, 4, 4, 1,30, 1, 4,
 4, 4,16, 4, 4, 1,30, 1, 4,
 4, 4, 1, 1, 1, 1,30, 1, 4,
 4, 4, 4, 4, 4, 1,31, 1, 4,
 4, 4, 4, 4, 4, 4, 4, 4, 4
],
"tiles":"tiles1.png",
"water":"water1.png",
"entrance":[1,1],
"multiexit":[[0,0],[2,5]],
"objects":[
{
"kind":"Trap",
"x":2,
"y":5,
"uses":9999,
"trapKind":"scriptFile",
"script":"scripts/traps/pury",
"data":"IronKey"
}
],
"mobs":[
{"kind":"S","x":7,"y":2}
],
"items":[
{"kind":"IronKey","levelId":"fort","depth":0,"x":5,"y":1}
]
}
