﻿{
"width":17,
"height":7,
"map":[ 4, 4, 4, 4, 4, 4, 4, 4, 4, 4, 4, 4, 4, 4, 4, 4, 4,
 4, 4, 4, 4, 4, 4, 4, 4, 1, 4, 4, 4, 4, 4, 4,14, 4,
 4, 4, 4, 4, 4, 4, 4, 4,14, 4, 4, 4, 4, 4, 4, 4, 4,
 4, 4, 4, 4, 4, 4, 4, 1, 1, 1, 4, 4, 4, 4, 4, 4, 4,
 4, 4, 4, 4, 4, 16, 1, 1, 1, 1, 1, 4, 4, 4, 4, 4, 4,
 4, 7,13,24, 1, 1, 1, 1, 1, 1, 1, 1, 5, 0, 1,24, 4,
 4, 4, 4, 4, 4, 4, 4, 4, 4, 4, 4, 4, 4, 4, 4, 4, 4
],
"tiles":"tiles1.png",
"water":"water1.png",
"entrance":[15,2],
"multiexit":[[0,0],[1,5]],
"items":[
{"kind":"IronKey","x":8,"y":2,"depth":0,"levelId":"sokoban"},
{"kind":"WandOfTelekinesis","x":3,"y":5,"charges":1,"level":10,"maxCharges":0,"identified":true}
],
"objects":[
{"kind":"Trap","x":15,"y":5,"trapKind":"FireTrap","target":{"x":2,"y":5},"activatedByItem":falce},
{"kind":"Trap","x":3,"y":5,"trapKind":"SummoningTrap","target":{"x":8,"y":1},"activatedByItem":falce},
{"kind":"ConcreteBlock","x":8,"y":2,"str":10},
{"kind":"ConcreteBlock","x":9,"y":3,"str":10},
{"kind":"ConcreteBlock","x":6,"y":4,"str":10},
{"kind":"ConcreteBlock","x":7,"y":4,"str":10},
{"kind":"ConcreteBlock","x":8,"y":4,"str":10},
{"kind":"ConcreteBlock","x":9,"y":4,"str":10},
{"kind":"ConcreteBlock","x":7,"y":5,"str":10},
{"kind":"ConcreteBlock","x":9,"y":5,"str":10},
{"kind":"Barrel","x":14,"y":5},
{"kind":"PortalGateSender","x":15,"y":1, "uses":1,
      "target":
      {
        "levelId":"3a",
        "x":8,
        "y":5
      }
},
{
"kind":"Trap",
"x":1,
"y":5,
"uses":9999,
"trapKind":"scriptFile",
"script":"scripts/traps/pury",
"data":"IronKey"
}
]
}
