﻿{
"width":9,
"height":10,
"map":[ 4, 4, 4, 4, 4, 4, 4, 4, 4,
 4, 4, 1, 1, 1, 0, 0, 0, 4,
 4, 4, 4, 4, 4, 0, 4, 0, 4,
 4, 0, 1, 1, 1, 1, 4, 0, 4,
 4, 0, 4, 4, 4, 4, 4, 0, 4,
 4, 1, 1, 1, 1, 0, 4, 0, 4,
 4, 4, 4, 4, 4, 0, 4, 0, 4,
 4, 1, 1, 1, 4, 1, 4, 0, 4,
 4, 7, 4, 1, 1, 1, 4,14, 4,
 4, 4, 4, 4, 4, 4, 4, 4, 4
],
"tiles":"tiles1.png",
"water":"water1.png",
"entrance":[1,1],
"multiexit":[[0,0],[1,8]],
"items":[
{"kind":"WandOfBlink","x":2,"y":1,"charges":50,"maxCharges":0,"identified":true},
{"kind":"IronKey","levelId":"heavens","depth":0,"x":7,"y":8},
{"kind":"PotionOfLevitation","x":3,"y":7}
],
"objects":[
{
"kind":"Trap",
"x":1,
"y":8,
"uses":9999,
"trapKind":"scriptFile",
"script":"scripts/traps/pury",
"data":"IronKey"
}
]
}
