﻿{ "entrance":[1, 18],
 "height":20,
 "map":[4, 4, 4, 4, 4, 4, 4, 4, 4, 4, 4, 4, 4, 4, 4, 4, 4, 4, 4, 4,
4,14, 0, 0, 1, 4, 0, 4, 1, 0, 4, 0, 0, 4, 4, 1, 0, 4, 0, 4,
4, 0, 0, 4, 0, 0, 0, 0, 4, 4, 0, 1, 4, 0, 4, 0, 0, 0, 1, 4,
4, 4, 0, 4, 0, 1, 0, 4, 4, 4, 4, 4, 0, 0, 0, 4, 0, 4, 0, 4,
4, 0, 1, 4, 0, 0, 0, 4, 0, 1, 0, 4, 4, 4, 1, 4, 4, 0, 4, 4,
4, 4, 0, 4, 4, 0, 0, 1, 4, 0, 0, 0, 4, 4, 0, 4, 4, 1, 0, 4,
4, 0, 4, 0, 1, 0, 4, 4, 4, 4, 0, 1, 4, 0, 4, 4, 0, 4, 0, 4,
4, 1, 0, 4, 4, 4, 0, 4, 4, 4, 0, 4, 4, 0, 0, 4, 0, 4, 4, 4,
4, 0, 0, 4, 4, 0, 4, 0, 0, 1, 4, 0, 0, 4, 4, 1, 0, 0,24, 4,
4, 0, 4, 4, 0, 0, 1, 0, 4, 0, 0, 4, 0, 4, 0, 4, 0, 4, 0, 4,
4, 4, 0, 1, 0, 4, 0, 0, 4, 4, 4, 4, 4, 4, 0, 4, 0, 0, 0, 4,
4, 4, 0,16, 0, 0, 0, 4, 4, 0, 1, 0, 4, 0, 4, 4, 0, 0, 1, 4,
4, 0, 4, 0, 4, 0, 4, 4, 1, 4, 0, 0, 0, 4, 0, 0, 4, 0, 4, 4,
4, 4, 0, 0, 4, 0, 0, 0, 0, 4, 0, 0, 4, 0, 4, 0, 4, 0, 4, 4,
4, 4, 4, 1, 0, 1, 4, 4, 4, 0, 1, 0, 4, 4, 0, 0, 1, 0, 0, 4,
4, 0, 0, 0, 4, 4, 0, 4, 0, 0, 0, 4, 0, 1, 0, 4, 4, 0, 0, 4,
4, 1, 4, 4, 4, 4, 4, 4, 4, 4, 4, 4, 4, 4, 4, 4, 4, 4, 0, 4,
4, 1, 0, 0, 0, 4, 4, 1, 0, 0, 0, 4, 4, 1, 0, 0, 0, 4, 4, 4,
4, 4, 0, 4, 1, 0, 0, 0, 4, 4, 1, 0, 0, 0, 4, 4, 1, 1, 7, 4,
4, 4, 4, 4, 4, 4, 4, 4, 4, 4, 4, 4, 4, 4, 4, 4, 4, 4, 4, 4],
 "multiexit":[[0,0],[18,18]],
 "tiles":"tiles1.png",
 "water":"water1.png",
 "width":20,
 "items":[
{"kind":"WandOfBlink","x":1,"y":17,"charges":500,"maxCharges":0,"identified":"true"},
{"kind":"IronKey","x":1,"y":1,"levelId":"heavens","depth":0}
],
"objects":[
{"kind":"Trap","x":18,"y":8,"trapKind":"FireTrap","target":{"x":18,"y":8},"activatedByItem":false},
{
"kind":"Trap",
"x":18,
"y":18,
"uses":9999,
"trapKind":"scriptFile",
"script":"scripts/traps/pury",
"data":"IronKey"
}
]
}
