﻿{ "entrance":[29, 2],
 "height":31,
 "map":[4, 4, 4, 4, 4, 4, 4, 4, 4, 4, 4, 4, 4, 4, 4, 4, 4, 4, 4, 4, 4, 4, 4, 4, 4, 4, 4, 4, 4, 4, 4,
4, 2, 2, 2, 2, 2, 4, 2, 2, 2, 2, 2, 4, 2,16,16,16,16,16,16,16,16, 4, 2, 4, 2, 4, 2, 2, 2, 4,
4, 4, 4, 4, 4, 2, 4, 2, 4, 4, 4, 4, 4, 4, 4, 4, 4, 4, 4, 4, 4, 2, 4, 2, 4, 2, 4, 2, 4, 4, 4,
4, 2, 2, 2, 2, 2, 2, 2, 2, 2, 4, 2, 2, 2, 4, 2, 4, 2, 2, 2, 2, 2, 4, 2, 4, 2, 2, 2, 4, 4, 4,
4, 2, 4, 4, 4, 4, 4, 4, 4, 2, 4, 2, 4, 4, 4, 2, 4, 4, 4, 4, 4, 2, 4, 2, 4, 4, 4, 2, 4, 2, 4,
4, 2, 2, 2, 4, 2, 2, 2, 4, 2, 4, 2, 2, 2, 2, 2, 4, 2, 2, 2, 4, 2, 4, 2, 2, 2, 4, 2, 2, 2, 4,
4, 4, 4, 2, 4, 4, 4, 2, 4, 2, 4, 2, 4, 4, 4, 2, 4, 2, 4, 4, 4, 2, 4, 4, 4, 2, 4, 2, 4, 2, 4,
4, 2, 4, 2, 2, 2, 4, 2, 4, 2, 2, 2, 4, 2, 2, 2, 4, 2, 4, 2, 2, 2, 2, 2, 4, 2, 2, 2, 4, 2, 4,
4, 2, 4, 2, 4, 2, 4, 2, 4, 4, 4, 4, 4, 4, 4, 2, 4, 2, 4, 2, 4, 2, 4, 4, 4, 4, 4, 4, 4, 2, 4,
4, 2, 2, 2, 4, 2, 2, 2, 4, 2, 2, 2, 4, 2, 2, 2, 4, 2, 4, 2, 4, 2, 4, 2, 2, 2, 2, 2, 2, 2, 4,
4, 2, 4, 4, 4, 2, 4, 2, 4, 4, 4, 2, 4, 2, 4, 4, 4, 2, 4, 2, 4, 2, 4, 2, 4, 4, 4, 4, 4, 4, 4,
4, 2, 4, 2, 4, 2, 4, 2, 2, 2, 4, 2, 2, 2, 2, 2, 2, 2, 2, 2, 4, 2, 4, 2, 2, 2, 2, 2, 4, 2, 4,
4, 4, 4, 2, 4, 4, 4, 4, 4, 2, 4, 4, 4, 2, 4, 4, 4, 4, 4, 4, 4, 2, 4, 2, 4, 4, 4, 2, 4, 2, 4,
4, 2, 2, 2, 4, 2, 2, 2, 2, 2, 2, 2, 4, 2, 4, 2, 4, 2, 2, 2, 4, 2, 4, 2, 4, 2, 2, 2, 4, 2, 4,
4, 2, 4, 4, 4, 2, 4, 4, 4, 4, 4, 2, 4, 2, 4, 2, 4, 2, 4, 2, 4, 2, 4, 2, 4, 4, 4, 2, 4, 2, 4,
4, 2, 4, 2, 4, 2, 4, 2, 2, 2, 4, 2, 4, 2, 2, 2, 4, 2, 4, 2, 2, 2, 4, 2, 2, 2, 4, 2, 4, 2, 4,
4, 2, 4, 2, 4, 2, 4, 2, 4, 4, 4, 4, 4, 4, 4, 4, 4, 2, 4, 2, 4, 4, 4, 4, 4, 4, 4, 2, 4, 2, 4,
4, 2, 4, 2, 4, 2, 4, 2, 4, 2, 2, 2, 2, 2, 4, 2, 2, 2, 4, 2, 2, 2, 4, 2, 2, 2, 2, 2, 2, 2, 4,
4, 2, 4, 2, 4, 2, 4, 2, 4, 2, 4, 2, 4, 2, 4, 2, 4, 2, 4, 4, 4, 4, 4, 2, 4, 4, 4, 4, 4, 4, 4,
4, 2, 4, 2, 4, 2, 2, 2, 2, 2, 4, 2, 4, 2, 4, 2, 4, 2, 2, 2, 2, 2, 4, 2, 2, 2, 2, 2, 2, 2, 4,
4, 2, 4, 2, 4, 4, 4, 4, 4, 4, 4, 2, 4, 2, 4, 4, 4, 4, 4, 4, 4, 2, 4, 4, 4, 4, 4, 4, 4, 2, 4,
4, 2, 2, 2, 2, 2, 2, 2, 4, 2, 2, 2, 4, 2, 2, 2, 2, 2, 4, 2, 4, 2, 4, 2, 2, 2, 2, 2, 4, 2, 4,
4, 2, 4, 4, 4, 4, 4, 2, 4, 4, 4, 4, 4, 4, 4, 4, 4, 2, 4, 2, 4, 2, 4, 4, 4, 2, 4, 4, 4, 2, 4,
4, 2, 2, 2, 4, 2, 2, 2, 4, 2, 2, 2, 4, 2, 2, 2, 4, 2, 4, 2, 2, 2, 2, 2, 4, 2, 4, 2, 2, 2, 4,
4, 4, 4, 2, 4, 2, 4, 2, 4, 2, 4, 2, 4, 4, 4, 2, 4, 2, 4, 2, 4, 4, 4, 2, 4, 2, 4, 2, 4, 4, 4,
4, 2, 4, 2, 4, 2, 4, 2, 4, 2, 4, 2, 2, 2, 2, 2, 4, 2, 4, 2, 4, 2, 2, 2, 4, 2, 4, 2, 4, 2, 4,
4, 2, 4, 2, 4, 2, 4, 2, 4, 4, 4, 2, 4, 4, 4, 2, 4, 2, 4, 4, 4, 2, 4, 4, 4, 2, 4, 2, 4, 2, 4,
4, 2, 2, 2, 4, 2, 4, 2, 2, 2, 2, 2, 4, 2, 4, 2, 4, 2, 4, 2, 4, 2, 4, 2, 2, 2, 4, 2, 2, 2, 4,
4,16, 4, 4, 4, 4, 4, 2, 4, 2, 4, 4, 4, 2, 4, 2, 4, 2, 4, 2, 4, 2, 4, 2, 4, 2, 4, 2, 4, 2, 4,
4, 2, 4, 2, 2, 2, 2, 2, 4, 2, 2, 2, 2, 2, 4, 2, 2, 2, 2, 2, 4, 2, 2, 2, 4, 2, 2, 2, 4, 2, 4,
4, 4, 4, 4, 4, 4, 4, 4, 4, 4, 4, 4, 4, 4, 4, 4, 4, 4, 4, 4, 4, 4, 4, 4, 4, 4, 4, 4, 4, 4, 4],
 "multiexit":[[0,0],[1, 29]],
 "tiles":"tiles1.png",
 "water":"water1.png",
 "width":31,
"items":[
{"kind":"IronKey","x":13,"y":1,"depth":0,"levelId":"maze"}
],
"objects":[
{"kind":"Trap","x":29,"y":8,"trapKind":"FireTrap","target":{"x":29,"y":1},"activatedByItem":false},
{
"kind":"Trap",
"x":1,
"y":29,
"uses":9999,
"trapKind":"scriptFile",
"script":"scripts/traps/pury",
"data":"IronKey"
},
{"kind":"Sign", "x":1,"y":29,"text":"Dep3_Text1"}
]
}
