﻿{ "entrance":[1, 1],
 "height":32,
 "map":[4, 4, 4, 4, 4, 4, 4, 4, 4, 4, 4, 4, 4, 4, 4, 4, 4, 4, 4, 4, 4, 4, 4, 4, 4, 4, 4, 4, 4, 4, 4, 4,
4, 7, 1, 1, 1, 1, 1, 1, 1, 4, 1, 1, 1, 1, 1, 1, 1, 4, 1, 1, 1, 1, 1, 4, 1, 1, 1, 1, 1, 1, 1, 4,
4, 4, 4, 4, 4, 4, 4, 4, 1, 4, 1, 4, 1, 4, 1, 4, 4, 4, 16, 4, 4, 4, 4, 4, 4, 4, 4, 4, 16, 4, 1, 4,
4, 1, 1, 1, 1, 1, 1, 4, 1, 4, 1, 4, 1, 4, 4, 4, 1, 1, 1, 1, 1, 1, 1, 1, 1, 1, 1, 1, 1, 4, 1, 4,
4, 1, 4, 4, 4, 4, 1, 1, 1, 1, 1, 4, 1, 1, 1, 1, 1, 4, 1, 4, 1, 4, 1, 4, 1, 4, 1, 4, 1, 4, 1, 4,
4, 1, 1, 1, 1, 4, 4, 4, 4, 4, 4, 4, 4, 4, 4, 4, 1, 4, 1, 4, 1, 4, 1, 4, 1, 4, 1, 4, 1, 4, 1, 4,
4, 4, 4, 4, 1, 4, 1, 1, 1, 1, 1, 1, 1, 1, 1, 4, 1, 4, 1, 4, 1, 4, 1, 4, 1, 4, 1, 4, 1, 4, 1, 4,
4, 1, 1, 1, 1, 4, 1, 4, 4, 4, 4, 4, 4, 4, 1, 4, 1, 1, 1, 1, 1, 1, 1, 1, 1, 1, 1, 1, 1, 4, 1, 4,
4, 1, 4, 4, 1, 4, 1, 4, 1, 4, 1, 4, 1, 4, 1, 4, 4, 4, 4, 4, 4, 4, 4, 4, 4, 4, 4, 4, 4, 4, 1, 4,
4, 1, 1, 1, 1, 4, 1, 4, 1, 1, 1, 4, 1, 4, 1, 1, 1, 1, 1, 1, 1, 1, 1, 1, 1, 1, 1, 1, 1, 4, 1, 4,
4, 4, 4, 4, 16, 4, 1, 4, 4, 1, 1, 4, 1, 4, 4, 4, 4, 4, 4, 4, 4, 4, 4, 4, 4, 4, 4, 4, 1, 4, 1, 4,
4, 1, 1, 1, 1, 4, 1, 1, 4, 4, 1, 1, 1, 4, 1, 1, 1, 4, 1, 1, 1, 4, 1, 1, 1, 4, 1, 4, 1, 4, 1, 4,
4, 1, 4, 4, 4, 4, 4, 1, 1, 4, 4, 1, 1, 4, 1, 4, 1, 4, 1, 4, 1, 4, 1, 4, 1, 4, 1, 4, 1, 4, 1, 4,
4, 1, 4, 1, 1, 1, 4, 4, 1, 1, 4, 4, 1, 1, 1, 4, 1, 1, 1, 4, 1, 1, 1, 4, 1, 4, 1, 4, 1, 4, 1, 4,
4, 1, 4, 1, 4, 1, 1, 4, 4, 1, 1, 4, 4, 4, 4, 4, 1, 4, 4, 4, 4, 1, 4, 4, 1, 4, 1, 4, 1, 4, 1, 4,
4, 1, 4, 1, 4, 1, 1, 1, 4, 4, 1, 1, 4, 1, 4, 1, 1, 1, 1, 1, 1, 1, 1, 1, 1, 4, 1, 4, 1, 4, 1, 4,
4, 1, 1, 1, 4, 1, 4, 1, 1, 4, 4, 1, 4, 1, 4, 4, 4, 4, 4, 1, 4, 4, 4, 1, 4, 4, 1, 4, 1, 4, 1, 4,
4, 4, 4, 4, 4, 4, 4, 4, 1, 1, 4, 1, 4, 1, 1, 1, 1, 1, 1, 1, 1, 1, 1, 1, 1, 1, 1, 4, 1, 4, 1, 4,
4, 1, 1, 1, 1, 1, 1, 1, 1, 1, 4, 1, 4, 4, 4, 1, 4, 4, 4, 4, 4, 4, 4, 4, 4, 4, 4, 4, 1, 4, 1, 4,
4, 4, 4, 4, 4, 4, 4, 4, 4, 4, 4, 1, 4, 1, 4, 16, 4, 1, 1, 1, 4, 1, 4, 1, 1, 1, 4, 4, 1, 4, 1, 4,
4, 1, 1, 1, 1, 1, 1, 1, 1, 1, 1, 1, 4, 1, 1, 1, 1, 1, 4, 4, 4, 1, 4, 4, 4, 1, 1, 4, 1, 4, 1, 4,
4, 1, 4, 4, 4, 4, 4, 4, 4, 4, 4, 4, 4, 4, 4, 1, 4, 4, 4, 1, 1, 1, 1, 1, 4, 4, 1, 4, 1, 4, 1, 4,
4, 1, 1, 1, 1, 1, 4, 2, 2, 2, 2, 2, 2, 2, 4, 1, 4, 1, 1, 1, 4, 4, 4, 1, 1, 4, 1, 4, 1, 4, 1, 4,
4, 4, 4, 4, 4, 1, 4, 2, 4, 4, 4, 4, 4, 2, 4, 1, 4, 1, 4, 4, 4, 1, 4, 4, 1, 4, 1, 4, 1, 4, 1, 4,
4, 1, 1, 1, 4, 2,13, 2, 4, 0, 0, 0, 4, 2, 4, 1, 4, 1, 4, 1, 4, 1, 1, 4, 1, 1, 1, 4, 1, 4, 1, 4,
4, 1, 0, 0, 0, 2, 4, 4, 4, 0, 1, 0, 4, 2, 4, 1, 4, 1, 4, 1, 4, 1, 4, 4, 4, 1, 0, 4, 0, 4, 1, 4,
4, 1, 1, 2, 2, 2, 4, 4, 4, 0, 1, 0, 4, 2, 4, 1, 4, 1, 4, 1, 4, 1, 4, 1, 4, 1, 0, 0, 0, 0, 1, 4,
4, 0, 0, 0, 0, 0, 0, 0, 0, 0, 1, 0, 4, 20, 4, 1, 4, 1, 4, 1, 4, 1, 4, 1, 4, 1, 0, 0, 0, 0, 1, 4,
4, 1, 1, 1, 1, 1, 1, 1, 1, 1, 1, 1, 1, 1, 1, 1, 1, 1, 1, 1, 1, 1, 1, 1, 1, 1, 1, 1, 1, 1, 1, 4,
4, 0, 4, 4, 4, 4, 4, 4, 4, 4, 4, 4, 4, 4, 4, 4, 4, 4, 4, 4, 4, 4, 4, 4, 4, 4, 4, 4, 4, 4, 4, 4,
4, 0, 0, 0, 0, 0, 0, 0, 0, 0, 0, 0, 0, 0, 0, 0, 0, 0, 0, 0, 0, 0, 0, 0, 0, 0, 0, 0, 0, 0, 8, 4,
4, 4, 4, 4, 4, 4, 4, 4, 4, 4, 4, 4, 4, 4, 4, 4, 4, 4, 4, 4, 4, 4, 4, 4, 4, 4, 4, 4, 4, 4, 4, 4],
 "multiexit":[[0,0],[30, 30]],
 "tiles":"tiles1.png",
 "water":"water1.png",
 "width":32,
 "items":[
{"kind":"IronKey","x":28,"y":17,"depth":0,"levelId":"maze"},
{"kind":"PotionOfFrost","x":1,"y":18,"level":5},
{"kind":"PotionOfLevitation","x":3,"y":26},
{"kind":"ScrollOfUpgrade","x":3,"y":26},
{"kind":"PotionOfFrost","x":5,"y":25,"level":-1},
{"kind":"PotionOfFrost","x":5,"y":22,"level":5},
{"kind":"PotionOfFrost","x":1,"y":22,"level":5},
{"kind":"PotionOfFrost","x":1,"y":20,"level":5},
{"kind":"PotionOfFrost","x":11,"y":20,"level":5},
{"kind":"PotionOfFrost","x":11,"y":15,"level":5},
{"kind":"PotionOfFrost","x":6,"y":10,"level":5},
{"kind":"PotionOfFrost","x":6,"y":6,"level":5},
{"kind":"PotionOfFrost","x":14,"y":6,"level":5},
{"kind":"PotionOfFrost","x":14,"y":9,"level":5},
{"kind":"PotionOfFrost","x":28,"y":9,"level":5}
],
"objects":[
{"kind":"Trap","x":27,"y":2,"trapKind":"FireTrap","target":{"x":28,"y":1},"activatedByItem":false},
{
"kind":"Trap",
"x":30,
"y":30,
"uses":9999,
"trapKind":"scriptFile",
"script":"scripts/traps/pury",
"data":"IronKey"
}
]
}
