﻿{ "entrance":[18, 18],
 "height":20,
 "width":20,
 "map":[4, 4, 4, 4, 4, 4, 4, 4, 4, 4, 4, 4, 4, 4, 4, 4, 4, 4, 4, 4,
 4,16,16,16,16,16,16,16,16,16,16,16,16,16,16, 0, 0, 4, 4, 4,
 4, 1, 4, 0, 4, 0, 4, 0, 4, 0, 4, 0, 4, 0, 4, 0, 4,14, 4, 4,
 4, 0, 4, 0, 4, 0, 4, 0, 4, 0, 4, 0, 0, 0, 4, 0, 4, 1, 4, 4,
 4, 0, 1, 0, 4, 0, 4, 0, 4, 0, 4, 1, 4, 0, 4, 0, 4, 1, 4, 4,
 4, 0, 4, 0, 4, 0, 1, 0, 4, 0, 4, 1, 4, 0, 1, 0, 4, 1, 4, 4,
 4, 0, 4, 0, 4, 0, 4, 0, 0, 0, 4, 1, 4, 0, 4, 0, 4, 1, 4, 4,
 4, 0, 4, 1, 4, 1, 4, 1, 4, 1, 4, 1, 4, 1, 4, 0, 4, 1, 4, 4,
 4, 1, 4, 0, 0, 1, 4, 1, 4, 1, 4, 1, 4, 1, 4, 1, 4, 1, 4, 4,
 4, 1, 4, 1, 4, 1, 4, 1, 4, 0, 4, 0, 4, 1, 4, 1, 4, 0, 4, 4,
 4, 1, 0, 0, 4, 1, 4, 1, 4, 0, 1, 0, 4, 1, 4, 1, 4, 0, 4, 4,
 4, 1, 4, 1, 4, 1, 4, 1, 4, 0, 4, 0, 4, 1, 4, 1, 0, 0, 4, 4,
 4, 1, 4, 0, 4, 1, 4, 1, 4, 1, 4, 1, 4, 1, 4, 1, 4, 1, 4, 4,
 4, 1, 4, 1, 4, 1, 4, 1, 0, 1, 4, 1, 4, 1, 4, 0, 4, 1, 4, 4,
 4, 1, 4, 0, 4, 0, 4, 0, 0, 0, 4, 1, 4, 0, 4, 0, 4, 1, 4, 4,
 4, 0, 4, 1, 4, 0, 1, 0, 4, 0, 4, 1, 4, 0, 1, 0, 4, 1, 4, 4,
 4, 0, 4, 0,16, 0, 4, 0, 4, 0, 4, 1, 4, 0, 4, 0, 4, 1, 4, 4,
 4, 0, 4,14, 4, 0, 4, 0, 4, 0, 4, 1, 0, 0, 4, 0, 4, 1, 4, 4,
 4, 7, 4, 0, 4, 0, 4, 0, 4, 0, 4, 0, 4, 0, 4,14, 4, 1, 4, 4,
 4, 4, 4, 4, 4, 4, 4, 4, 4, 4, 4, 4, 4, 4, 4, 4, 4, 4, 4, 4],
 "multiexit":[[0,0],[1,18]],
 "tiles":"tiles1.png",
 "water":"water1.png",
 "items":[
{"kind":"IronKey","x":3,"y":17,"levelId":"heavens","depth":0},
{"kind":"PotionOfLevitation","x":17,"y":2},
{"kind":"WandOfBlink","x":17,"y":18,"charges":50,"maxCharges":0,"identified":"true"}
],
 "objects":[
{
"kind":"Trap",
"x":1,
"y":18,
"uses":9999,
"trapKind":"scriptFile",
"script":"scripts/traps/pury",
"data":"IronKey"
}
]
}
