{ "entrance":[30, 28],
 "height":32,
 "map":[4, 4, 4, 4, 4, 4, 4, 4, 4, 4, 4, 4, 4, 4, 4, 4, 4, 4, 4, 4, 4, 4, 4, 4, 4, 4, 4, 4, 4, 4, 4, 4, 4, 1, 4, 4, 1, 4, 1, 4, 4, 4, 1, 1, 1, 1, 4, 4, 0, 0, 0, 0, 0, 4, 1, 4, 4, 4, 1, 1, 1, 4, 1, 4, 4, 1, 4, 4, 1, 4, 1, 4, 1, 1, 1, 4, 4, 1, 1, 4, 0, 1, 1, 1, 0, 4, 1,16, 1, 1, 1, 4, 4, 4, 1, 4, 4, 1, 1, 1, 1, 4, 1, 4, 4, 4, 4, 4, 4, 4, 1, 1, 0, 1, 24, 1, 0, 1, 1, 4, 1, 4, 4, 4, 1, 1, 1, 4, 4, 4, 1, 4, 4, 4, 1, 1, 1, 4, 4, 1, 1, 1, 1, 4, 0, 1, 1, 1, 0, 4, 4, 4, 1, 1, 1, 1, 1, 4, 4, 4, 4, 4, 1, 1, 1, 4, 4, 1, 4, 4, 4, 1, 1, 4, 1, 4, 0, 0, 0, 0, 0, 4, 4, 4, 4, 4, 4, 1, 4, 4, 4, 4, 4, 4, 4, 1, 4, 4, 4, 1, 4, 1, 4, 4, 1, 4, 4, 4, 4,16, 0, 4, 4, 4, 1, 1, 1, 1, 4, 1, 1, 1, 1, 4, 4, 1, 1, 1, 4, 1, 4, 1, 1, 1, 4, 4, 1, 4, 1, 1, 1, 1, 0,16, 1, 4, 4, 4, 4, 1, 4, 1, 1, 4, 1, 4, 4, 4, 4, 1, 4, 1, 4, 4, 1, 1, 4, 4, 1, 4, 4, 4,16, 4, 0, 4, 1, 4, 1, 1, 4, 1, 1, 1, 1, 4, 1, 4, 4, 4, 4, 1, 1, 1, 4, 4, 1, 1, 1, 1, 1, 1, 4, 4, 1, 4, 0, 4, 1, 1, 1, 4, 4, 4, 1, 4, 4, 4, 4, 4, 4, 1, 4, 1, 4, 4, 4, 4, 1, 1, 4, 4, 4, 1, 4, 1, 1, 4, 0, 4, 4, 1, 4, 4, 4, 4, 1, 1, 1, 1, 1, 4, 4, 1, 1, 1, 1, 1, 1, 1, 1, 4, 4, 4, 1, 1, 4, 1, 1, 4, 0, 4, 1, 1,16, 1, 1, 1, 1, 4, 1, 4, 4, 4, 4, 4, 4, 4, 4, 1, 1, 4, 4, 4, 4, 4, 1, 4, 4, 0, 0, 0, 0, 4, 4, 4, 4, 1, 4, 4, 4, 4, 1, 4, 1, 4, 4, 1, 1, 1, 4, 1, 1, 4, 4, 1, 1, 1, 1, 4, 1, 1, 4, 4, 0, 4, 1, 1, 1, 1, 4, 1, 1, 4, 1, 1, 1, 4, 4, 1, 4, 1, 4, 1, 1, 1, 1, 1, 4, 4, 1, 4, 1, 1, 4, 1, 0, 1, 1, 1, 4, 4, 4, 1, 4, 4, 4, 1, 4, 4, 4, 4, 4, 1, 4, 1, 1, 4, 1, 4, 4, 4, 4, 4,16, 4, 4, 1, 0, 4, 1, 4, 4, 4, 4, 1, 1, 1, 1, 1, 4, 4, 4, 1, 1, 1, 4,16, 4, 4, 1, 4, 4, 4, 4, 1, 1, 4, 4, 1, 0, 4, 1, 1, 1, 1, 4, 4, 4, 4, 1, 1, 1, 4, 4, 1, 4, 1, 1, 1, 4, 4, 1, 1,16, 1, 1, 1, 1, 4, 4, 1, 0, 4, 4, 4, 4, 1, 1, 1, 1, 4, 4, 4, 1, 4, 4, 1, 4, 4, 1, 1, 4, 4, 4, 1, 4, 4, 4,16, 4, 4, 4, 1, 0, 4, 1, 1, 1, 1, 4, 4, 1, 4, 1, 1, 1, 4, 4, 1, 4, 4,16, 4, 4, 1, 1, 1, 4, 4, 1, 1, 4, 1, 1, 1, 0, 4, 4, 1, 1, 4, 4, 4, 1, 4, 4, 1, 1, 4, 4, 1, 4, 1, 1, 4, 4, 4, 4, 1, 4, 4, 1, 1, 4, 1, 4, 4, 0, 4, 4, 1, 4, 4, 4, 4, 4, 4, 4,16, 4, 4, 4, 1, 4, 1, 1, 4, 0, 0, 0, 0, 0, 0, 0, 0, 0, 0, 0, 0, 0, 4, 1, 1, 4, 1, 1, 1, 1, 1, 1, 1, 4, 4, 4, 4, 4,16, 4, 4, 4, 4, 4, 1, 4, 1, 1, 4, 4, 1, 4, 4, 0, 4, 1, 4, 4, 4, 4, 1, 4, 4, 4, 4, 4, 4, 4, 4, 1, 1, 4, 1, 1, 1, 1, 1, 4, 1, 1, 4, 4, 1, 4, 4, 0, 4, 1, 1, 1, 1, 4, 1, 1, 1, 1, 1, 1, 4, 4, 4, 1, 1, 4, 1, 4, 4,16, 4, 4,16, 4, 4, 4, 1, 1, 1, 0, 4, 4, 4, 4, 1, 4, 4, 4, 4, 4, 1, 4, 4, 4, 4,16, 4, 4, 1, 4, 4, 1, 4, 1, 1, 4, 4, 4, 1, 4, 4, 0, 4, 1, 4, 4, 1, 1, 1, 1, 1, 4, 1, 4, 4, 4, 1, 1, 1, 1, 1,16, 1, 1, 4, 1, 1, 1, 1, 4, 1, 1, 4, 0, 4, 1, 1, 1, 1, 4, 4, 1, 4, 4, 1, 1, 4, 4, 1, 1, 4, 4, 1, 4, 4, 4, 4,16, 4, 4, 1, 4, 1, 4, 4, 0, 4, 4, 4, 1, 4, 4, 4, 1, 4, 4, 4, 4, 4, 4, 4, 1, 4, 1, 1, 1, 4, 1, 1, 1, 4, 1, 1, 4, 1, 1, 4, 1, 4, 1, 1, 1, 4, 1, 1, 1, 1, 1, 1, 4, 4, 4, 1, 1, 4, 1, 1, 1, 1, 1, 1, 1, 4, 4, 4, 4, 4, 4, 4,13, 4, 4, 4, 4, 4, 4, 4, 4, 4, 4, 4, 4, 4, 4, 1, 4, 4, 1, 1, 1, 4, 1, 1, 1, 1, 1, 1, 1, 1, 1, 1,13, 1, 1, 1, 1, 1, 1, 1, 1, 1, 1, 1, 3, 4, 4, 4, 4, 4, 4, 4, 4, 4, 4, 4, 4, 4, 4, 4, 4, 4, 4, 4, 4, 4, 4, 4, 4, 4, 4, 4, 4, 4, 4, 4, 4, 4],
 "multiexit":[[0,0],[30, 30]],
 "tiles":"tiles1.png",
 "water":"water1.png",
 "width":32, 
 "items":[
 {"kind":"Dart", "x":1,"y":1,"quantity":6},
   {"kind":"IronKey", "x":30,"y":1, "depth":0,"levelId":"maze"},
  {"kind":"PotionOfLiquidFlame", "x":18,"y":28, "level":3},
   {"kind":"PotionOfFrost", "x":1,"y":30, "level":-2},
     {"kind":"PotionOfFrost", "x":18,"y":3, "level":30},
   {"kind":"WandOfBlink","x":20,"y":28, "identified":true}
], 
"objects":[
{"kind":"Trap","x":18,"y":3,"trapKind":"FireTrap","target":{"x":18,"y":3},"activatedByItem":false}, 
{
"kind":"Trap",
"x":30,
"y":30,
"uses":9999,
"trapKind":"scriptFile",
"script":"scripts/traps/pury",
"data":"IronKey"
}
]
}