﻿{
"width":32,
"height":3,
"map":[ 1, 4, 4, 4, 4, 4, 4, 4, 4, 4, 4, 4, 4, 4, 4, 4, 4, 4, 4, 4, 4, 4, 4, 4, 4, 4, 4, 4, 4, 4, 4, 4,
 14,14,14, 8,10,14, 8,10,14, 8,10,14, 8,10,14, 8,10,14, 8,10,14, 8,10,14, 8,10,14, 8,10,14, 8, 4,
 1, 4, 4, 4, 4, 4, 4, 4, 4, 4, 4, 4, 4, 4, 4, 4, 4, 4, 4, 4, 4, 4, 4, 4, 4, 4, 4, 4, 4, 4, 4, 4
],
"tiles":"tiles3.png",
"water":"water4.png",
"entrance":[1,1],
"multiexit":[[3,1],[6,1],[9,1],[12,1],[15,1],[18,1],[21,1],[24,1],[27,1],[30,1]],
"objects":[
{"kind":"Sign","x":2,"y":1,"text":"DepS_Text1"},
{"kind":"Sign","x":5,"y":1,"text":"DepS_Text2"},
{"kind":"Sign","x":8,"y":1,"text":"DepS_Text3"},
{"kind":"Sign","x":11,"y":1,"text":"DepS_Text4"},
{"kind":"Sign","x":14,"y":1,"text":"DepS_Text5"},
{"kind":"Sign","x":17,"y":1,"text":"DepS_Text6"},
{"kind":"Sign","x":20,"y":1,"text":"DepS_Text7"},
{"kind":"Sign","x":23,"y":1,"text":"DepS_Text8"},
{"kind":"Sign","x":26,"y":1,"text":"DepS_Text9"},
{"kind":"Sign","x":29,"y":1,"text":"DepS_Text10"}
]
}
