﻿{
"width":21,
"height":21,
"baseTileVar":[38, 38, 38, 38, 38, 38, 38, 2, 2, 19, 40, 19, 2, 2, 38, 38, 38, 38, 38, 38, 38, 38, 38, 38, 38, 38, 38, 38, 2, 2, 19, 40, 19, 2, 2, 38, 38, 38, 38, 38, 38, 38, 38, 38, 38, 38, 38, 38, 38, 2, 2, 19, 40, 19, 2, 2, 38, 38, 38, 38, 38, 38, 38, 38, 38, 38, 38, 38, 38, 38, 2, 2, 19, 40, 19, 2, 2, 38, 38, 38, 38, 38, 38, 38, 38, 38, 38, 38, 38, 38, 38, 2, 2, 19, 40, 19, 2, 2, 38, 38, 38, 38, 38, 38, 38, 38, 38, 38, 38, 38, 38, 35, 2, 0, 19, 40, 19, 1, 2, 34, 38, 38, 38, 38, 38, 38, 38, 38, 38, 38, 38, 35, 2, 0, 19, 19, 40, 19, 19, 1, 2, 34, 38, 38, 38, 38, 38, 2, 2, 2, 2, 2, 2, 0, 19, 23, 10, 9, 10, 21, 19, 1, 2, 2, 2, 2, 2, 2, 2, 2, 2, 2, 2, 0, 19, 23, 24, 13, 14, 11, 27, 21, 19, 1, 2, 2, 2, 2, 2, 19, 19, 19, 19, 19, 19, 19, 12, 13, 22, 19, 20, 11, 18, 19, 19, 19, 19, 19, 19, 19, 41, 41, 41, 41, 41, 41, 41, 7, 18, 19, 39, 19, 12, 13, 41, 41, 41, 41, 41, 41, 41, 19, 19, 19, 19, 19, 19, 19, 12, 9, 21, 19, 23, 7, 18, 19, 19, 19, 19, 19, 19, 19, 2, 2, 2, 2, 2, 16, 19, 20, 25, 9, 10, 7, 26, 22, 19, 17, 2, 2, 2, 2, 2, 2, 2, 2, 2, 2, 2, 16, 19, 20, 14, 11, 14, 22, 19, 17, 2, 2, 2, 2, 2, 2, 42, 42, 42, 42, 42, 33, 2, 16, 19, 19, 40, 19, 19, 17, 2, 32, 42, 42, 42, 42, 42, 38, 38, 38, 38, 38, 37, 33, 2, 16, 19, 40, 19, 17, 2, 32, 36, 38, 38, 38, 38, 38, 38, 38, 38, 38, 38, 38, 37, 2, 2, 19, 40, 19, 2, 2, 36, 38, 38, 38, 38, 38, 38, 38, 38, 38, 38, 38, 38, 38, 2, 2, 19, 40, 19, 2, 2, 38, 38, 38, 38, 38, 38, 38, 38, 38, 38, 38, 38, 38, 38, 2, 2, 19, 40, 19, 2, 2, 38, 38, 38, 38, 38, 38, 38, 38, 38, 38, 38, 38, 38, 38, 2, 2, 19, 40, 19, 2, 2, 38, 38, 38, 38, 38, 38, 38, 38, 38, 38, 38, 38, 38, 38, 2, 2, 19, 40, 19, 2, 2, 38, 38, 38, 38, 38, 38, 38],
 "customTiles":true,
 "decoDesc":["", "", "", "", "", "", "", "", "", "", "", "", "", "", "", "", "", "", "", "", "", "", "", "", "", "", "", "", "", "", "", "", "", "", "", "", "", "", "", "", "", "", "", "", "", "", "", "", "", "", "", "", "", "", "", "", "", "", "", "", "", "", "", "", "", "", "", "", "", "", "", "", "", "", "", "", "", "", "", "", "", "", "", "", "", "", "", "", "", "", "", "", "", "", "", "", "", "", "", "", "", "", "", "", "", "", "", "", "", "", "", "", "", "", "", "", "", "", "", "", "", "", "", "", "", "", "", "", "", "", "", "", "", "", "", "", "", "", "", "", "", "", "", "", "", "", "", "", "", "", "", "", "", "", "", "", "", "", "", "", "", "", "", "", "", "", "", "", "", "", "", "", "", "", "", "", "", "", "", "", "", "", "", "", "", "", "", "", "", "", "", "", "", "", "", "", "", "", "", "", "", "", "", "", "", "", "", "", "", "", "", "", "", "", "", "", "", "", "", "", "", "", "", "", "", "", "", "", "", "", "", "", "", "", "", "", "", "", "", "", "", "", "", "", "", "", "", "", "", "", "", "", "", "", "", ""],
 "decoName":["", "", "", "", "", "", "", "", "", "", "", "", "", "", "", "", "", "", "", "", "", "", "", "", "", "", "", "", "", "", "", "", "", "", "", "", "", "", "", "", "", "", "", "", "", "", "", "", "", "", "", "", "", "", "", "", "", "", "", "", "", "", "", "", "", "", "", "", "", "", "", "", "", "", "", "", "", "", "", "", "", "", "", "", "", "", "", "", "", "", "", "", "", "", "", "", "", "", "", "", "", "", "", "", "", "", "", "", "", "", "", "", "", "", "", "", "", "", "", "", "", "", "", "", "", "", "", "", "", "", "", "", "", "", "", "", "", "", "", "", "", "", "", "", "", "", "", "", "", "", "", "", "", "", "", "", "", "", "", "", "", "", "", "", "", "", "", "", "", "", "", "", "", "", "", "", "", "", "", "", "", "", "", "", "", "", "", "", "", "", "", "", "", "", "", "", "", "", "", "", "", "", "", "", "", "", "", "", "", "", "", "", "", "", "", "", "", "", "", "", "", "", "", "", "", "", "", "", "", "", "", "", "", "", "", "", "", "", "", "", "", "", "", "", "", "", "", "", "", "", "", "", "", "", "", ""],
 "decoTileVar":[38, 38, 38, 38, 38, 38, 38, 2, 2, 19, 40, 19, 2, 2, 38, 38, 38, 38, 38, 38, 38, 38, 38, 38, 38, 38, 38, 38, 2, 2, 19, 40, 19, 2, 2, 38, 38, 38, 38, 38, 38, 38, 38, 38, 38, 38, 38, 38, 38, 2, 2, 19, 40, 19, 2, 2, 38, 38, 38, 38, 38, 38, 38, 38, 38, 38, 38, 38, 38, 38, 2, 2, 19, 40, 19, 2, 2, 38, 38, 38, 38, 38, 38, 38, 38, 38, 38, 38, 38, 38, 38, 2, 2, 19, 40, 19, 2, 2, 38, 38, 38, 38, 38, 38, 38, 38, 38, 38, 38, 38, 38, 35, 2, 0, 19, 40, 19, 1, 2, 34, 38, 38, 38, 38, 38, 38, 38, 38, 38, 38, 38, 35, 2, 0, 19, 19, 40, 19, 19, 1, 2, 34, 38, 38, 38, 38, 38, 2, 2, 2, 2, 2, 2, 0, 19, 23, 10, 9, 10, 21, 19, 1, 2, 2, 2, 2, 2, 2, 2, 2, 2, 2, 2, 0, 19, 23, 24, 13, 14, 11, 27, 21, 19, 1, 2, 2, 2, 2, 2, 19, 19, 19, 19, 19, 19, 19, 12, 13, 22, 19, 20, 11, 18, 19, 19, 19, 19, 19, 19, 19, 41, 41, 41, 41, 41, 41, 41, 7, 18, 19, 39, 19, 12, 13, 41, 41, 41, 41, 41, 41, 41, 19, 19, 19, 19, 19, 19, 19, 12, 9, 21, 19, 23, 7, 18, 19, 19, 19, 19, 19, 19, 19, 2, 2, 2, 2, 2, 16, 19, 20, 25, 9, 10, 7, 26, 22, 19, 17, 2, 2, 2, 2, 2, 2, 2, 2, 2, 2, 2, 16, 19, 20, 14, 11, 14, 22, 19, 17, 2, 2, 2, 2, 2, 2, 42, 42, 42, 42, 42, 33, 2, 16, 19, 19, 40, 19, 19, 17, 2, 32, 42, 42, 42, 42, 42, 38, 38, 38, 38, 38, 37, 33, 2, 16, 19, 40, 19, 17, 2, 32, 36, 38, 38, 38, 38, 38, 38, 38, 38, 38, 38, 38, 37, 2, 2, 19, 40, 19, 2, 2, 36, 38, 38, 38, 38, 38, 38, 38, 38, 38, 38, 38, 38, 38, 2, 2, 19, 40, 19, 2, 2, 38, 38, 38, 38, 38, 38, 38, 38, 38, 38, 38, 38, 38, 38, 2, 2, 19, 40, 19, 2, 2, 38, 38, 38, 38, 38, 38, 38, 38, 38, 38, 38, 38, 38, 38, 2, 2, 19, 40, 19, 2, 2, 38, 38, 38, 38, 38, 38, 38, 38, 38, 38, 38, 38, 38, 38, 2, 2, 19, 40, 19, 2, 2, 38, 38, 38, 38, 38, 38, 38],
 "map":[0, 0, 0, 0, 0, 0, 0, 4, 4, 1, 1, 1, 4, 4, 0, 0, 0, 0, 0, 0, 0, 0, 0, 0, 0, 0, 0, 0, 4, 4, 1, 1, 1, 4, 4, 0, 0, 0, 0, 0, 0, 0, 0, 0, 0, 0, 0, 0, 0, 4, 4, 1, 1, 1, 4, 4, 0, 0, 0, 0, 0, 0, 0, 0, 0, 0, 0, 0, 0, 0, 4, 4, 1, 1, 1, 4, 4, 0, 0, 0, 0, 0, 0, 0, 0, 0, 0, 0, 0, 0, 0, 4, 4, 1, 1, 1, 4, 4, 0, 0, 0, 0, 0, 0, 0, 0, 0, 0, 0, 0, 0, 4, 4, 4, 1, 1, 1, 4, 4, 4, 0, 0, 0, 0, 0, 0, 0, 0, 0, 0, 0, 4, 4, 4, 1, 1, 1, 1, 1, 4, 4, 4, 0, 0, 0, 0, 0, 4, 4, 4, 4, 4, 4, 4, 1, 1, 1, 1, 1, 1, 1, 4, 4, 4, 4, 4, 4, 4, 4, 4, 4, 4, 4, 4, 1, 1, 1, 1, 1, 1, 1, 1, 1, 4, 4, 4, 4, 4, 4, 1, 1, 1, 1, 1, 1, 1, 1, 1, 1, 1, 1, 1, 1, 1, 1, 1, 1, 1, 1, 1, 1, 1, 1, 1, 1, 1, 1, 1, 1, 1, 1, 1, 1, 1, 1, 1, 1, 1, 1, 1, 1, 1, 1, 1, 1, 1, 1, 1, 1, 1, 1, 1, 1, 1, 1, 1, 1, 1, 1, 1, 1, 1, 4, 4, 4, 4, 4, 4, 1, 1, 1, 1, 1, 1, 1, 1, 1, 4, 4, 4, 4, 4, 4, 4, 4, 4, 4, 4, 4, 4, 1, 1, 1, 1, 1, 1, 1, 4, 4, 4, 4, 4, 4, 4, 0, 0, 0, 0, 0, 4, 4, 4, 1, 1, 1, 1, 1, 4, 4, 4, 0, 0, 0, 0, 0, 0, 0, 0, 0, 0, 0, 4, 4, 4, 1, 1, 1, 4, 4, 4, 0, 0, 0, 0, 0, 0, 0, 0, 0, 0, 0, 0, 0, 4, 4, 1, 1, 1, 4, 4, 0, 0, 0, 0, 0, 0, 0, 0, 0, 0, 0, 0, 0, 0, 4, 4, 1, 1, 1, 4, 4, 0, 0, 0, 0, 0, 0, 0, 0, 0, 0, 0, 0, 0, 0, 4, 4, 1, 1, 1, 4, 4, 0, 0, 0, 0, 0, 0, 0, 0, 0, 0, 0, 0, 0, 0, 4, 4, 1, 1, 1, 4, 4, 0, 0, 0, 0, 0, 0, 0, 0, 0, 0, 0, 0, 0, 0, 4, 4, 1, 1, 1, 4, 4, 0, 0, 0, 0, 0, 0, 0],
"tiles":"keyroom.png",
"water":"water0.png",
"entrance":[10,10],
"multiexit":[[1,10],[10,1],[19,10],[10,19]],
   "objects":[
   {"kind"="Sign", "x"=2, "y"=10, "text"="Dep0_Text1"},
   {"kind"="Sign", "x"=10, "y"=2, "text"="Dep0_Text2"},
   {"kind"="Sign", "x"=18, "y"=10, "text"="Dep0_Text3"},
   {"kind"="Sign", "x"=10, "y"=18, "text"="Dep0_Text4"},
   {"kind"="Sign", "x"=8, "y"=8, "text"="Dep0_Text5"},
   {"kind"="Sign", "x"=12, "y"=12, "text"="Dep0_Text6"},
   {"kind"="Sign", "x"=8, "y"=12, "text"="Dep0_Text7"},
   {"kind"="Sign", "x"=12, "y"=8, "text"="Dep0_Text8"}
]
}
