{
  "common": {
    "armor": {
      "kind": "ClothArmor",
      "identified": true
    },
    "items": [
      {"kind": "ScrollOfTime"},
      {"kind": "Kusarigama"},
      {"kind": "ChaosScroll"},
      {"kind": "MageWand"},
      {"kind": "Test"},
      {"kind":"ElementalScroll"},
      {"kind":"RunicSkull2"},
      {"kind":"RunicSkull1"},
      {"kind":"MagicAura1"},
      {"kind":"HeardOfFire"},
      {"kind":"IceWand"},
      {"kind":"DragonWand"},
      {"kind":"Test1"},
      {"kind":"PoisonOfDarknes","level":3},
      {"kind":"ScrollOfFire"},
      {"kind":"LightDanger","quantity": 100 },
      {"kind": "TomeOfKnowledge","quantity": 100}
    ], 
    "str": 1500,
    "hp": 100000,
    "magicAffinity": "Common"
  },
  "WARRIOR": {
    "weapon": {
      "kind": "ShortSword",
      "identified": true
    },
    "str": 11,
    "knownItems": [
      {
        "kind": "PotionOfStrength"
      }
    ]
  },
  "MAGE": {
    "items": [
      {
        "kind": "WandOfMagicMissile",
        "identified": true
      }
    ],
    "quickslot": [
      {
        "kind": "WandOfMagicMissile"
      }
    ],
    "knownItems": [
      {
        "kind": "ScrollOfIdentify"
      }
    ],
    "isSpellUser": true,
    "magicAffinity": "Elemental",
    "startingSp": 10,
    "maxSp": 10
  },
  "ROGUE": {
    "knownItems": [
      {
        "kind": "ScrollOfMagicMapping"
      }
    ]
  },
  "HUNTRESS": {
    "items": [
      {
        "kind": "Boomerang",
        "identified": true
      }
    ],
    "quickslot": [
      {
        "kind": "Boomerang"
      }
    ],
    "hp": 15
  },
  "ELF": {
    "weapon": {
      "kind": "ElvenBow",
      "identified": true,
      "level": 1
    },
    "items": [
      {
        "kind": "CommonArrow",
        "quantity": 20,
        "identified": true
      },
      {
        "kind": "ElvenDagger",
        "identified": true
      }
    ],
    "quickslot": [
      {
        "kind": "CommonArrow"
      }
    ],
    "str": 9,
    "hp": 15
  },
  "NECROMANCER": {
    "armor": {
      "kind": "NecromancerRobe",
      "identified": true
    },
    "items": [
      {
        "kind": "SkeletonKey",
        "levelId": "7",
        "depth": "7"
      }
    ],
    "hp": 10,
    "knownItems": [
      {
        "kind": "PotionOfHealing"
      }
    ],
    "startingSp": 10,
    "maxSp": 10,
    "isSpellUser": true,
    "magicAffinity": "Necromancy"
  },
  "GNOLL": {
    "weapon": {
      "kind": "GnollTamahawk",
      "identified": true
    },
    "armor": {
      "kind": "NoItem"
    },
    "items": [
      {
        "kind": "Dart",
        "identified": true,
        "quantity": 8
      },
      {
        "kind":"Codex"
      },
      {
        "kind":"TomeOfKnowledge"
      }
    ],
    "quickslot": [
      {
        "kind": "Dart"
      }
    ],
    "forbiddenActions":["Scroll_ACRead","TomeOfMastery_ACRead","Stylus_ACInscribe"],
    "friendlyMobs":["Gnoll","Shaman","Brute","Shielded"],
    "str": 15,
    "hp": 5
  }
}