{
	"common": {
		"armor": {
			"kind": "ClothArmor",
			"identified": true
		},
		"items": [
	    {
			"kind": "9x18mm",
			"quantity": 25
	    },
	    {
	        "kind":"Gold",
	        "quantity":100
	    },
	    {
	        "kind":"PM",
	        "quantity":1
	    },
		{
		"kind":"SkeletonKey",
        "levelId":"sovet",
        "depth":10,
        "identified": true
        }],
        "str":10,
        "hp":20
	},
	"WARRIOR": {
		"weapon": {
			"kind": "ShortSword",
			"identified": true
		},
        "str":11,
        "hp":50,
        "knownItems":[{"kind":"PotionOfStrength"}]

	},
	"MAGE": {
		"items": [{
			"kind": "WandOfMagicMissile",
			"identified": true
		}],
		"quickslot":[{
			"kind": "WandOfMagicMissile"
		}],
      "knownItems":[{"kind":"ScrollOfIdentify"}]
	},
	"ROGUE": {
		"ring1": {
			"kind": "RingOfShadows",
			"identified": true,
			"level": 1
		},
      "knownItems":[{"kind":"ScrollOfMagicMapping"}]
	},
	"HUNTRESS": {
		"items": [{
			"kind": "Boomerang",
			"identified": true
		}],
		"quickslot":[{
			"kind": "Boomerang"
		}],
        "hp":15
	},
	"ELF": {
		"weapon": {
			"kind": "Vintar",
			"identified": true,
			"level": 3
		},
		"items": [{
			"kind": "9x39mmSP5",
			"quantity": 30,
			"identified": true
		}],
		"quickslot":[{
			"kind": "Vintar"
		}],
        "str":9,
        "hp":15
	},
	"NECROMANCER": {
		"armor": {
			"kind": "NecromancerRobe",
			"identified": true
		},
		"items": [{
			"kind": "SkeletonKey",
			"levelId": "7"
		}],
		"quickslot":[{
			"kind": "NecromancerRobe"
		}],
        "hp":15,
        "knownItems":[{"kind":"PotionOfHealing"}]
	}
}