{
   "SewerLevel":{
      "1":{"Gnoll-hero":1,"Albino":0.03},
      "2":{"Rat":1,"Gnoll":1,"Albino":0.03},
      "3":{"Rat":1,"Gnoll":2,"Crab":1,"Swarm":0.02,"Albino":0.03},
      "4":{"Rat":1,"Gnoll":2,"Crab":1,"Swarm":0.02,"Skeleton":0.01,"Thief":0.01,"Albino":0.03}
   },
   "SewerBossLevel":{
      "any":{"Goo":1}
   },
   "PrisonLevel":{
      "6":{"Skeleton":4,"Thief":2,"Swarm":1,"Shaman":0.2,"Bandit":0.06},
      "7":{"Skeleton":3,"Thief":1,"Swarm":1,"Shaman":1,"Shadow":1,"Bandit":0.03},
      "8":{"Skeleton":3,"Shaman":2,"Thief":1,"Swarm":1,"Shadow":1,"Bat":0.02,"Bandit":0.03},
      "9":{"Skeleton":3,"Shaman":3,"Thief":1,"Swarm":1,"Shadow":1,"Bat":0.02,"Brute":0.01,"Bandit":0.03}
   },
   "PrisonBossLevel":{
      "any":{"Tengu":1}
   },
   "CavesLevel":{
      "11":{"Bat":1,"Brute":0.2},
      "12":{"Bat":1,"Brute":1,"Spinner":0.2,"Shielded":0.03},
      "13":{"Bat":1,"Brute":3,"Spinner":1,"Shaman":1,"Elemental":0.02,"Shielded":0.1},
      "14":{"Bat":1,"Brute":3,"Spinner":4,"Shaman":1,"Elemental":0.02,"Monk":0.01,"Shielded":0.1}
   },
   "CavesBossLevel":{
      "any":{"DM300":1}
   },
   "CityLevel":{
      "16":{"Elemental":1,"Monk":0.2,"Warlock":1},
      "17":{"Elemental":1,"Monk":1,"Warlock":1,"Senior":0.03},
      "18":{"Elemental":1,"Monk":2,"Warlock":1,"Golem":1,"Senior":0.06},
      "19":{"Elemental":1,"Monk":2,"Warlock":1,"Golem":3,"Succubus":0.02,"Senior":0.06}
   },
   "CityBossLevel":{
      "any":{"King":1}
   },
   "HallsLevel":{
      "22":{"Succubus":1,"Eye":1},
      "23":{"Succubus":1,"Eye":2,"Scorpio":1,"Acidic":0.03},
      "24":{"Succubus":1,"Eye":2,"Scorpio":3,"Acidic":0.09}
   },
   "HallsBossLevel":{
      "any":{"Yog":1,"YogsBrain":1,"YogsEye":1,"YogsHeart":1,"YogsTeeth":1}
   },
   "GutsLevel":{
      "26":{"WarrorCh":1,"ZombieGnoll":2,"Worm":0.3,"Succubus":0.02},
      "27":{"WarrorCh":2,"ZombieGnoll":1,"Worm":1,"Eye":1},
      "28":{"SuspiciousRat":1,"ZombieGnoll":1,"Worm":2,"Elemental":0.02},
	  "29":{"SuspiciousRat":2,"ZombieGnoll":1,"Worm":2},
      "30":{"SuspiciousRat":1,"ZombieGnoll":1,"Worm":2}
   },
   "SpiderLevel":{
      "6s":{"SpiderServant":1,"SpiderGuard":0.03},
      "7s":{"SpiderServant":1,"SpiderExploding":0.5,"SpiderGuard":0.03},
      "8s":{"SpiderServant":1,"SpiderExploding":0.5,"SpiderMind":0.2,"SpiderGuard":0.03,"SpiderMindAmber":0.006},
      "9s":{"SpiderServant":1,"SpiderExploding":1,"SpiderMind":0.3,"SpiderGuard":0.03,"SpiderMindAmber":0.012},
      "10s":{"SpiderServant":1,"SpiderExploding":1,"SpiderMind":0.5,"SpiderGuard":0.03,"SpiderMindAmber":0.018}
   },
   "NecroLevel":{
      "necro1":{"Zombie":1, "Skeleton":1, "EnslavedSoul":0.9,"Neckromater":1},
      "necro2":{"Zombie":1, "ExplodingSkull":0.6, "EnslavedSoul":0.9, "DeathKnight":0.5,"msterNeckromater":0.015},
      "necro3":{"Zombie":2, "ExplodingSkull":1.2, "EnslavedSoul":0.9, "DeathKnight":0.5,"DreadKnight":0.015},
      "necro4":{"ExplodingSkull":1.3, "EnslavedSoul":0.4, "DeathKnight":1.5,"DreadKnight":0.045}
   },
   "NecroBossLevel":{
      "any":{"Lich":1}
   },
   "IceCavesLevel":{
      "ice1":{"Kobold":1,"ColdSpirit":2,"IceElemental":0.1},
      "ice2":{"Kobold":2,"KoboldIcemancer":1,"IceElemental":0.2},
      "ice3":{"Kobold":2,"KoboldIcemancer":1,"ColdSpirit":1,"IceElemental":0.3},
      "ice4":{"Kobold":2,"KoboldIcemancer":1,"ColdSpirit":1,"IceElemental":0.6}
   },
   "IceCavesBossLevel":{
      "any":{"IceGuardianCore":1}
   },
  "RandomLevel":{
    "any":{"Gnoll":1},
    "test_random":{"Swarm":0.01}
  },
  "PredesignedLevel":{
    "any":{"Rat":1}
  },
  "Feelings":{
    "Chance":0.2,
    "CHASM":{"AirElemental":1},
    "WATER":{"WaterElemental":1},
    "GRASS":{"EarthElemental":1}
  }
}