{
"defenseSkill":26,
"attackSkill":28,
"exp":0,
"maxlevel":30,
"dr":16,
"dmgMin":12,
"dmgMax":20,
"baseSpeed":1,
"attackDelay":1,
"ht":36,
"name":"Костяной голем[3 уровень]",
"name_objective":"Костяного голема",
"description":"Существо созданое из костей погибших этого подземелья.",
"gender":"masculine",
"spriteDesc":"spritesDesc/BoneGolem_lvl3_sp.json",
"scriptFile":"scripts/mobs/BoneGolem",
"walkingType":"NORMAL",
"aiState":"Hunting",
"canBePet":true
}