 {
"defenseSkill"	: 6,
"attackSkill"	: 35,
"exp"			: 10,
"maxLvl"		: 32,
"dmgMin"		: 0,
"dmgMax"		: 0,
"dr"			: 10,
"baseSpeed"		: 1,
"attackDelay"	: 1,
"ht"			: 50,
"name"			:"Сердце гниллягоды",
"name_objective":"Сердце",
"description"	:"Сердце гнилоягоды- крайне редкое растение, спсобное создавать свою собственную огромную корневую систему. В нутри неё обычно находятся семена, но здесь почему-то виднеется ключ.",
"gender"		:"masculine",
"spriteDesc"	:"spritesDesc/RotHeart_Desc.json",
 "scriptFile"	: "scripts/miniBosses/RotHeart",
 "loot": { "kind":"SkeletonKey" },
"lootChance"	: 1,
"attackRange"	: 32,
"walkingType"	: "CHASM",
"canBePet"		: false,
"flying"		: false,
"friendly"		: false,
 "immunities": [
      "Paralysis",
      "ToxicGas",
      "Terror",
      "Death",
      "Amok",
      "Blindness",
      "Sleep",
      "Poison",
      "Vertigo",
      "Bleeding"
    ]
}
