 {
"defenseSkill"	: 6,
"attackSkill"	: 35,
"exp"			: 10,
"maxLvl"		: 32,
"dmgMin"		: 10,
"dmgMax"		: 30,
"dr"			: 10,
"baseSpeed"		: 1,
"attackDelay"	: 1,
"ht"			: 50,
"name"			:"Заклинатель",
"name_objective":"Заклинателя",
"description"	:"Этот мужчина одет в красную мантию. Вокруг него особое магическое поле. Это явно один из тех, кто смог дойти так далеко.",
"gender"		:"masculine",
"spriteDesc"	:"spritesDesc/Spellser_Desc.json",
 "scriptFile"	: "scripts/miniBosses/Spellser",
 "loot": { "kind":"SkeletonKey" },
"lootChance"	: 1,
"attackRange"	: 32,
"walkingType"	: "CHASM",
"canBePet"		: false,
"flying"		: false,
"friendly"		: false
}
