 {
"defenseSkill"	: 25,
"attackSkill"	: 40,
"exp"			: 65,
"maxLvl"		: 32,
"dmgMin"		: 20,
"dmgMax"		: 50,
"dr"			: 5,
"baseSpeed"		: 1,
"attackDelay"	: 1,
"ht"			: 60,
"name"			:"Визер",
"name_objective":"Визера",
"description"	:" Ты понятие не имеешь, кому в голову могло придти призвать визера. Визер- могущественное адское существо, состоявшее из адского песка и черепов. Призывается оно довольно просто: ставится из песка создаётся чучело и на неё ставится три черепа визер-скелетов или также известных как проклятых рыцарей. ",
"gender"		:"masculine",
"spriteDesc"	:"spritesDesc/Vither3_Desc.json",
 "scriptFile"	: "scripts/bosses/Vither3", 
"loot": {"kind":"Artifacts/NetherStar"},
 "lootChance"	: 1,
"attackRange"	: 32,
"walkingType"	: "NORMAL",
"canBePet"		: false,
"flying" : true,
"friendly"		: false,
"aiState": "Hunting"
}
