{
   "width":16,
   "height":16,
   "map":[ 
           4, 4, 4, 4, 4, 4, 4, 4, 4, 4, 4, 4, 4, 4, 4, 4,
           4, 11, 11, 11, 11, 11, 11, 4, 1, 1, 1, 1, 1, 1, 1, 4,
           4, 1, 1, 1, 1, 1, 1, 4, 1, 1, 1, 1, 1, 1, 1, 4,
           4, 1, 1, 1, 1, 1, 1, 13, 1, 1, 1, 1, 1, 1, 1, 4,
           4, 5, 5, 4, 4, 4, 4, 4, 4, 4, 4, 4, 4, 4, 5, 4,
           4, 1, 1, 4, 1, 1, 1, 1, 1, 4, 1, 1, 1, 1, 1, 4,
           4, 1, 1, 4, 1, 1, 1, 1, 1, 4, 1, 1, 1, 1, 1, 4,
           4, 1, 1, 5, 1, 1, 1, 1, 1, 4, 1, 1, 1, 1, 1, 4,
           4, 1, 1, 4, 1, 1, 1, 1, 1, 4, 1, 1, 1, 1, 1, 4,
           4, 1, 1, 4, 1, 1, 1, 1, 1, 4, 1, 1, 1, 1, 1, 4,
           4, 1, 1, 4, 4, 4, 4, 4, 4, 4, 5, 4, 4, 4, 4, 4,
           4, 1, 1, 5, 1, 1, 1, 1, 1, 4, 1, 1, 1, 1, 1, 4,
           4, 1, 1, 4, 1, 1, 1, 1, 1, 4, 1, 1, 1, 1, 1, 4,
           4, 1, 1, 4, 1, 1, 1, 1, 1, 4, 1, 1, 1, 1, 1, 4,
           4, 7, 1, 4, 1, 1, 1, 1, 1, 4, 1, 1, 1, 1, 8, 4,
           4, 4, 4, 4, 4, 4, 4, 4, 4, 4, 4, 4, 4, 4, 4, 4           
         ],
   "tiles_x":"tiles0_x.png",
   "water":"water0.png",
   "entrance":[1,14],
   "exit":[14,14],
"objects" : [
    {"kind" = "Sign", "x" = 2, "y" = 14, "text" = "Уважаемый игрок, спасибо за тест альфа-версии мода. На данный момент разработка идет полным ходом и уже очень скоро вы сможете насладиться прекрасной атмосферой, геймплеем и музыкой. Оставь свой отзыв об альфа версии в нашей группе в ВКонтакте. Я уверен ты уже подписан на нее. Еще раз хотим поблагодарить вас за игру. Удачи!"}
    
  ],
"mobs" : [
{"kind"="Monk","x"=6,"y"=12}
   ],
"items" = [ 
{"kind"="PotionOfLiquidFlame","x"=6,"y"=7,"quantity"=1},
{"kind"="Codex","x"=6,"y"=8, "text":"CodexEndBad"}
]
}
