{ "baseTileVar":[34, 34, 34, 34, 34, 34, 34, 34, 34, 34, 34, 34, 34, 34, 34, 34, 34, 34, 34, 34, 34, 34, 34, 34, 34, 34, 34, 34, 34, 34, 34, 34, 34, 34, 34, 34, 34, 34, 34, 34, 34, 34, 34, 34, 34, 34, 34, 34, 34, 34, 34, 34, 34, 34, 34, 34, 34, 34, 34, 34, 34, 34, 34, 34, 34, 34, 34, 34, 34, 34, 34, 34, 34, 34, 34, 34, 34, 34, 34, 34, 34, 34, 34, 34, 34, 34, 34, 34, 34, 34, 34, 34, 34, 34, 34, 34, 65, 65, 65, 65, 65, 65, 65, 65, 65, 65, 65, 65, 67, 34, 34, 34, 34, 34, 34, 34, 34, 34, 34, 34, 34, 34, 34, 34, 34, 34, 34, 34, 34, 34, 34, 34, 64, 34, 34, 34, 34, 34, 34, 34, 34, 34, 34, 34, 34, 34, 34, 34, 34, 34, 34, 34, 34, 34, 34, 34, 64, 34, 34, 34, 34, 34, 34, 34, 34, 34, 34, 34, 34, 34, 34, 34, 34, 34, 34, 34, 34, 34, 34, 34, 64, 34, 34, 34, 34, 34, 34, 34, 34, 34, 34, 34, 34, 34, 34, 34, 34, 34, 34, 34, 34, 34, 34, 34, 64, 34, 34, 34, 34, 34, 34, 34, 34, 34, 34, 34, 34, 34, 34, 34, 32, 32, 32, 32, 32, 34, 34, 34, 64, 34, 34, 34, 34, 34, 34, 34, 34, 34, 34, 34, 34, 34, 34, 34, 0, 1, 1, 1, 2, 34, 34, 34, 64, 34, 34, 34, 34, 34, 34, 34, 34, 34, 34, 34, 34, 34, 34, 34, 16, 177, 177, 17, 18, 34, 34, 34, 64, 34, 34, 34, 34, 34, 32, 32, 32, 34, 34, 34, 34, 34, 34, 34, 16, 176, 176, 17, 18, 34, 34, 34, 64, 34, 34, 34, 34, 32, 32, 149, 32, 32, 34, 34, 34, 34, 34, 34, 34, 34, 34, 34, 34, 34, 34, 34, 64, 34, 34, 34, 34, 115, 116, 7, 118, 119, 34, 34, 34, 34, 34, 34, 34, 34, 34, 34, 33, 65, 65, 65, 73, 34, 34, 34, 34, 6, 116, 101, 118, 119, 34, 34, 34, 34, 34, 34, 34, 34, 34, 34, 34, 34, 34, 34, 64, 34, 34, 34, 34, 115, 116, 117, 118, 119, 34, 34, 34, 34, 34, 34, 22, 23, 24, 34, 34, 32, 34, 34, 64, 34, 34, 34, 34, 131, 132, 133, 134, 135, 34, 34, 34, 34, 34, 34, 38, 39, 40, 34, 34, 34, 34, 34, 64, 34, 34, 34, 34, 16, 176, 176, 176, 18, 34, 34, 34, 34, 34, 34, 16, 17, 18, 34, 34, 34, 34, 34, 64, 34, 34, 34, 34, 16, 176, 176, 176, 18, 34, 34, 34, 34, 34, 34, 34, 34, 34, 34, 34, 34, 34, 34, 64, 34, 34, 34, 34, 34, 34, 34, 34, 34, 34, 34, 34, 34, 34, 34, 34, 34, 34, 34, 34, 34, 34, 34, 64, 34, 34, 34, 34, 34, 34, 34, 32, 34, 34, 34, 34, 34, 34, 34, 32, 32, 32, 32, 34, 34, 34, 34, 64, 34, 34, 34, 34, 34, 32, 34, 34, 34, 34, 34, 34, 34, 34, 34, 32, 32, 32, 32, 32, 34, 34, 34, 64, 34, 34, 34, 34, 34, 34, 34, 34, 34, 34, 34, 32, 32, 32, 32, 32, 32, 32, 32, 32, 32, 32, 32, 64, 32, 32, 32, 32, 32, 32, 32, 32, 32, 32, 34],
 "customTiles":true,
 "decoDesc":["", "", "", "", "", "", "", "", "", "", "", "", "", "", "", "", "", "", "", "", "", "", "", "", "", "", "", "", "", "", "", "", "", "", "", "", "", "", "", "", "", "", "", "", "", "", "", "", "", "", "", "", "", "", "", "", "", "", "", "", "", "", "", "", "", "", "", "", "", "", "", "", "", "", "", "", "", "", "", "", "", "", "", "", "", "", "", "", "", "", "", "", "", "", "", "", "", "", "", "", "", "", "", "", "", "", "", "", "", "", "", "", "", "", "", "", "", "", "", "", "", "", "", "", "", "", "", "", "", "", "", "", "", "", "", "", "", "", "", "", "", "", "", "", "", "", "", "", "", "", "", "", "", "", "", "", "", "", "", "", "", "", "", "", "", "", "", "", "", "", "", "", "", "", "", "", "", "", "", "", "", "", "", "", "", "", "", "", "", "", "", "", "", "", "", "", "", "", "", "", "", "", "", "", "", "", "", "", "", "", "", "", "", "", "", "", "", "", "", "", "", "", "", "", "", "", "", "", "", "", "", "", "", "", "", "", "", "", "", "", "", "", "", "", "", "", "", "", "", "", "", "", "", "", "", ""],
 "decoName":["", "", "", "", "", "", "", "", "", "", "", "", "", "", "", "", "", "", "", "", "", "", "", "", "", "", "", "", "", "", "", "", "", "", "", "", "", "", "", "", "", "", "", "", "", "", "", "", "", "", "", "", "", "", "", "", "", "", "", "", "", "", "", "", "", "", "", "", "", "", "", "", "", "", "", "", "", "", "", "", "", "", "", "", "", "", "", "", "", "", "", "", "", "", "", "", "", "", "", "", "", "", "", "", "", "", "", "", "", "", "", "", "", "", "", "", "", "", "", "", "", "", "", "", "", "", "", "", "", "", "", "", "", "", "", "", "", "", "", "", "", "", "", "", "", "", "", "", "", "", "", "", "", "", "", "", "", "", "", "", "", "", "", "", "", "", "", "", "", "", "", "", "", "", "", "", "", "", "", "", "", "", "", "", "", "", "", "", "", "", "", "", "", "", "", "", "", "", "", "", "", "", "", "", "", "", "", "", "", "", "", "", "", "", "", "", "", "", "", "", "", "", "", "", "", "", "", "", "", "", "", "", "", "", "", "", "", "", "", "", "", "", "", "", "", "", "", "", "", "", "", "", "", "", "", ""],
 "decoTileVar":[54, 53, 54, 52, 54, 53, 54, 54, 53, 53, 53, 54, 52, 52, 54, 53, 54, 54, 54, 52, 52, 53, 52, 52, 54, -1, -1, -1, -1, -1, -1, -1, 52, 53, -1, -1, -1, 54, -1, -1, 54, -1, -1, -1, 53, 53, -1, 54, 52, -1, -1, -1, -1, 54, 52, 52, -1, -1, -1, 53, -1, -1, -1, -1, -1, -1, 52, -1, -1, -1, -1, 53, 52, -1, 53, -1, 53, -1, -1, -1, 53, -1, 53, -1, 53, -1, -1, -1, 54, -1, -1, 54, -1, 53, -1, 52, -1, -1, -1, -1, -1, -1, -1, -1, -1, -1, -1, -1, -1, -1, -1, -1, -1, -1, 52, -1, 52, -1, -1, 54, 52, 54, -1, 53, -1, -1, -1, 54, -1, 53, -1, -1, -1, -1, -1, 52, -1, -1, -1, -1, -1, 54, -1, 53, 52, -1, -1, -1, 53, 52, -1, -1, -1, -1, 53, -1, -1, -1, -1, -1, -1, 53, -1, 53, -1, -1, -1, 52, 54, 53, -1, 52, -1, -1, -1, 53, -1, 52, -1, -1, -1, -1, -1, -1, -1, -1, -1, -1, 52, -1, 52, 53, 54, -1, -1, -1, -1, -1, -1, -1, -1, -1, -1, -1, -1, -1, -1, -1, 54, -1, 53, -1, -1, -1, -1, 53, 53, -1, -1, -1, 36, 36, 36, 36, 36, -1, -1, -1, -1, -1, -1, -1, -1, -1, -1, 53, -1, 53, -1, 52, 53, -1, -1, -1, -1, -1, -1, -1, -1, -1, -1, -1, -1, -1, -1, -1, 53, -1, 52, -1, -1, -1, -1, 53, 52, -1, -1, -1, -1, -1, 80, -1, -1, -1, -1, -1, -1, -1, -1, -1, -1, -1, 84, 85, 86, -1, 54, 53, 54, -1, -1, -1, -1, -1, 51, -1, -1, -1, -1, -1, -1, -1, -1, -1, -1, 148, 100, 7, 102, 24, -1, 52, 53, -1, -1, -1, -1, -1, -1, 121, 122, 123, 124, -1, -1, -1, -1, -1, -1, -1, 116, 7, 118, -1, -1, 53, 54, -1, -1, -1, -1, 136, -1, -1, -1, -1, -1, -1, -1, -1, -1, -1, 137, -1, 116, 7, 49, -1, -1, 53, 54, -1, -1, -1, -1, -1, -1, 55, -1, -1, -1, -1, -1, -1, 55, -1, -1, -1, -1, -1, -1, -1, -1, 53, 53, -1, -1, -1, -1, -1, -1, -1, -1, 136, -1, -1, -1, -1, -1, -1, 137, -1, -1, -1, -1, -1, -1, 52, 53, -1, -1, -1, -1, -1, -1, -1, -1, -1, -1, -1, -1, -1, -1, -1, -1, -1, 50, -1, 50, -1, -1, 53, 54, -1, -1, -1, -1, 51, -1, -1, -1, -1, -1, -1, -1, 121, 122, 123, -1, -1, -1, 51, -1, -1, -1, 53, 54, -1, -1, -1, -1, -1, -1, -1, -1, -1, -1, -1, -1, -1, -1, -1, -1, -1, -1, -1, -1, -1, -1, 53, 53, -1, -1, -1, -1, -1, -1, -1, -1, -1, -1, -1, -1, -1, -1, -1, -1, -1, -1, -1, -1, -1, -1, 52, 54, -1, -1, -1, -1, -1, -1, -1, -1, -1, -1, -1, -1, -1, -1, -1, -1, -1, -1, 55, -1, 136, -1, 53, 53, -1, -1, -1, -1, -1, -1, -1, -1, -1, -1, -1, -1, -1, -1, -1, -1, -1, 121, 122, 123, -1, -1, 53, 52, 53, 52, 52, 53, 53, 53, 52, 54, 53, 54, 52, 53, 52, 52, 54, 53, 52, 52, 53, 52, 54, 53, 52],
 "entrance":[11, 22],
 "height":24,
 "map":[4, 4, 4, 4, 4, 4, 4, 4, 4, 4, 4, 4, 4, 4, 4, 4, 4, 4, 4, 4, 4, 4, 4, 4, 4, 1, 1, 1, 1, 1, 1, 1, 4, 4, 1, 1, 1, 4, 1, 1, 4, 1, 1, 1, 4, 4, 1, 4, 4, 1, 1, 1, 1, 4, 4, 4, 1, 1, 1, 4, 1, 1, 1, 1, 1, 1, 4, 1, 1, 1, 1, 4, 4, 1, 4, 1, 4, 1, 1, 1, 4, 1, 4, 1, 4, 1, 1, 1, 4, 1, 1, 4, 1, 4, 1, 4, 4, 1, 1, 1, 1, 1, 1, 1, 1, 1, 1, 1, 1, 1, 1, 1, 1, 1, 4, 1, 4, 1, 1, 4, 4, 4, 1, 4, 1, 1, 1, 4, 1, 4, 1, 1, 1, 1, 1, 4, 1, 1, 1, 1, 1, 4, 1, 4, 4, 1, 1, 1, 4, 4, 1, 1, 1, 1, 4, 1, 1, 1, 1, 1, 1, 4, 1, 1, 1, 1, 1, 4, 4, 4, 1, 4, 1, 1, 1, 4, 1, 4, 1, 1, 1, 1, 1, 1, 1, 1, 1, 1, 1, 1, 4, 4, 4, 1, 1, 1, 1, 1, 1, 1, 1, 1, 1, 1, 1, 1, 1, 1, 4, 1, 4, 1, 1, 1, 1, 4, 4, 1, 1, 1, 4, 4, 4, 4, 4, 1, 1, 1, 1, 1, 1, 1, 1, 1, 1, 4, 1, 4, 1, 4, 4, 1, 1, 1, 4, 4, 4, 4, 4, 1, 1, 1, 1, 1, 1, 1, 4, 1, 4, 1, 1, 1, 1, 4, 4, 1, 1, 1, 4, 4, 4, 4, 4, 1, 1, 1, 1, 1, 1, 1, 1, 1, 1, 4, 1, 1, 4, 4, 4, 1, 1, 1, 4, 4, 8, 4, 4, 1, 1, 1, 1, 1, 1, 1, 1, 4, 4, 4, 4, 4, 1, 4, 4, 1, 1, 1, 1, 1, 1, 1, 1, 1, 1, 1, 1, 1, 1, 1, 1, 4, 4, 4, 4, 4, 1, 4, 4, 1, 1, 1, 1, 1, 1, 1, 1, 1, 1, 1, 1, 1, 1, 1, 1, 4, 4, 4, 4, 4, 1, 4, 4, 1, 1, 1, 1, 1, 1, 1, 1, 1, 1, 1, 1, 1, 1, 1, 1, 4, 4, 4, 4, 4, 1, 4, 4, 1, 1, 1, 1, 1, 1, 1, 1, 1, 1, 1, 1, 1, 1, 1, 1, 4, 4, 4, 4, 4, 1, 4, 4, 1, 1, 1, 4, 4, 4, 1, 1, 1, 1, 1, 1, 1, 1, 1, 1, 4, 4, 4, 4, 4, 1, 4, 4, 1, 1, 1, 4, 4, 4, 1, 1, 1, 1, 1, 1, 1, 1, 1, 1, 4, 4, 8, 4, 4, 1, 4, 4, 1, 1, 1, 1, 1, 1, 1, 1, 1, 1, 1, 1, 1, 1, 1, 1, 1, 1, 1, 1, 1, 1, 4, 4, 1, 1, 1, 1, 1, 1, 1, 1, 1, 1, 1, 1, 1, 1, 1, 1, 1, 1, 1, 1, 1, 1, 4, 4, 1, 1, 1, 1, 1, 1, 1, 1, 1, 1, 1, 1, 1, 1, 1, 1, 1, 1, 4, 1, 1, 1, 4, 4, 1, 1, 1, 1, 1, 1, 1, 1, 1, 1, 1, 1, 1, 1, 1, 1, 1, 1, 1, 1, 1, 1, 4, 4, 4, 4, 4, 4, 4, 4, 4, 4, 4, 4, 4, 4, 4, 4, 4, 4, 4, 4, 4, 4, 4, 4, 4],
 "multiexit":[[5, 18], [6, 12], [19, 18], [22,1], [1,4]],
 "tiles":"Citywip_n.png",
 "water":"water0.png",
 "width":24,
   "mobs" : [
       {"kind":"TownsfolkNPC","x":18,"y":21},
       {"kind":"TownsfolkNPC","x":20,"y":21},
       {"kind":"TownsfolkNPC","x":15,"y":16},
       {"kind":"TownsfolkNPC","x":13,"y":14},
       {"kind":"Crab","x":20,"y":2},
       {"kind":"Crab","x":20,"y":3},
       {"kind":"Crab","x":22,"y":1},
       {"kind":"Crab","x":22,"y":2}
       ]
}