{
   "width":16,
   "height":16,
   "map":[ 4, 4, 4, 4, 4, 4, 4, 4, 4, 4, 4, 4, 4, 4, 4, 4,
           4, 14,14,14,14,14, 4, 1, 1, 8, 1, 1, 1, 1, 1, 4,
           4, 14,14,14,14,14, 4, 1, 1, 1, 1, 1, 1, 1, 1, 4,
           4, 14,14,14,14,14, 5, 1, 1, 1, 1, 1, 1, 1, 1, 4,
           4, 14,14,14,14,14, 4, 1, 1, 1, 1, 1, 1, 1, 1, 4,
           4, 4, 4, 4, 4, 4, 4, 1, 1, 1, 1, 1, 1, 1, 1, 4,
           4, 1, 1, 1, 1, 1, 1, 1, 1, 1, 1, 1, 1, 1, 1, 4,
           4, 1, 1, 1, 1, 1, 1, 1, 1, 1, 1, 1, 1, 1, 1, 4,
           4, 4, 4, 4, 4, 4, 1, 1, 1, 1, 1, 1, 1, 1, 1, 4,
           4, 1, 1, 1, 1, 5, 1, 1, 1, 1, 1, 1, 1, 1, 1, 4,
           4, 1, 1, 4, 4, 4, 1, 1, 1, 1, 1, 1, 1, 1, 1, 4,
           4, 4, 4, 1, 1, 1, 1, 1, 1, 1, 1, 1, 1, 1, 1, 4,
           4, 1, 1, 1, 1, 1, 1, 1, 1, 1, 1, 1, 1, 1, 1, 4,
           4, 1, 1, 1, 1, 1, 1, 1, 1, 1, 1, 1, 1, 1, 1, 4,
           4, 7, 1, 1, 1, 1, 1, 1, 1, 1, 1, 1, 1, 1, 1, 4,
           4, 4, 4, 4, 4, 4, 4, 4, 4, 4, 4, 4, 4, 4, 4, 4           
         ],
   "tiles":"tiles0.png",
   "water":"water0.png",
   "entrance":[14,1],
   "exit":[1,9]
}