{
   "width":16,
   "height":16,
   "map":[ 4, 4, 4, 4, 4, 4, 4, 4, 4, 4, 4, 4, 4, 4, 4, 4,
           4, 7, 1, 1, 1, 1, 1, 1, 1, 1, 1, 4, 1, 1, 1, 4,
           4, 1,63,63,63,63, 1,63,63,63,63, 4, 1, 1, 1, 4,
           4, 1,63, 8, 1,63, 1,63, 1, 1,63, 5, 1, 1, 1, 4,
           4, 1,63, 1, 1,63, 1,63, 1, 1,63, 4, 1, 1, 1, 4,
           4, 1,63,63,63,63, 1,63,63,63,63, 4, 1, 1, 1, 4,
           4, 1,63,63, 1, 1, 1,63, 1, 1, 1, 4, 4, 4, 4, 4,
           4, 1,63, 1,63, 1, 1,63, 1, 1,63,63,63, 1, 1, 4,
           4, 1,63, 1, 1,63, 1,63, 1, 1,63, 1,63,63, 1, 4,
           4, 1, 1, 1, 1, 1, 1, 1, 1, 1,63, 1, 1,63, 1, 4,
           4, 1,14,14,14, 1, 1, 1, 1, 1,63, 1, 1,63, 1, 4,
           4, 1,14, 1,14, 1, 1, 1, 1, 1,63, 1,63,63, 1, 4,
           4, 1,14, 1,14, 1, 1, 1, 1, 1,63,63,63, 1, 1, 4,
           4, 1,14,14,14, 1, 1, 1, 1, 1, 1, 1, 1, 1, 1, 4,
           4, 1, 1, 1, 1, 1, 1, 1, 1, 1, 1, 1, 1, 1, 1, 4,
           4, 4, 4, 4, 4, 4, 4, 4, 4, 4, 4, 4, 4, 4, 4, 4           
         ],
   "tiles_x":"tiles_guts_x.png",
   "water":"water0.png",
   "entrance":[1,1],
   "exit":[3,3],
   "items" = [
      {"kind"="ArmorKit", "x"=4,"y"=4},
      {"kind"="Dart","x"=5,"y"=5,"quantity"=10}
   ],
   "mobs" = [
      {"kind"="Monk","x"=10,"y"=10}
   ]
}