{
   "SewerLevel":{
      "1":{"Rat":1,"Albino":0.03},
      "2":{"Rat":1,"Gnoll":1,"Albino":0.03},
      "3":{"Rat":1,"Gnoll":2,"Crab":1,"Swarm":0.02,"Albino":0.03},
      "4":{"Rat":1,"Gnoll":2,"Crab":1,"Swarm":0.02,"Skeleton":0.01,"Thief":0.01,"Albino":0.03}
   },
   "SewerBossLevel":{
      "any":{"Goo":1}
   },
   "PrisonLevel":{
      "6":{"Skeleton":4,"Thief":2,"Swarm":1,"Shaman":0.2,"Bandit":0.06},
      "7":{"Skeleton":3,"Thief":1,"Swarm":1,"Shaman":1,"Shadow":1,"Bandit":0.03},
      "8":{"Skeleton":3,"Shaman":2,"Thief":1,"Swarm":1,"Shadow":1,"Bat":0.02,"Bandit":0.03},
      "9":{"Skeleton":3,"Shaman":3,"Thief":1,"Swarm":1,"Shadow":1,"Bat":0.02,"Brute":0.01,"Bandit":0.03}
   },
   "PrisonBossLevel":{
      "any":{"Tengu":1}
   },
   "CavesLevel":{
      "11":{"Bat":1,"Brute":0.2},
      "12":{"Bat":1,"Brute":1,"Spinner":0.2,"Shielded":0.03},
      "13":{"Bat":1,"Brute":3,"Spinner":1,"Shaman":1,"Elemental":0.02,"Shielded":0.1},
      "14":{"Bat":1,"Brute":3,"Spinner":4,"Shaman":1,"Elemental":0.02,"Monk":0.01,"Shielded":0.1}
   },
   "CavesBossLevel":{
      "any":{"DM300":1}
   },
   "CityLevel":{
      "16":{"Elemental":1,"Monk":0.2,"Warlock":1},
      "17":{"Elemental":1,"Monk":1,"Warlock":1,"Senior":0.03},
      "18":{"Elemental":1,"Monk":2,"Warlock":1,"Golem":1,"Senior":0.06},
      "19":{"Elemental":1,"Monk":2,"Warlock":1,"Golem":3,"Succubus":0.02,"Senior":0.06}
   },
   "CityBossLevel":{
      "any":{"King":1}
   },
   "HallsLevel":{
      "22":{"Succubus":1,"Eye":1},
      "23":{"Succubus":1,"Eye":2,"Scorpio":1,"Acidic":0.03},
      "24":{"Succubus":1,"Eye":2,"Scorpio":3,"Acidic":0.09}
   },
   "HallsBossLevel":{
      "any":{"Yog":1}
   },
  "RandomLevel":{
    "any":{"Gnoll":1},
    "test_random":{"Swarm":0.01}
  }
}