
 {
"defenseSkill"	: 0,
"attackSkill"	: 10,
"exp"			: 2,
"maxLvl"		: 31,
"dmgMin"		: 10,
"dmgMax"		: 40,
"dr"			: 0,
"baseSpeed"		: 1,
"attackDelay"	: 1,
"ht"			: 50,
"name"			:"Подземный шершень",
"name_objective":"шершня",
"description"	:"Эти шершни питаются пауками.",
"gender"		:"masculine",
"spriteDesc"	:"spritesDesc/BlueBee_Desc.json",
"lootChance"	: 0.1,
"attackRange"	: 1,
"walkingType"	: "NORMAL",
"canBePet"		: false,
"flying"		: true,
"friendly"		: false,
"fraction"      :"HEROES",
"aiState": "Wandering"
}
