 {
"defenseSkill"	: 20,
"attackSkill"	: 25,
"exp"			: 20,
"maxLvl"		: 32,
"dmgMin"		: 30,
"dmgMax"		: 80,
"dr"			: 3,
"baseSpeed"		: 1,
"attackDelay"	: 1,
"ht"			: 300,
"name"			:"Рыцарь хаоса",
"name_objective":"Рыцаря",
"description"	:"Этот рыцарь носит доспех хаоса и больше он ничем не может похвастаться, кроме меча хаоса в комплекте с бронёй конечно.",
"gender"		:"masculine",
"spriteDesc"	:"spritesDesc/ChaosKnight_Desc.json",
"lootChance"	: 0,
"attackRange"	: 1,
"walkingType"	: "NORMAL",
"canBePet"		: true,
"flying"		: false,
"friendly"		: false
}
