
 {
"defenseSkill"	: 14,
"attackSkill"	: 17,
"exp"			: 6,
"maxLvl"		: 34,
"dmgMin"		: 25,
"dmgMax"		: 75,
"dr"			: 5,
"baseSpeed"		: 1,
"attackDelay"	: 1,
"ht"			: 120,
"name"			:"Огненный страж",
"name_objective":"стража",
"description"	: "Горящая статуя",
"gender"		:"masculine",
"spriteDesc"	:"spritesDesc/FireGuard_Desc.json",
 "scriptFile"	: "scripts/mobs/FireGuard",
    "immunities": [
"Fire", "LiquidFlame","Burning"],
"lootChance"	: 0.5,
"attackRange"	: 100,
"walkingType"	: "NORMAL",
"canBePet"		: true,
"flying"		: false,
"friendly"		: false
}
