 {
"defenseSkill"	: 20,
"attackSkill"	: 25,
"exp"			: 20,
"maxLvl"		: 32,
"dmgMin"		: 30,
"dmgMax"		: 60,
"dr"			: 3,
"baseSpeed"		: 1,
"attackDelay"	: 1,
"ht"			: 150,
"name"			:"Грид",
"name_objective":"Грида",
"description"	:"Оживший труп, набитый... золотом?",
"gender"		:"masculine",
"spriteDesc"	:"spritesDesc/FlyGreed_Desc.json",
 "scriptFile"	: "scripts/mobs/FlyGreed",
"lootChance"	: 0,
"attackRange"	: 0,
"walkingType"	: "NORMAL",
"canBePet"		: true,
"flying"		: false,
"friendly"		: false
}
