 {
"defenseSkill"	: 6,
"attackSkill"	: 35,
"exp"			: 10,
"maxLvl"		: 32,
"dmgMin"		: 10,
"dmgMax"		: 16,
"dr"			: 10,
"baseSpeed"		: 1,
"attackDelay"	: 1,
"ht"			: 50,
"name"			:"Щупальце",
"name_objective":"щупальце",
"description"	:"Биологияяяяяя.",
"gender"		:"masculine",
"spriteDesc"	:"spritesDesc/GorgonsBigLasher_Desc.json",
 "loot": { "kind":"Gold" },
"lootChance"	: 1,
"attackRange"	: 1,
"walkingType"	: "WATER",
"canBePet"		: true,
"flying"		: false,
"friendly"		: false,
 "immunities": [
      "Paralysis",
      "ToxicGas",
      "Terror",
      "Death",
      "Amok",
      "Blindness",
      "Sleep",
      "Poison",
      "Vertigo",
      "Bleeding"
    ]
}
