{
  "common": {
    "armor": {
      "kind": "ClothArmor",
      "identified": true
    },
    "items": [
      {
        "kind": "Gold",
        "quantity": 100
      }
    ],
    "str": 10,
    "hp": 20,
    "isSpellUser": true,
    "magicAffinity": "Common",
    "sp": 10,
    "maxSp": 10
  },
  "non_expert": {
    "items": [
      {
        "kind": "Ration"
      }
    ],
    "quickslot": [
      {
        "kind": "Ration"
      }
    ]
  },
  "WARRIOR": {
    "weapon": {
      "kind": "ShortSword",
      "identified": true
    },
    "left_hand": {
      "kind": "OldShield"
    },
    "str": 11,
    "knownItems": [
      {
        "kind": "PotionOfStrength"
      }
    ],
    "isSpellUser": true,
    "magicAffinity": "Combat"
  },
  "MAGE": {
    "items": [
      {
        "kind": "WandOfMagicMissile",
        "identified": true
      }
    ],
    "quickslot": [
      {
        "kind": "WandOfMagicMissile"
      }
    ],
    "knownItems": [
      {
        "kind": "ScrollOfIdentify"
      }
    ],
    "maxSp":15,
    "sp":15,
    "isSpellUser": true,
    "magicAffinity": "Elemental"
  },
  "ROGUE": {
    "ring1": {
      "kind": "RingOfShadows",
      "identified": true,
      "level": 1
    },
    "knownItems": [
      {
        "kind": "ScrollOfMagicMapping"
      }
    ],
    "isSpellUser": true,
    "magicAffinity": "Rouge"
  },
  "HUNTRESS": {
    "items": [
      {
        "kind": "Boomerang",
        "identified": true
      }
    ],
    "quickslot": [
      {
        "kind": "Boomerang"
      }
    ],
    "hp": 15
  },
  "ELF": {
    "weapon": {
      "kind": "ElvenBow",
      "identified": true,
      "level": 1
    },
    "items": [
      {
        "kind": "CommonArrow",
        "quantity": 20,
        "identified": true
      },
      {
        "kind": "ElvenDagger",
        "identified": true
      }
    ],
    "quickslot": [
      {
        "kind": "CommonArrow"
      }
    ],
    "immunities": [
      "Roots"
    ],
    "str": 9,
    "hp": 15
  },
  "NECROMANCER": {
    "armor": {
      "kind": "NecromancerRobe",
      "identified": true
    },
    "items": [
      {
        "kind": "SkeletonKey",
        "levelId": "7",
        "depth": "7"
      }
    ],
    "hp": 15,
    "knownItems": [
      {
        "kind": "PotionOfHealing"
      }
    ],
    "isSpellUser": true,
    "magicAffinity": "Necromancy"
  },
  "GNOLL": {
    "weapon": {
      "kind": "GnollTamahawk",
      "identified": true
    },
    "left_hand": {
      "kind": "Board"
    },
    "armor": {
      "kind": "NoItem"
    },
    "items": [
      {
        "kind": "Dart",
        "identified": true,
        "quantity": 8
      }
    ],
    "quickslot": [
      {
        "kind": "Dart"
      }
    ],
    "forbiddenActions": [
      "Scroll_ACRead",
      "TomeOfMastery_ACRead",
      "Stylus_ACInscribe"
    ],
    "friendlyMobs": [
      "Gnoll",
      "Shaman",
      "Brute",
      "Shielded"
    ],
    "str": 15,
    "hp": 5
  },
  "LICH": {
    "immunities": [
      "Paralysis",
      "ToxicGas",
      "Terror",
      "Death",
      "Amok",
      "Blindness",
      "Sleep",
      "Poison",
      "Vertigo",
      "Bleeding"
    ]
  }
}