{
 "customTiles":true,
 "entrance":[0, 0],
 "height":13,
 "map":[
4, 4, 4, 4, 4, 4, 4, 4, 4, 4, 4, 4, 4, 4, 4,
4, 4, 4, 1, 2, 2, 2, 2, 1, 1, 2, 2, 4, 4, 4,
4, 4, 1, 2, 2, 2, 1, 1, 2, 1, 2, 2, 2, 4, 4,
4, 2, 1, 2, 2, 1, 2, 1, 1, 1, 2, 1, 2, 1, 4,
4, 1, 2, 1, 2, 2, 2, 2, 2, 2, 2, 1, 2, 2, 4,
4, 2, 1, 1, 2, 2, 2, 2, 2, 2, 1, 1, 2, 2, 4,
4, 2, 1, 1, 2, 2, 2, 1, 2, 2, 2, 2, 1, 7, 4,
4, 1, 2, 1, 2, 1, 2, 2, 2, 1, 2, 2, 2, 1, 4,
4, 2, 1, 1, 2, 2, 1, 2, 2, 2, 1, 1, 2, 2, 4,
4, 2, 2, 2, 2, 2, 2, 2, 1, 2, 2, 2, 2, 2, 4,
4, 4, 1, 2, 1, 2, 2, 2, 2, 2, 2, 2, 1, 4, 4,
4, 4, 4, 2, 1, 2, 2, 1, 2, 1, 2, 1, 4, 4, 4,
4, 4, 4, 4, 4, 4, 4, 4, 4, 4, 4, 4, 4, 4, 4],
 "multiexit":[],
 "mobs":[
   {
     "kind":"FairyOverlord",
     "x":7,
     "y":6
   }],
 "tiles_logic":"tiles_sleep.png",
 "tiles_objects":"Objects.png",
 "water":"water_portal.png",
 "width":15
}