{
 "Levels":{
  "0":{"kind":"SewerLevel", "depth":0, "size":[0,0]},
  "testLevel":{"kind":"TestLevel", "depth":0, "size":[32,32], "music":"game.mp3", "script":"scripts/actors/TestLevel"},

  "home":{"kind":"PredesignedLevel", "depth":0, "file":"levelsDesc/Home.json", "noFogOfWar":"true", "isSafe":true, "music":"ost_town_1.mp3", "script": "scripts/actors/DeathCounter"},
  "crossroads":{"kind":"PredesignedLevel", "depth":0, "file":"levelsDesc/Crossroads.json", "noFogOfWar":"true", "isSafe":true, "music":"ost_town_1.mp3", "script": "scripts/actors/Crossroads"},
  "desert":{"kind":"PredesignedLevel", "depth":0, "file":"levelsDesc/Desert.json", "noFogOfWar":"false", "isSafe":false, "music":"Desert.mp3", "script": "scripts/actors/Desert"},
  "tomb":{"kind":"PredesignedLevel", "depth":0, "file":"levelsDesc/Tomb.json", "noFogOfWar":"true", "isSafe":true, "music":"Tomb.mp3", "script": "scripts/actors/DeathCounter"},
  "snowTown":{"kind":"PredesignedLevel", "depth":0, "file":"levelsDesc/Town.json", "noFogOfWar":"true", "isSafe":true, "music":"ost_town_1.mp3", "script": "scripts/actors/Towns/Regular"},
  "shed":{"kind":"PredesignedLevel", "depth":0, "file":"levelsDesc/Shed.json", "noFogOfWar":"true", "isSafe":true, "music":"ost_town_1.mp3", "script": "scripts/actors/DeathCounter"},
  "house1":{"kind":"PredesignedLevel", "depth":0, "file":"levelsDesc/House1.json", "noFogOfWar":"true", "isSafe":true, "music":"ost_town_1.mp3", "script": "scripts/actors/DeathCounter"},
  "house2":{"kind":"PredesignedLevel", "depth":0, "file":"levelsDesc/House2.json", "noFogOfWar":"true", "isSafe":true, "music":"ost_town_1.mp3", "script": "scripts/actors/DeathCounter"},
  "house2_basement":{"kind":"PredesignedLevel", "depth":0, "file":"levelsDesc/House2_Basement.json", "noFogOfWar":"false", "isSafe":true, "music":"ost_town_1.mp3", "script": "scripts/actors/DeathCounter"},
  "tower1":{"kind":"PredesignedLevel", "depth":0, "file":"levelsDesc/Tower1.json", "noFogOfWar":"true", "isSafe":true, "music":"ost_town_1.mp3", "script": "scripts/actors/DeathCounter"},
  "tower2":{"kind":"PredesignedLevel", "depth":0, "file":"levelsDesc/Tower2.json", "noFogOfWar":"true", "isSafe":true, "music":"ost_town_1.mp3", "script": "scripts/actors/Tower"},
  "inn":{"kind":"PredesignedLevel", "depth":0, "file":"levelsDesc/Inn.json", "noFogOfWar":"true", "isSafe":true, "music":"ost_town_1.mp3", "script": "scripts/actors/DeathCounter"},
  "cinema":{"kind":"PredesignedLevel", "depth":0, "file":"levelsDesc/Cinema.json", "noFogOfWar":"true", "isSafe":true, "music":"ost_town_1.mp3", "script": "scripts/actors/DeathCounter"},
  "church":{"kind":"PredesignedLevel", "depth":0, "file":"levelsDesc/Church.json", "noFogOfWar":"true", "isSafe":true, "music":"ost_town_1.mp3", "script": "scripts/actors/DeathCounter"},
  "fortune":{"kind":"PredesignedLevel", "depth":0, "file":"levelsDesc/Fortune.json","noFogOfWar":"true", "isSafe":true, "music":"ost_town_1.mp3", "script": "scripts/actors/DeathCounter"},
  "library":{"kind":"PredesignedLevel", "depth":0, "file":"levelsDesc/Library.json","noFogOfWar":"true", "isSafe":true, "music":"ost_town_1.mp3", "script": "scripts/actors/DeathCounter"},
  "attic":{"kind":"PredesignedLevel", "depth":0, "file":"levelsDesc/Attic.json", "noFogOfWar":"true", "isSafe":true, "music":"ost_town_1.mp3", "script": "scripts/actors/DeathCounter"},
  "town_shop":{"kind":"PredesignedLevel", "depth":0, "file":"levelsDesc/Shop.json","noFogOfWar":"true", "isSafe":true, "music":"ost_town_1.mp3", "script": "scripts/actors/DeathCounter", "treasury":"TownShopTreasury.json"},

  "portal_room_lvl5":{"kind":"PredesignedLevel" , "depth":5 , "file":"levelsDesc/Portal.json", "noFogOfWar":"true", "isSafe":true, "script": "scripts/actors/DeathCounter"},
  "portal_room_lvl10":{"kind":"PredesignedLevel", "depth":10, "file":"levelsDesc/Portal.json", "noFogOfWar":"true", "isSafe":true, "script": "scripts/actors/DeathCounter"},
  "portal_room_lvl15":{"kind":"PredesignedLevel", "depth":15, "file":"levelsDesc/Portal.json", "noFogOfWar":"true", "isSafe":true, "script": "scripts/actors/DeathCounter"},
  "portal_room_lvl20":{"kind":"PredesignedLevel", "depth":20, "file":"levelsDesc/Portal.json", "noFogOfWar":"true", "isSafe":true, "script": "scripts/actors/DeathCounter"},
  "portal_room_lvl25":{"kind":"PredesignedLevel", "depth":25, "file":"levelsDesc/Portal.json", "noFogOfWar":"true", "isSafe":true, "script": "scripts/actors/DeathCounter"},
  "portal_room_lvl31":{"kind":"PredesignedLevel", "depth":31, "file":"levelsDesc/Portal.json","noFogOfWar":"true", "isSafe":true, "script": "scripts/actors/DeathCounter"},
  "portal_room_lvl35":{"kind":"PredesignedLevel", "depth":35, "file":"levelsDesc/Portal.json", "noFogOfWar":"true", "isSafe":true, "script": "scripts/actors/DeathCounter"},

  "shadow_lord_level":{"kind":"ShadowLordLevel", "depth":25, "size":[20,20], "script": "scripts/actors/DeathCounter"},

  "6s":{"kind":"SpiderLevel", "depth":6, "size":[16,16], "script": "scripts/actors/DeathCounter"},
  "7s":{"kind":"SpiderLevel", "depth":7, "size":[32,32], "script": "scripts/actors/DeathCounter"},
  "8s":{"kind":"SpiderLevel", "depth":8, "size":[40,40], "script": "scripts/actors/DeathCounter"},
  "9s":{"kind":"SpiderLevel", "depth":9, "size":[48,48], "script": "scripts/actors/DeathCounter"},
  "10s":{"kind":"SpiderLevel", "depth":10, "size":[64,64], "script": "scripts/actors/DeathCounter"},

  "necro1":{"kind":"NecroLevel", "depth":8, "size":[32,32], "script": "scripts/actors/DeathCounter"},
  "necro2":{"kind":"NecroLevel", "depth":9, "size":[32,32], "script": "scripts/actors/DeathCounter"},
  "necro3":{"kind":"NecroLevel", "depth":10, "size":[32,32], "script": "scripts/actors/DeathCounter"},
  "necro4":{"kind":"NecroLevel", "depth":11, "size":[32,32], "script": "scripts/actors/DeathCounter"},
  "necro5":{"kind":"NecroBossLevel", "depth":12, "size":[32,32], "script": "scripts/actors/DeathCounter"},

  "ice1":{"kind":"IceCavesLevel", "depth":15, "size":[32,32], "music":"ost_ice_caves.mp3", "maxBrightness":1.05, "script": "scripts/actors/DeathCounter"},
  "ice2":{"kind":"IceCavesLevel", "depth":16, "size":[32,32], "music":"ost_ice_caves.mp3", "maxBrightness":1.05, "script": "scripts/actors/DeathCounter"},
  "ice3":{"kind":"IceCavesLevel", "depth":17, "size":[32,32], "music":"ost_ice_caves.mp3", "maxBrightness":1.05, "script": "scripts/actors/DeathCounter"},
  "ice4":{"kind":"IceCavesLevel", "depth":18, "size":[32,32], "music":"ost_ice_caves.mp3", "maxBrightness":1.05, "script": "scripts/actors/DeathCounter"},
  "ice5":{"kind":"IceCavesBossLevel", "depth":19, "size":[32,32], "music":"ost_ice_caves.mp3", "maxBrightness":1.05, "script": "scripts/actors/DeathCounter"},

  "1":{"kind":"SewerLevel", "depth":1, "size":[32,32], "script": "scripts/actors/DeathCounter"},
  "2":{"kind":"SewerLevel", "depth":2, "size":[32,32], "script": "scripts/actors/DeathCounter"},
  "3":{"kind":"SewerLevel", "depth":3, "size":[32,32], "script": "scripts/actors/DeathCounter"},
  "4":{"kind":"SewerLevel", "depth":4, "size":[32,32], "script": "scripts/actors/DeathCounter"},
  "5":{"kind":"SewerBossLevel", "depth":5, "size":[32,32], "music":"ost_boss_1_ambient.mp3", "script": "scripts/actors/DeathCounter"},
  "6":{"kind":"PrisonLevel", "depth":6, "size":[32,32], "script": "scripts/actors/DeathCounter"},
  "7":{"kind":"PrisonLevel", "depth":7, "size":[32,32], "script": "scripts/actors/DeathCounter"},
  "8":{"kind":"PrisonLevel", "depth":8, "size":[32,32], "script": "scripts/actors/DeathCounter"},
  "9":{"kind":"PrisonLevel", "depth":9, "size":[32,32], "script": "scripts/actors/DeathCounter"},
  "10":{"kind":"PrisonBossLevel", "depth":10, "size":[32,32], "script": "scripts/actors/DeathCounter"},
  "11":{"kind":"CavesLevel", "depth":11, "size":[32,32], "music":"ost_caves.mp3", "script": "scripts/actors/DeathCounter"},
  "12":{"kind":"CavesLevel", "depth":12, "size":[32,32], "music":"ost_caves.mp3", "script": "scripts/actors/DeathCounter"},
  "13":{"kind":"CavesLevel", "depth":13, "size":[32,32], "music":"ost_caves.mp3", "script": "scripts/actors/DeathCounter"},
  "14":{"kind":"CavesLevel", "depth":14, "size":[32,32], "music":"ost_caves.mp3", "script": "scripts/actors/DeathCounter"},
  "15":{"kind":"CavesBossLevel", "depth":15, "size":[32,32], "music":"ost_caves.mp3", "script": "scripts/actors/DeathCounter"},
  "16":{"kind":"CityLevel", "depth":16, "size":[32,32], "script": "scripts/actors/DeathCounter"},
  "17":{"kind":"CityLevel", "depth":17, "size":[32,32], "script": "scripts/actors/DeathCounter"},
  "18":{"kind":"CityLevel", "depth":18, "size":[32,32], "script": "scripts/actors/DeathCounter"},
  "19":{"kind":"CityLevel", "depth":19, "size":[32,32], "script": "scripts/actors/DeathCounter"},
  "20":{"kind":"CityBossLevel", "depth":20, "size":[32,32], "script": "scripts/actors/DeathCounter"},
  "21":{"kind":"LastShopLevel", "depth":21, "size":[32,32], "script": "scripts/actors/DeathCounter"},
  "22":{"kind":"HallsLevel", "depth":22, "size":[32,32], "script": "scripts/actors/DeathCounter"},
  "23":{"kind":"HallsLevel", "depth":23, "size":[32,32], "script": "scripts/actors/DeathCounter"},
  "24":{"kind":"HallsLevel", "depth":24, "size":[32,32], "script": "scripts/actors/DeathCounter"},
  "25":{"kind":"ShadowLordLevel", "depth":25, "size":[20,20], "script": "scripts/actors/DeathCounter"},
  "26":{"kind":"FakeLastLevel", "depth":26, "size":[32,32], "script": "scripts/actors/DeathCounter"},
  "27":{"kind":"GutsLevel", "depth":27, "size":[48,48], "script": "scripts/actors/DeathCounter"},
  "28":{"kind":"GutsLevel", "depth":28, "size":[48,48], "script": "scripts/actors/DeathCounter"},
  "29":{"kind":"GutsLevel", "depth":29, "size":[48,48], "script": "scripts/actors/DeathCounter"},
  "30":{"kind":"GutsLevel", "depth":30, "size":[48,48], "script": "scripts/actors/DeathCounter"},
  "31":{"kind":"HallsBossLevel", "depth":31, "size":[32,32], "music":"ost_boss_1_fight.mp3", "script": "scripts/actors/DeathCounter"},
  "32":{"kind":"FakeLastLevel", "depth":32, "size":[32,32], "script": "scripts/actors/DeathCounter"},
  "36":{"kind":"LastLevel", "depth":36, "size":[32,32], "script": "scripts/actors/DeathCounter"},

  "tombPortal_room_lvl1":{"kind":"PredesignedLevel", "depth":6, "file":"levelsDesc/TombPortal.json", "noFogOfWar":"true", "isSafe":true, "music":"tomb.mp3", "script": "scripts/actors/DeathCounter"},

  "tomb1":{"kind":"RandomLevel", "depth":1, "size":[20,20], "file":"levelsDesc/LevelTomb.json", "feeling":"WATER", "music":"tomb.mp3", "script": "scripts/actors/DeathCounter"},
  "tomb2":{"kind":"RandomLevel", "depth":2, "size":[25,25], "file":"levelsDesc/LevelTomb.json", "feeling":"CHASM", "music":"tomb.mp3", "script": "scripts/actors/DeathCounter"},
  "tomb3":{"kind":"RandomLevel", "depth":3, "size":[30,30], "file":"levelsDesc/LevelTomb.json", "music":"tomb.mp3", "script": "scripts/actors/DeathCounter"},
  "tomb4":{"kind":"RandomLevel", "depth":4, "size":[35,35], "file":"levelsDesc/LevelTomb.json", "feeling":"CHASM", "music":"tomb.mp3", "script": "scripts/actors/DeathCounter"},
  "tomb5":{"kind":"RandomLevel", "depth":5, "size":[40,40], "file":"levelsDesc/LevelTomb.json", "feeling":"GRASS", "music":"tomb.mp3", "script": "scripts/actors/DeathCounter"},
  "tomb6":{"kind":"RandomLevel", "depth":6, "size":[45,45], "file":"levelsDesc/LevelTomb.json", "music":"tomb.mp3", "script": "scripts/actors/DeathCounter", "treasury":"TombShopTreasury.json"},
  "tomb7":{"kind":"RandomLevel", "depth":7, "size":[50,50], "file":"levelsDesc/LevelTomb.json", "feeling":"CHASM", "music":"tomb.mp3", "script": "scripts/actors/DeathCounter"},
  "tombFinal":{"kind":"PredesignedLevel", "depth":8, "file":"levelsDesc/TombFinal.json", "isSafe":true, "music":"tomb.mp3", "script": "scripts/actors/DeathCounter"},

  "sleepPortal_room_lvl1":{"kind":"PredesignedLevel", "depth":6, "file":"levelsDesc/SleepPortal.json", "noFogOfWar":"true", "isSafe":true, "music":"surface.mp3", "script": "scripts/actors/DeathCounter"},

  "sleep1":{"kind":"RandomLevel", "depth":1, "size":[32,32], "file":"levelsDesc/LevelSleep.json", "feeling":"GRASS", "music":"surface.mp3", "script": "scripts/actors/DeathCounter"},
  "sleep2":{"kind":"RandomLevel", "depth":2, "size":[32,32], "file":"levelsDesc/LevelSleep.json", "music":"surface.mp3", "script": "scripts/actors/DeathCounter"},
  "sleep3":{"kind":"RandomLevel", "depth":3, "size":[32,32], "file":"levelsDesc/LevelSleep.json", "feeling":"WATER", "music":"surface.mp3", "script": "scripts/actors/DeathCounter"},
  "sleep4":{"kind":"RandomLevel", "depth":4, "size":[32,32], "file":"levelsDesc/LevelSleep.json", "feeling":"CHASM", "music":"surface.mp3", "script": "scripts/actors/DeathCounter"},
  "sleep5":{"kind":"RandomLevel", "depth":5, "size":[32,32], "file":"levelsDesc/LevelSleep.json", "music":"surface.mp3", "script": "scripts/actors/DeathCounter"}
 },

 "Graph":{
  "0":[["home"],[]],
  "testLevel":[["home"],[]],

  "home":[["crossroads"],[]],
  "crossroads":[["home", "ice1","snowTown","home","desert","home"],["home"]],
  "desert":[["tomb","tomb","tomb"],["crossroads"]],
  "tomb":[["tomb1"],["desert","desert","desert"]],
  "snowTown":[["house1","house2","inn","church","cinema","tower1","library","town_shop","fortune","shed"],["crossroads"]],
  "shed":[[],["snowTown"]],
  "house1":[[],["snowTown"]],
  "house2":[["house2_basement"],["snowTown"]],
  "house2_basement":[[],["house2"]],
  "tower1":[["tower2","1"],["snowTown"]],
  "tower2":[[],["tower1"]],
  "inn":[["sleep1"], ["snowTown"]],
  "church":[[],["snowTown"]],
  "town_shop":[[],["snowTown"]],
  "cinema":[[],["snowTown"]],
  "fortune":[["home"],["snowTown"]],
  "library":[["attic"],["snowTown"]],
  "attic":[[],["library"]],
  "1":[["2"],["tower1"]],
  "2":[["3"],["1"]],
  "3":[["4"],["2"]],
  "4":[["5"],["3"]],
  "5":[["portal_room_lvl5","6s"],["4"]],
  "portal_room_lvl5":[["6"],["5"]],
  "6":[["7"],["portal_room_lvl5"]],
  "7":[["8", "necro1"],["6"]],
  "8":[["9"],["7"]],
  "9":[["10"],["8"]],
  "10":[["portal_room_lvl10"],["9"]],
  "portal_room_lvl10":[["11"],["10"]],
  "11":[["12"],["portal_room_lvl10"]],
  "12":[["13"],["11"]],
  "13":[["14"],["12"]],
  "14":[["15","ice1"],["13"]],
  "15":[["portal_room_lvl15"],["14"]],
  "portal_room_lvl15":[["16"],["15"]],
  "16":[["17"],["portal_room_lvl15"]],
  "17":[["18"],["16"]],
  "18":[["19"],["17"]],
  "19":[["20"],["18"]],
  "20":[["portal_room_lvl20"],["19"]],
  "portal_room_lvl20":[["21"],["20"]],
  "21":[["22"],["portal_room_lvl20"]],
  "22":[["23"],["21"]],
  "23":[["24"],["22"]],
  "24":[["25"],["23"]],
  "25":[["portal_room_lvl25"],["24"]],
  "portal_room_lvl25":[["26"],["25"]],
  "26":[["27"],["portal_room_lvl25"]],
  "27":[["28"],["26"]],
  "28":[["29"],["27"]],
  "29":[["30"],["28"]],
  "30":[["31"],["29"]],
  "31":[["portal_room_lvl31"],["30"]],
  "portal_room_lvl31":[["32"],["31"]],
  "32":[["36"],["portal_room_lvl31"]],
  "36":[[],["32"]],
  "6s":[["7s"],["5"]],
  "7s":[["8s"],["6s"]],
  "8s":[["9s"],["7s"]],
  "9s":[["10s"],["8s"]],
  "10s":[["6s"],["9s"]],
  "necro1":[["necro2"],["7"]],
  "necro2":[["necro3"],["necro1"]],
  "necro3":[["necro4"],["necro2"]],
  "necro4":[["necro5"],["necro3"]],
  "necro5":[["necro1"],["necro4"]],
  "ice1":[["ice2"],["14"]],
  "ice2":[["ice3"],["ice1"]],
  "ice3":[["ice4"],["ice2"]],
  "ice4":[["ice5"],["ice3"]],
  "ice5":[["ice1"],["ice4"]],
  "tomb1":[["tomb2"],["tomb"]],
  "tomb2":[["tomb3"],["tomb1"]],
  "tomb3":[["tomb4"],["tomb2"]],
  "tomb4":[["tomb5"],["tomb3"]],
  "tomb5":[["tomb6","tombPortal_room_lvl1"],["tomb4"]],
  "tombPortal_room_lvl1":[[],["tomb5"]],
  "tomb6":[["tomb7"],["tomb5"]],
  "tomb7":[["tombFinal"],["tomb6"]],
  "tombFinal":[[],["tomb7"]],
  "sleep1":[["sleep2"],["inn"]],
  "sleep2":[["sleep3"],["sleep1"]],
  "sleep3":[["sleep4"],["sleep2"]],
  "sleep4":[["sleep5"],["sleep3"]],
  "sleep5":[["sleepPortal_room_lvl1"],["sleep4"]],
  "sleepPortal_room_lvl1":[["dream1", "nightmare1"],["sleep5"]]
 },
 "Entrance":"0"
}