{
"baseTileVar":[
97, 98, 97, 96, 96, 98, 98, 97, 96, 97, 96, 98,
98, 0, 1, 1, 1, 1, 3, 1, 1, 1, 2, 96,
96, 16, 81, 81, 81, 81, 18, 81, 81, 81, 18, 98,
97, 16, 81, 81, 81, 81, 18, 81, 81, 81, 18, 97,
98, 16, 81, 81, 81, 81, 81, 81, 81, 81, 18, 98,
98, 16, 81, 81, 81, 81, 18, 81, 81, 81, 18, 96,
96, 32, 33, 33, 33, 81, 19, 33, 33, 33, 34, 96,
98, 97, 96, 96, 96, 96, 96, 97, 97, 96, 97, 96],
 "customTiles":true,
 "deco2TileVar":[
-1, -1, -1, -1, -1, -1, -1, -1, -1, -1, -1, -1,
-1, -1, -1, -1, -1, -1, -1, -1, -1, -1, -1, -1,
-1, -1, -1, 77, 153, -1, -1, -1, 153, -1, -1, -1,
-1, -1, -1, -1, -1, -1, -1, -1, -1, -1, -1, -1,
-1, -1, -1, -1, -1, -1, -1, -1, -1, -1, -1, -1,
-1, -1, -1, -1, -1, -1, -1, -1, -1, -1, -1, -1,
-1, -1, -1, -1, -1, -1, -1, -1, -1, -1, -1, -1,
-1, -1, -1, -1, -1, 245, -1, -1, -1, -1, -1, -1],
 "decoDesc":[
 "town_deco_wall_desc", "town_deco_wall_desc", "town_deco_wall_desc", "town_deco_wall_desc", "town_deco_wall_desc", "town_deco_shelf_desc", "town_deco_potions_desc", "town_deco_scrolls_desc", "town_deco_scrolls_desc", "town_deco_medicine_desc", "town_deco_wooden_drawer_desc", "town_deco_counter_desc", "town_deco_counter_desc", "town_deco_counter_desc", "town_deco_counter_desc", "town_deco_counter_desc",
 "town_deco_wall_desc", "town_deco_wall_desc", "town_deco_wall_desc", "town_deco_wall_desc", "town_deco_wall_desc", "town_deco_shelf_desc", "town_deco_potions_desc", "town_deco_scrolls_desc", "town_deco_scrolls_desc", "town_deco_medicine_desc", "town_deco_wooden_drawer_desc", "", "", "", "", "",
 "town_deco_wall_desc", "town_deco_wall_desc", "town_deco_wall_desc", "town_deco_wall_desc", "town_deco_wall_desc", "town_deco_shieldboard_desc", "town_deco_shieldboard_desc", "town_deco_emptyboard_desc", "town_deco_emptyboard_desc", "town_deco_weaponboard_desc", "town_deco_weaponboard_desc", "town_deco_counter_desc", "town_deco_counter_desc", "town_deco_counter_desc", "", "",
 "town_deco_wall_desc", "town_deco_wall_desc", "town_deco_wall_desc", "town_deco_wall_desc", "town_deco_wall_desc", "town_deco_wooden_table_desc", "town_deco_wooden_table_desc", "town_deco_wooden_bench_desc", "town_deco_wooden_bench_desc", "town_deco_wooden_bench_desc", "town_deco_wooden_bench_desc", "town_deco_wooden_table_desc", "town_deco_wooden_table_desc", "town_table_fortune_desc", "town_deco_misc_desc", "town_deco_trapdoor_desc",
 "town_deco_wall_desc", "town_deco_window_desc", "town_deco_wall_beam_desc", "town_deco_wall_desc", "town_deco_wall_desc", "town_deco_wooden_chair_desc", "town_deco_wooden_chair_desc", "town_deco_wooden_chair_desc", "town_deco_wooden_chair_desc", "town_deco_wooden_chair_desc", "town_deco_wooden_chair_desc", "town_deco_clock_desc", "town_deco_painting_desc", "town_deco_painting_desc", "town_deco_curtains_desc", "town_deco_curtains_desc",
 "town_deco_floor_desc", "town_deco_floor_desc", "town_deco_floor_desc", "town_deco_wooden_stairs_desc", "town_deco_porch_desc", "town_deco_chest_desc", "town_deco_chest_desc", "town_deco_pedestal_desc", "town_deco_covered_table_desc", "town_deco_covered_table_desc", "town_deco_covered_table_desc", "town_deco_book_desc", "town_deco_book_desc", "town_deco_book_desc", "town_deco_book_desc", "town_deco_book_desc",
 "town_deco_snow_desc", "town_deco_snow_desc", "town_deco_snow_desc", "town_deco_carpet_desc", "town_deco_porch_desc", "town_deco_grandclock_desc", "town_deco_stove_desc", "town_deco_covered_table_desc", "town_decocovered_table_desc", "town_deco_covered_table_desc", "town_deco_covered_table_desc", "town_deco_common_bed_desc", "town_deco_common_bed_desc", "town_deco_torn_bed_desc", "town_deco_torn_bed_desc", "",
 "town_deco_wall_desc", "town_deco_wall_candles_desc", "town_deco_wall_beam_desc", "town_deco_wall_desc", "town_deco_porch_desc", "town_deco_grandclock_desc", "town_deco_stove_desc", "", "town_deco_covered_table_desc", "town_deco_covered_table_desc", "town_deco_covered_table_desc", "town_deco_common_bed_desc", "town_deco_common_bed_desc", "town_deco_torn_bed_desc", "town_deco_torn_bed_desc", "",
 "town_deco_floor_desc", "town_deco_floor_desc", "town_deco_floor_desc", "town_deco_carpet_desc", "town_deco_porch_desc", "town_deco_filmtape_desc", "town_deco_flowerinthepot_desc", "town_deco_flowerinthepot_desc", "town_deco_covered_table_desc", "", "", "", "", "", "", "",
 "town_deco_wooden_stairs_desc", "town_deco_stairs_desc", "town_deco_carpet_desc", "town_deco_carpet_desc", "town_deco_canvas_desc", "town_deco_canvas_desc", "town_deco_canvas_desc", "town_deco_canvas_desc", "town_deco_canvas_desc", "town_deco_curtains_desc", "town_deco_projector_desc", "town_deco_torn_curtains_desc", "", "", "", "",
 "town_deco_rug_desc", "town_deco_rug_desc", "town_deco_carpet_desc", "town_deco_carpet_desc", "town_deco_canvas_desc", "town_deco_canvas_desc", "town_deco_canvas_desc", "town_deco_canvas_desc", "town_deco_canvas_desc", "town_deco_wooden_drawer_desc", "town_deco_filmtape_desc", "", "", "", "", "",
 "town_deco_rug_desc", "town_deco_rug_desc", "town_deco_rug_desc", "town_deco_rug_desc", "", "", "", "", "", "", "", "", "", "", "", "",
 "town_deco_rug_desc", "town_deco_rug_desc", "town_deco_rug_desc", "town_deco_rug_desc", "", "", "", "", "", "", "", "", "", "", "", "",
 "town_deco_library_books_desc", "town_deco_wallpaper_desc", "town_deco_library_books_desc", "town_deco_wall_desc", "", "", "", "", "", "", "", "", "", "", "", "",
 "town_deco_library_books_desc", "town_deco_library_books_desc", "town_deco_library_books_desc", "town_deco_wooden_stairs_desc", "", "", "", "", "", "", "", "", "", "", "", "",
 "town_deco_creator_desc", "town_deco_creator_desc", "town_deco_door_light_desc", "town_deco_door_light_desc", "town_deco_door_light_desc", "town_deco_exit_desc", "town_deco_window_light_desc", "town_deco_window_light_desc", "", "", "", "", "", "", "", ""],
 "decoName":[
 "town_deco_wall_name", "town_deco_wall_name", "town_deco_wall_name", "town_deco_wall_name", "town_deco_wall_name", "town_deco_shelf_name", "town_deco_potions_name", "town_deco_scrolls_name", "town_deco_scrolls_name", "town_deco_medicine_name", "town_deco_wooden_drawer_name", "town_deco_counter_name", "town_deco_counter_name", "town_deco_counter_name", "town_deco_counter_name", "town_deco_counter_name",
 "town_deco_wall_name", "town_deco_wall_name", "town_deco_wall_name", "town_deco_wall_name", "town_deco_wall_name", "town_deco_shelf_name", "town_deco_potions_name", "town_deco_scrolls_name", "town_deco_scrolls_name", "town_deco_medicine_name", "town_deco_wooden_drawer_name", "", "", "", "", "",
 "town_deco_wall_name", "town_deco_wall_name", "town_deco_wall_name", "town_deco_wall_name", "town_deco_wall_name", "town_deco_shieldboard_name", "town_deco_shieldboard_name", "town_deco_emptyboard_name", "town_deco_emptyboard_name", "town_deco_weaponboard_name", "town_deco_weaponboard_name", "town_deco_counter_name", "town_deco_counter_name", "town_deco_counter_name", "", "",
 "town_deco_wall_name", "town_deco_wall_name", "town_deco_wall_name", "town_deco_wall_name", "town_deco_wall_name", "town_deco_wooden_table_name", "town_deco_wooden_table_name", "town_deco_wooden_bench_name", "town_deco_wooden_bench_name", "town_deco_wooden_bench_name", "town_deco_wooden_bench_name", "town_deco_wooden_table_name", "town_deco_wooden_table_name", "town_table_fortune_name", "town_deco_misc_name", "town_deco_trapdoor_name",
 "town_deco_wall_name", "town_deco_window_name", "town_deco_wall_beam_name", "town_deco_wall_name", "town_deco_wall_name", "town_deco_wooden_chair_name", "town_deco_wooden_chair_name", "town_deco_wooden_chair_name", "town_deco_wooden_chair_name", "town_deco_wooden_chair_name", "town_deco_wooden_chair_name", "town_deco_clock_name", "town_deco_painting_name", "town_deco_painting_name", "town_deco_curtains_name", "town_deco_curtains_name",
 "town_deco_floor_name", "town_deco_floor_name", "town_deco_floor_name", "town_deco_wooden_stairs_name", "town_deco_porch_name", "town_deco_chest_name", "town_deco_chest_name", "town_deco_pedestal_name", "town_deco_covered_table_name", "town_deco_covered_table_name", "town_deco_covered_table_name", "town_deco_book_name", "town_deco_book_name", "town_deco_book_name", "town_deco_book_name", "town_deco_book_name",
 "town_deco_snow_name", "town_deco_snow_name", "town_deco_snow_name", "town_deco_carpet_name", "town_deco_porch_name", "town_deco_grandclock_name", "town_deco_stove_name", "town_deco_covered_table_name", "town_deco_covered_table_name", "town_deco_covered_table_name", "town_deco_covered_table_name", "town_deco_common_bed_name", "town_deco_common_bed_name", "town_deco_torn_bed_name", "town_deco_torn_bed_name", "",
 "town_deco_wall_name", "town_deco_wall_candles_name", "town_deco_wall_beam_name", "town_deco_wall_name", "town_deco_porch_name", "town_deco_grandclock_name", "town_deco_stove_name", "", "town_deco_covered_table_name", "town_deco_covered_table_name", "town_deco_covered_table_name", "town_deco_common_bed_name", "town_deco_common_bed_name", "town_deco_torn_bed_name", "town_deco_torn_bed_name", "",
 "town_deco_floor_name", "town_deco_floor_name", "town_deco_floor_name", "town_deco_carpet_name", "town_deco_porch_name", "town_deco_filmtape_name", "town_deco_flowerinthepot_name", "town_deco_flowerinthepot_name", "town_deco_covered_table_name", "", "", "", "", "", "", "",
 "town_deco_wooden_stairs_name", "town_deco_stairs_name", "town_deco_carpet_name", "town_deco_carpet_name", "town_deco_canvas_name", "town_deco_canvas_name", "town_deco_canvas_name", "town_deco_canvas_name", "town_deco_canvas_name", "town_deco_curtains_name", "town_deco_projector_name", "town_deco_torn_curtains_name", "", "", "", "",
 "town_deco_rug_name", "town_deco_rug_name", "town_deco_carpet_name", "town_deco_carpet_name", "town_deco_canvas_name", "town_deco_canvas_name", "town_deco_canvas_name", "town_deco_canvas_name", "town_deco_canvas_name", "town_deco_wooden_drawer_name", "town_deco_filmtape_name", "", "", "", "", "",
 "town_deco_rug_name", "town_deco_rug_name", "town_deco_rug_name", "town_deco_rug_name", "", "", "", "", "", "", "", "", "", "", "", "",
 "town_deco_rug_name", "town_deco_rug_name", "town_deco_rug_name", "town_deco_rug_name", "", "", "", "", "", "", "", "", "", "", "", "",
 "town_deco_library_books_name", "town_deco_wallpaper_name", "town_deco_library_books_name", "town_deco_wall_name", "", "", "", "", "", "", "", "", "", "", "", "",
 "town_deco_library_books_name", "town_deco_library_books_name", "town_deco_library_books_name", "town_deco_wooden_stairs_name", "", "", "", "", "", "", "", "", "", "", "", "",
 "town_deco_creator_name", "town_deco_creator_name", "town_deco_door_light_name", "town_deco_door_light_name", "town_deco_door_light_name", "town_deco_exit_name", "town_deco_window_light_name", "town_deco_window_light_name", "", "", "", "", "", "", "", ""],
 "decoTileVar":[
-1, -1, -1, -1, -1, -1, -1, -1, -1, -1, -1, -1,
-1, -1, -1, -1, -1, -1, -1, -1, -1, -1, -1, -1,
-1, -1, 66, 64, 64, 66, -1, 66, 64, 66, -1, -1,
-1, -1, 70, 59, 60, 70, -1, -1, -1, 108, -1, -1,
-1, -1, -1, -1, -1, -1, -1, -1, -1, 124, -1, -1,
-1, -1, -1, -1, 242, 243, -1, -1, -1, 63, -1, -1,
-1, -1, -1, -1, -1, -1, -1, -1, -1, -1, -1, -1,
-1, 64, 66, 65, 64, 100, 64, 64, 65, 66, 64, -1],
 "entrance":[5, 6],
 "height":8,
 "map":[
1, 1, 1, 1, 1, 1, 1, 1, 1, 1, 1, 1,
1, 4, 4, 4, 4, 4, 4, 4, 4, 4, 4, 1,
1, 4, 35, 35, 35, 35, 4, 35, 35, 35, 4, 1,
1, 4, 1, 35, 35, 1, 4, 1, 1, 1, 4, 1,
1, 4, 1, 1, 1, 1, 1, 1, 1, 35, 4, 1,
1, 4, 1, 1, 1, 1, 4, 1, 1, 35, 4, 1,
1, 4, 4, 4, 4, 7, 4, 4, 4, 4, 4, 1,
1, 35, 35, 35, 35, 4, 35, 35, 35, 35, 35, 1],
 "mobs":[
   ],
 "multiexit":[],
 "roofBaseTileVar":[
-1, -1, -1, -1, -1, -1, -1, -1, -1, -1, -1, -1,
-1, -1, -1, -1, -1, -1, -1, -1, -1, -1, -1, -1,
-1, -1, -1, -1, -1, -1, -1, -1, -1, -1, -1, -1,
-1, -1, -1, -1, -1, -1, -1, -1, -1, -1, -1, -1,
-1, -1, 246, 247, -1, -1, 18, -1, -1, -1, -1, -1,
-1, -1, -1, -1, -1, -1, -1, -1, -1, -1, -1, -1,
-1, -1, -1, -1, -1, 84, -1, -1, -1, -1, -1, -1,
-1, -1, -1, -1, -1, -1, -1, -1, -1, -1, -1, -1],
 "tiles":"tiles_town_inside.png",
 "tiles_base":"tiles_town_inside.png",
 "tiles_deco":"tiles_town_inside.png",
 "tiles_deco2":"tiles_town_inside.png",
 "tiles_logic":"tiles0.png",
 "tiles_mobs":"Mobs.png",
 "tiles_roof_base":"tiles_town_inside.png",
 "water":"water0.png",
 "width":12
}