{
 "customTiles":true,
 "entrance":[1, 7],
 "height":15,
 "map":[
4, 4, 4, 4, 4, 4, 4, 4, 4, 4, 4, 4, 4, 4, 4,
4, 4, 4, 4, 4, 4, 4, 4, 4, 4, 4, 4, 4, 4, 4,
4, 4, 4, 4, 1, 1, 1, 1, 1, 1, 1, 4, 4, 4, 4,
4, 4, 4, 1, 1, 1, 4, 1, 4, 1, 1, 1, 4, 4, 4,
4, 4, 1, 1, 36, 1, 1, 1, 1, 1, 36, 1, 1, 4, 4,
4, 4, 1, 1, 1, 1, 1, 14, 1, 1, 1, 1, 1, 4, 4,
4, 4, 1, 4, 1, 1, 14, 14, 14, 1, 1, 4, 1, 4, 4,
4, 7, 14, 14, 14, 14, 14, 14, 14, 14, 14, 14, 14, 8, 4,
4, 4, 1, 4, 1, 1, 14, 14, 14, 1, 1, 4, 1, 4, 4,
4, 4, 1, 1, 1, 1, 1, 14, 1, 1, 1, 1, 1, 4, 4,
4, 4, 1, 1, 36, 1, 1, 1, 1, 1, 36, 1, 1, 4, 4,
4, 4, 4, 1, 1, 1, 4, 1, 4, 1, 1, 1, 4, 4, 4,
4, 4, 4, 4, 1, 1, 1, 1, 1, 1, 1, 4, 4, 4, 4,
4, 4, 4, 4, 4, 4, 4, 4, 4, 4, 4, 4, 4, 4, 4,
4, 4, 4, 4, 4, 4, 4, 4, 4, 4, 4, 4, 4, 4, 4],
 "multiexit":[[13, 7]],
 "objects":[
        {
         "kind":"PortalGateSender",

         "target":
         {
          "levelId":"sleepPortal_room_lvl1",
          "x":7,
          "y":7
         },

         "x":7,
         "y":7
        }],
 "tiles_logic":"tiles_nightmare.png",
 "tiles_objects":"Objects.png",
 "water":"water3.png",
 "width":15
}