{
 "customTiles":true,
 "entrance":[1, 7],
 "height":15,
 "map":[
4, 4, 4, 4, 4, 4, 4, 4, 4, 4, 4, 4, 4, 4, 4,
4, 4, 4, 4, 4, 4, 4, 4, 4, 4, 4, 4, 4, 4, 4,
4, 4, 4, 4, 1, 1, 1, 1, 1, 1, 1, 4, 4, 4, 4,
4, 4, 4, 1, 1, 1, 4, 1, 4, 1, 1, 1, 4, 4, 4,
4, 4, 1, 1, 36, 1, 1, 1, 1, 1, 36, 1, 1, 4, 4,
4, 4, 1, 1, 1, 1, 1, 14, 1, 1, 1, 1, 1, 4, 4,
4, 4, 1, 4, 1, 1, 14, 14, 14, 1, 1, 4, 14, 8, 4,
4, 7, 14, 14, 14, 14, 14, 14, 14, 14, 14, 14, 14, 4, 4,
4, 4, 1, 4, 1, 1, 14, 14, 14, 1, 1, 4, 14, 8, 4,
4, 4, 1, 1, 1, 1, 1, 14, 1, 1, 1, 1, 1, 4, 4,
4, 4, 1, 1, 36, 1, 1, 1, 1, 1, 36, 1, 1, 4, 4,
4, 4, 4, 1, 1, 1, 4, 1, 4, 1, 1, 1, 4, 4, 4,
4, 4, 4, 4, 1, 1, 1, 1, 1, 1, 1, 4, 4, 4, 4,
4, 4, 4, 4, 4, 4, 4, 4, 4, 4, 4, 4, 4, 4, 4,
4, 4, 4, 4, 4, 4, 4, 4, 4, 4, 4, 4, 4, 4, 4],
 "multiexit":[[13, 6], [13, 8]],
 "objects":[
        {
         "kind":"PortalGateSender",

         "target":
         {
          "levelId":"town",
          "x":12,
          "y":28
         },

         "x":7,
         "y":7
        }],
 "tiles_logic":"tiles_sleep.png",
 "tiles_objects":"Objects.png",
 "water":"water_portal.png",
 "width":15
}