{
 "customTiles":true,
 "entrance":[6, 12],
 "height":14,
 "map":[
4, 4, 4, 4, 4, 4, 4, 4, 4, 4, 4, 4, 4,
4, 4, 4, 1, 1, 1, 1, 1, 1, 1, 4, 4, 4,
4, 4, 1, 1, 1, 4, 1, 4, 1, 1, 1, 4, 4,
4, 1, 1, 1, 1, 1, 1, 1, 1, 1, 1, 1, 4,
4, 1, 1, 1, 36, 1, 1, 1, 36, 1, 1, 1, 4,
4, 1, 35, 1, 1, 14, 14, 14, 1, 1, 35, 1, 4,
4, 1, 1, 1, 1, 14, 8, 14, 1, 1, 1, 1, 4,
4, 1, 35, 1, 1, 14, 14, 14, 1, 1, 35, 1, 4,
4, 1, 1, 1, 36, 1, 1, 1,36, 1, 1, 1, 4,
4, 1, 1, 1, 1, 1, 1, 1, 1, 1, 1, 1, 4,
4, 4, 1, 1, 4, 4, 1, 4, 4, 1, 1, 4, 4,
4, 4, 4, 1, 4, 1, 1, 1, 4, 1, 4, 4, 4,
4, 4, 4, 4, 4, 4, 26, 4, 4, 4, 4, 4, 4,
4, 4, 4, 4, 4, 14, 14, 14, 4, 4, 4, 4, 4],
 "multiexit":[[6, 6]],
 "mobs":[
   {
     "kind":"Husk",
     "x":6,
     "y":10
   },
   {
     "kind":"Mummy",
     "x":3,
     "y":6
   },
   {
     "kind":"TombRaider",
     "x":6,
     "y":5
   },
   {
     "kind":"TombWorm",
     "x":9,
     "y":4
   }],
 "objects":[
   {
     "kind":"PortalGateReceiver",
     "x":6,
     "y":1
   }],
 "tiles_logic":"tiles_tomb.png",
 "tiles_objects":"Objects.png",
 "water":"water_desert.png",
 "width":13
}