{
 "customTiles":true,
 "entrance":[7, 11],
 "height":13,
 "map":[
0, 0, 0, 4, 4, 4, 4, 4, 4, 4, 4, 4, 4, 4, 4,
0, 0, 4, 4, 14, 36, 9, 9, 9, 36, 14, 4, 4, 4, 4,
0, 4, 4, 14, 14, 35, 9, 9, 9, 36, 14, 14, 4, 4, 4,
4, 4, 9, 14, 14, 36, 9, 9, 9, 36, 14, 9, 14, 4, 4,
4, 9, 14, 36, 14, 14, 14, 14, 14, 14, 14, 36, 14, 4, 4,
4, 14, 9, 9, 14, 14, 14, 14, 14, 14, 9, 9, 14, 14, 4,
4, 14, 35, 9, 14, 14, 14, 9, 14, 14, 14, 14, 35, 14, 4,
4, 9, 14, 9, 14, 9, 14, 14, 14, 9, 14, 14, 14, 9, 4,
4, 14, 9, 36, 14, 14, 9, 14, 14, 14, 9, 36, 14, 14, 4,
4, 4, 14, 14, 14, 14, 14, 14, 9, 14, 14, 14, 14, 4, 4,
4, 4, 4, 14, 9, 14, 14, 14, 14, 14, 14, 14, 4, 4, 4,
4, 4, 4, 4, 9, 14, 14, 7, 14, 9, 14, 4, 4, 4, 4,
4, 4, 4, 4, 4, 4, 4, 4, 4, 4, 4, 4, 4, 4, 4],
 "multiexit":[],
 "mobs":[
   {
     "kind":"BoneDragonNPC",
     "x":7,
     "y":2
   }],
 "tiles_logic":"tiles_tomb.png",
 "tiles_objects":"Objects.png",
 "water":"water_desert.png",
 "width":15
}