{
 "customTiles":true,
 "entrance":[6, 10],
 "height":13,
 "map":[
4, 4, 4, 4, 4, 4, 4, 4, 4, 4, 4, 4, 4,
4, 4, 4, 63, 63, 63, 63, 63, 63, 63, 4, 4, 4,
4, 4, 63, 63, 1, 4, 1, 4, 1, 63, 63, 4, 4,
4, 63, 63, 1, 1, 1, 1, 1, 1, 1, 63, 63, 4,
4, 63, 1, 1, 36, 1, 1, 1, 36, 1, 1, 63, 4,
4, 63, 35, 1, 1, 14, 14, 14, 1, 1, 35, 63, 4,
4, 63, 1, 1, 1, 14, 14, 14, 1, 1, 1, 63, 4,
4, 63, 35, 1, 1, 14, 14, 14, 1, 1, 35, 63, 4,
4, 63, 1, 1, 36, 1, 1, 1, 36, 1, 1, 63, 4,
4, 63, 63, 1, 1, 1, 1, 1, 1, 1, 63, 63, 4,
4, 4, 63, 63, 1, 4, 7, 4, 1, 63, 63, 4, 4,
4, 4, 4, 63, 63, 63, 63, 63, 63, 63, 4, 4, 4,
4, 4, 4, 4, 4, 4, 4, 4, 4, 4, 4, 4, 4],
 "multiexit":[],
 "objects":[
        {
         "kind":"PortalGateSender",

         "target":
         {
          "levelId":"tomb",
          "x":6,
          "y":1
         },

         "x":6,
         "y":6
        }],
 "tiles_logic":"tiles_tomb.png",
 "tiles_objects":"Objects.png",
 "water":"water_desert.png",
 "width":13
}