{
"baseTileVar":[-1, -1, -1, -1, -1, -1, -1, -1, -1, -1, -1,
-1, 4, 4, 4, 4, 4, 4, 4, 4, 4, -1,
-1, 4, 1, 1, 1, 1, 1, 1, 1, 4, -1,
-1, 4, 1, 1, 1, 1, 1, 1, 1, 4, -1,
-1, 4, 1, 1, 1, 1, 1, 1, 1, 4, -1,
-1, 4, 1, 1, 1, 8, 1, 1, 1, 4, -1,
-1, 4, 1, 1, 1, 1, 1, 1, 1, 4, -1,
-1, 4, 1, 1, 1, 1, 1, 1, 1, 4, -1,
-1, 4, 1, 1, 1, 1, 1, 1, 1, 4, -1,
-1, 4, 4, 4, 4, 4, 4, 4, 4, 4, -1,
-1, -1, -1, -1, -1, -1, -1, -1, -1, -1, -1],
 "customTiles":true,
 "deco2TileVar":[-1, -1, -1, -1, -1, -1, -1, -1, -1, -1,
-1, -1, -1, -1, -1, -1, -1, -1, -1, -1,
-1, -1, -1, -1, -1, -1, -1, -1, -1, -1,
-1, -1, -1, -1, -1, -1, -1, -1, -1, -1,
-1, -1, -1, -1, -1, -1, -1, -1, -1, -1,
-1, -1, -1, -1, -1, -1, -1, -1, -1, -1,
-1, -1, -1, -1, -1, -1, -1, -1, -1, -1,
-1, -1, -1, -1, -1, -1, -1, -1, -1, -1,
-1, -1, -1, -1, -1, -1, -1, -1, -1, -1,
-1, -1, -1, -1, -1, -1, -1, -1, -1, -1,
-1, -1, -1, -1, -1, -1, -1, -1, -1, -1],
 "decoTileVar":[98, 96, 96, 96, 97, 97, 96, 96, 98, 97, 98,
98, -1, -1, -1, -1, -1, -1, -1, -1, -1, 98,
97, -1, -1, -1, -1, -1, -1, -1, -1, -1, 98,
96, -1, -1, -1, -1, -1, -1, -1, -1, -1, 96,
96, -1, -1, -1, -1, -1, -1, -1, -1, -1, 98,
97, -1, -1, -1, -1, -1, -1, -1, -1, -1, 97,
98, -1, -1, -1, -1, -1, -1, -1, -1, -1, 97,
96, -1, -1, -1, -1, -1, -1, -1, -1, -1, 96,
96, -1, -1, -1, -1, -1, -1, -1, -1, -1, 96,
97, -1, -1, -1, -1, -1, -1, -1, -1, -1, 98,
96, 97, 97, 96, 97, 98, 97, 98, 98, 97, 96],
 "mobs":[
   {
     "kind":"TownGuardNPC",
     "x":2,
     "y":2
   },
   {
     "kind":"TownGuardNPC",
     "x":8,
     "y":2
   },
   {
     "kind":"TownGuardNPC",
     "x":2,
     "y":8
   },
   {
     "kind":"TownGuardNPC",
     "x":8,
     "y":8
   }],
 "entrance":[5, 5],
 "height":11,
 "map":[4, 4, 4, 4, 4, 4, 4, 4, 4, 4, 4,
4, 4, 4, 4, 4, 4, 4, 4, 4, 4, 4,
4, 4, 1, 1, 1, 1, 1, 1, 1, 4, 4,
4, 4, 1, 1, 1, 1, 1, 1, 1, 4, 4,
4, 4, 1, 1, 1, 1, 1, 1, 1, 4, 4,
4, 4, 1, 1, 1, 1, 1, 1, 1, 4, 4,
4, 4, 1, 1, 1, 1, 1, 1, 1, 4, 4,
4, 4, 1, 1, 1, 1, 1, 1, 1, 4, 4,
4, 4, 1, 1, 1, 1, 1, 1, 1, 4, 4,
4, 4, 4, 4, 4, 4, 4, 4, 4, 4, 4,
4, 4, 4, 4, 4, 4, 4, 4, 4, 4, 4],
 "multiexit":[],
 "roofDecoTileVar":[-1, -1, -1, -1, -1, -1, -1, -1, -1, -1,
-1, -1, -1, -1, -1, -1, -1, -1, -1, -1,
-1, -1, -1, -1, -1, -1, -1, -1, -1, -1,
-1, -1, -1, -1, -1, -1, -1, -1, -1, -1,
-1, -1, -1, -1, -1, -1, -1, -1, -1, -1,
-1, -1, -1, -1, -1, -1, -1, -1, -1, -1,
-1, -1, -1, -1, -1, -1, -1, -1, -1, -1,
-1, -1, -1, -1, -1, -1, -1, -1, -1, -1,
-1, -1, -1, -1, -1, -1, -1, -1, -1, -1,
-1, -1, -1, -1, -1, -1, -1, -1, -1, -1,
-1, -1, -1, -1, -1, -1, -1, -1, -1, -1],
 "tiles":"tiles0.png",
 "tiles_base":"tiles0.png",
 "tiles_deco":"tiles_town_inside.png",
 "tiles_deco2":"tiles0.png",
 "tiles_logic":"tiles0.png",
 "tiles_mobs":"Mobs.png",
 "tiles_roof_deco":"tiles0.png",
 "water":"water0.png",
 "width":11
}