{
 "baseTileVar":[
-1, -1, -1, -1, -1, -1, -1, -1, -1, -1,
-1, 4, 4, 4, 4, 4, 4, 4, 4, -1,
-1, 4, 7, -1, 1, 1, 1, 1, 4, -1,
-1, 4, -1, 1, 1, 1, 1, 1, 4, -1,
-1, 4, 1, 1, 1, 1, 1, 1, 4, -1,
-1, 4, 1, 1, 1, 1, 1, 1, 4, -1,
-1, 4, 1, 1, 1, 1, 1, 24, 4, -1,
-1, 4, 1, 1, 2, 1, 24, 8, 4, -1,
-1, 4, 4, 4, 2, 4, 4, 4, 4, -1,
-1, -1, -1, -1, -1, -1, -1, -1, -1, -1],
 "customTiles":true,
 "deco2TileVar":[
-1, -1, -1, -1, -1, -1, -1, -1, -1, -1,
-1, -1, -1, -1, -1, -1, -1, -1, -1, -1,
-1, -1, -1, -1, -1, -1, -1, -1, -1, -1,
-1, -1, -1, -1, -1, -1, -1, -1, -1, -1,
-1, -1, -1, -1, -1, -1, -1, -1, -1, -1,
-1, -1, -1, -1, -1, -1, -1, -1, -1, -1,
-1, -1, -1, -1, -1, -1, -1, -1, -1, -1,
-1, -1, -1, 242, 243, 244, -1, -1, -1, -1,
-1, -1, -1, -1, -1, -1, -1, -1, -1, -1,
-1, -1, -1, -1, -1, -1, -1, -1, -1, -1],
 "decoTileVar":[
98, 96, 96, 97, 97, 96, 96, 98, 97, 98,
98, -1, -1, -1, -1, -1, -1, -1, -1, 98,
97, -1, -1, -1, -1, -1, -1, -1, -1, 98,
96, -1, -1, -1, -1, -1, -1, -1, -1, 96,
96, -1, -1, -1, -1, -1, -1, -1, -1, 98,
97, -1, -1, -1, -1, -1, -1, -1, -1, 97,
98, -1, -1, -1, -1, -1, -1, -1, -1, 97,
96, -1, -1, -1, -1, -1, -1, -1, -1, 96,
97, -1, -1, -1, -1, -1, -1, -1, -1, 98,
96, 97, 97, 96, 98, 97, 98, 98, 97, 96],
 "entrance":[4, 8],
 "height":10,
 "map":[
4, 4, 4, 4, 4, 4, 4, 4, 4, 4,
4, 4, 4, 4, 4, 4, 4, 4, 4, 4,
4, 4, 7, 15, 1, 1, 1, 1, 4, 4,
4, 4, 15, 1, 1, 1, 1, 1, 4, 4,
4, 4, 1, 1, 1, 1, 1, 1, 4, 4,
4, 4, 1, 1, 1, 1, 1, 1, 4, 4,
4, 4, 1, 1, 1, 1, 1, 1, 4, 4,
4, 4, 1, 1, 1, 1, 1, 8, 4, 4,
4, 4, 4, 4, 1, 4, 4, 4, 4, 4,
4, 4, 4, 4, 4, 4, 4, 4, 4, 4],
 "multiexit":[[2, 2], [7, 7]],
 "roofBaseTileVar":[
-1, -1, -1, -1, -1, -1, -1, -1, -1, -1,
-1, -1, -1, -1, -1, -1, -1, -1, -1, -1,
-1, -1, -1, -1, -1, -1, -1, -1, -1, -1,
-1, -1, -1, -1, -1, -1, -1, -1, -1, -1,
-1, -1, -1, -1, -1, -1, -1, -1, -1, -1,
-1, -1, -1, -1, -1, -1, -1, -1, -1, -1,
-1, -1, -1, -1, -1, -1, -1, -1, -1, -1,
-1, -1, -1, -1, -1, -1, -1, -1, -1, -1,
-1, -1, -1, -1, 4, -1, -1, -1, -1, -1,
-1, -1, -1, -1, -1, -1, -1, -1, -1, -1],
 "roofDecoTileVar":[
-1, -1, -1, -1, -1, -1, -1, -1, -1, -1,
-1, -1, -1, -1, -1, -1, -1, -1, -1, -1,
-1, -1, -1, -1, -1, -1, -1, -1, -1, -1,
-1, -1, -1, -1, -1, -1, -1, -1, -1, -1,
-1, -1, -1, -1, -1, -1, -1, -1, -1, -1,
-1, -1, -1, -1, -1, -1, -1, -1, -1, -1,
-1, -1, -1, -1, -1, -1, -1, -1, -1, -1,
-1, -1, -1, -1, -1, -1, -1, -1, -1, -1,
-1, -1, -1, -1, 245, -1, -1, -1, -1, -1,
-1, -1, -1, -1, -1, -1, -1, -1, -1, -1],
 "tiles":"tiles0.png",
 "tiles_base":"tiles0.png",
 "tiles_deco":"tiles_town_inside.png",
 "tiles_deco2":"tiles_town_inside.png",
 "tiles_logic":"tiles0.png",
 "tiles_mobs":"Mobs.png",
 "tiles_roof_base":"tiles0.png",
 "tiles_roof_deco":"tiles_town_inside.png",
 "water":"water0.png",
 "width":10
}