{
  "FOOD": {
    "categoryChance": 10,
    "OverpricedRation" : 1,
    "FriedFish" : 0.05,
    "Pasty": 0.05,
    "ChristmasTurkey": 0.05,
    "PumpkinPie": 0.05
  },
  "THROWABLE": {
    "categoryChance": 10,
    "Dart": 1,
    "CurareDart": 0.1,
    "IncendiaryDart": 0.1,
    "CatchingCapsule": 1
  },
  "ARMOR": {
    "categoryChance": 5,
    "LeatherArmor": 2,
    "ClothArmor": 5,
    "MailArmor": 1
  },
  "SCROLL": {
    "categoryChance": 10,
    "ScrollOfMagicMapping": 1,
    "ScrollOfIdentify": 1,/*
    "ScrollOfReturning": 0.05,*/
    "SpecialSummon": 1
  },
  "POTION": {
    "categoryChance": 10,
    "PotionOfPurity": 1,
    "PotionOfHealing": 1,
    "ManaPotion": 1,
    "Bandage": 0.05,
    "OldBandage": 1
  },
  "WEAPON": {
    "categoryChance": 5,
    "Sword": 1,
    "Knuckles": 1,
    "Spear": 1,
    "CurareDart": 1,
    "Dagger": 1
  },
  "SHIELDS": {
    "categoryChance": 5,
    "WoodenShield": 1
  },
  "ACCESSORIES": {
    "categoryChance": 5,
    "CharmingRing": 1,
    "BlazingRing": 1
  }
}