
 {
"defenseSkill"	: 14,
"attackSkill"	: 19,
"exp"			: 6,
"maxLvl"		: 34,
"dmgMin"		: 0,
"dmgMax"		: 0,
"dr"			: 5,
"baseSpeed"		: 1,
"attackDelay"	: 1,
"ht"			: 65,
"name"			:"Маг",
"name_objective":"Мага",
"description"	: "Это обычный путешественник, который тоже желает приобрести амулет эндора.",
"gender"		:"masculine",
"spriteDesc"	:"spritesDesc/Heroes/Mage_Desc.json",
 "scriptFile"	: "scripts/heroes/Mage",
"lootChance"	: 0,
"attackRange"	: 100,
"walkingType"	: "NORMAL",
"canBePet"		: true,
"flying"		: false,
"friendly"		: false
}
