
 {
"defenseSkill"	: 0,
"attackSkill"	: 0,
"exp"			: 0,
"maxLvl"		: 0,
"dmgMin"		: 0,
"dmgMax"		: 0,
"dr"			: 0,
"baseSpeed"		: 100,
"attackDelay"	: 1,
"ht"			: 1000000,
"viewDistance"	: 1000,
"name"			:"Игрок",
"name_objective": "Игрока",
"description"	:"Каля-базя",
"gender"		:"masculine",
"spriteDesc"	:"spritesDesc/Player_Desc.json",
 "scriptFile"	: "scripts/npc/Player",
"lootChance"	: 0,
"attackRange"	: 1,
"walkingType"	: "NORMAL",
"canBePet"		: false,
"flying" : true,
"friendly"		: true,
"fraction":"NEUTRAL"
}
