﻿{
   "texture" : "king.png",
   "width" : 16,
   "height" : 16,
   "idle" : {
      "fps" : 12,
      "looped" : true,
      "frames" : [0, 0, 0, 0, 0, 0, 0, 0, 0, 0, 0, 0, 1, 1, 1]
   },
   "run" : {
      "fps" : 15,
      "looped" : true,
      "frames" : [2, 3, 4, 5, 6, 7]
   },
   "attack" : {
      "fps" : 15,
      "looped" : false,
      "frames" : [8, 9, 10, 11]
   },
   "die" : {
      "fps" : 8,
      "looped" : false,
      "frames" : [12, 13, 14]
   },
   "bloodColor" : "0xFF7DFF7D"
}




