 {
"defenseSkill"	: 25,
"attackSkill"	: 40,
"exp"			: 0,
"maxLvl"		: 32,
"dmgMin"		: 20,
"dmgMax"		: 50,
"dr"			: 5,
"baseSpeed"		: 1,
"attackDelay"	: 1,
"ht"			: 600,
"name"			:"Незер",
"name_objective":"Незера",
"description"	:"Незер- это визер, немного меньшей мощи. При этом его можно подчинить.",
"gender"		:"masculine",
"spriteDesc"	:"spritesDesc/Nether_Desc.json",
 "scriptFile"	: "scripts/mobs/Nether",
 "lootChance"	: 0,
"attackRange"	: 32,
"walkingType"	: "NORMAL",
"canBePet"		: true,
"flying"		: true,
"friendly"		: false
}
