﻿{
"Levels":{
"0":{"kind":"SewerLevel","depth":0,"size":[0,0]},
"lev00s":{"kind":"PredesignedLevel","depth":1,"size":[16,16],"file":"levelsDesc/lev00s.json","isSafe":false,"music":"winter.mp3"},
"lev01s":{"kind":"PredesignedLevel","depth":2,"size":[16,16],"file":"levelsDesc/lev01s.json","isSafe":false,"music":"dungeon.mp3"},
"lev02s":{"kind":"PredesignedLevel","depth":6,"size":[16,16],"file":"levelsDesc/lev02s.json","isSafe":false,"viewDistance":2,"music":"winter.mp3"},
"lev00m":{"kind":"PredesignedLevel","depth":0,"size":[16,16],"file":"levelsDesc/lev00m.json","isSafe":true,"viewDistance":4,"music":"campfire.mp3"},
"lev01m":{"kind":"PredesignedLevel","depth":1,"size":[32,32],"file":"levelsDesc/lev01m.json","isSafe":false,"viewDistance":3,"music":"winter.mp3"},
"lev02m":{"kind":"PredesignedLevel","depth":2,"size":[32,32],"file":"levelsDesc/lev02m.json","isSafe":false,"viewDistance":3,"music":"winter.mp3"},
"lev03m":{"kind":"PredesignedLevel","depth":3,"size":[32,32],"file":"levelsDesc/lev03m.json","isSafe":false,"viewDistance":3,"music":"winter.mp3"},
"lev04m":{"kind":"PredesignedLevel","depth":4,"size":[32,32],"file":"levelsDesc/lev04m.json","isSafe":false,"viewDistance":2,"music":"dungeon.mp3"},
"lev05m":{"kind":"PredesignedLevel","depth":5,"size":[32,32],"file":"levelsDesc/lev05m.json","isSafe":false,"viewDistance":3,"music":"theme.mp3"}
},
"Graph":{
"0":[["lev00m"],[]],
"lev00s":[["lev00m"],["lev01m"],[1]],
"lev01s":[["lev00m"],["lev03m"],[2]],
"lev02s":[["lev00m"],[]],
"lev00m":[["lev01m"],[]],
"lev01m":[["lev00s","lev02m"],["lev00m"]],
"lev02m":[["lev03m"],["lev01m"],[2]],
"lev03m":[["lev04m","lev01s"],["lev02m"]],
"lev04m":[["lev05m"],["lev03m"],[1]],
"lev05m":[["lev02s"],[]]

},
"Entrance":"0"

}
