{ "baseTileVar":[49, 49, 49, 49, 49, 49, 49, 49, 49, 0, 0, 0, 0, 0, 0, 0, 0, 0, 64, 65, 65, 49, 49, 49, 49, 49, 49, 49, 49, 49, 49, 49, 49, 53, 54, 54, 54, 55, 49, 49, 66, 0, 0, 0, 0, 0, 0, 0, 0, 0, 0, 0, 0, 64, 65, 65, 65, 65, 65, 49, 49, 49, 49, 49, 49, 69, 182, 70, 182, 71, 49, 66, 1, 0, 0, 0, 0, 0, 0, 0, 0, 0, 0, 1, 1, 1, 0, 0, 0, 0, 0, 64, 49, 49, 49, 49, 49, 69, 182, 182, 102, 71, 49, 0, 0, 0, 1, 0, 0, 0, 0, 0, 0, 0, 1, 1, 0, 2, 0, 0, 0, 0, 0, 0, 64, 49, 49, 49, 64, 85, 101, 102, 103, 87, 66, 0, 0, 0, 0, 0, 0, 0, 0, 0, 0, 1, 1, 2, 2, 2, 0, 0, 0, 0, 0, 0, 0, 49, 49, 49, 0, 64, 81, 88, 81, 66, 0, 0, 0, 0, 0, 0, 0, 0, 0, 0, 0, 0, 0, 2, 2, 0, 0, 0, 0, 0, 0, 0, 0, 49, 49, 49, 0, 0, 64, 182, 66, 2, 2, 0, 0, 5, 4, 4, 4, 6, 0, 0, 0, 0, 0, 2, 2, 1, 2, 0, 0, 0, 0, 0, 0, 49, 49, 49, 0, 0, 0, 102, 2, 0, 0, 0, 0, 3, 0, 0, 0, 3, 0, 0, 0, 0, 1, 1, 0, 0, 0, 0, 0, 0, 0, 0, 48, 49, 49, 49, 0, 0, 0, 2, 2, 0, 0, 4, 4, 8, 48, 50, 0, 3, 0, 0, 5, 1, 1, 0, 0, 0, 0, 0, 0, 0, 0, 0, 49, 97, 97, 49, 0, 0, 0, 0, 0, 0, 0, 0, 0, 48, 49, 49, 0, 3, 0, 5, 8, 48, 49, 50, 0, 0, 0, 51, 0, 135, 51, 135, 49, 130, 131, 49, 50, 0, 0, 0, 0, 0, 0, 0, 48, 49, 65, 66, 0, 1, 0, 3, 48, 49, 49, 49, 49, 50, 0, 99, 135, 135, 99, 131, 96, 49, 130, 49, 49, 50, 0, 0, 0, 0, 0, 0, 64, 66, 0, 0, 5, 8, 0, 1, 64, 65, 65, 65, 49, 49, 135, 135, 135, 135, 135, 135, 131, 49, 130, 49, 49, 49, 50, 5, 4, 6, 0, 5, 4, 4, 1, 4, 8, 0, 0, 7, 4, 4, 4, 6, 64, 49, 82, 135, 83, 135, 135, 84, 130, 49, 131, 49, 49, 49, 49, 3, 0, 1, 0, 3, 48, 49, 49, 50, 0, 0, 0, 0, 0, 1, 0, 3, 0, 49, 49, 135, 99, 135, 135, 100, 135, 96, 49, 49, 49, 49, 49, 3, 0, 3, 0, 3, 64, 49, 49, 66, 0, 5, 4, 6, 0, 0, 0, 3, 48, 49, 98, 131, 135, 135, 135, 131, 135, 135, 49, 49, 65, 65, 66, 3, 0, 3, 0, 3, 0, 64, 66, 0, 0, 3, 0, 3, 0, 0, 0, 3, 49, 49, 135, 135, 135, 83, 135, 135, 83, 135, 49, 49, 4, 4, 1, 8, 51, 7, 4, 11, 6, 0, 0, 5, 4, 12, 0, 7, 4, 1, 4, 8, 49, 49, 0, 0, 135, 99, 135, 0, 67, 0, 64, 49, 49, 49, 49, 49, 49, 50, 0, 0, 7, 6, 0, 3, 0, 3, 48, 49, 49, 49, 49, 49, 49, 49, 0, 0, 0, 135, 0, 0, 0, 0, 0, 49, 49, 49, 49, 49, 49, 49, 50, 0, 0, 1, 1, 8, 0, 3, 49, 49, 49, 49, 49, 49, 49, 137, 0, 2, 2, 0, 0, 0, 0, 2, 0, 49, 49, 49, 49, 49, 49, 49, 49, 49, 50, 0, 0, 0, 0, 3, 49, 49, 49, 49, 49, 137, 137, 136, 0, 2, 2, 2, 0, 0, 1, 1, 2, 49, 49, 49, 49, 137, 137, 137, 137, 96, 98, 0, 2, 2, 2, 0, 64, 49, 49, 137, 137, 136, 136, 0, 0, 0, 2, 0, 1, 1, 1, 0, 0, 49, 49, 49, 137, 136, 136, 136, 135, 135, 135, 0, 0, 0, 0, 0, 0, 67, 137, 136, 136, 136, 0, 0, 0, 0, 0, 0, 1, 0, 0, 1, 0, 49, 49, 49, 136, 136, 135, 136, 135, 135, 2, 2, 0, 0, 1, 1, 1, 0, 0, 1, 0, 0, 0, 0, 0, 0, 0, 0, 0, 2, 0, 1, 0, 49, 49, 49, 136, 136, 138, 136, 48, 50, 0, 0, 2, 48, 49, 49, 50, 127, 127, 0, 0, 0, 0, 0, 0, 2, 2, 2, 2, 2, 0, 0, 48, 49, 49, 137, 136, 136, 136, 136, 49, 49, 49, 49, 49, 49, 49, 49, 49, 136, 136, 0, 0, 0, 0, 2, 2, 2, 2, 2, 2, 0, 0, 0, 49, 49, 49, 136, 136, 135, 136, 136, 49, 49, 49, 49, 49, 49, 49, 49, 137, 136, 0, 0, 1, 1, 1, 2, 2, 0, 0, 0, 0, 0, 0, 0, 49, 49, 49, 136, 136, 138, 136, 136, 137, 137, 96, 97, 49, 49, 49, 49, 136, 136, 0, 1, 1, 1, 2, 0, 0, 0, 0, 0, 1, 1, 0, 0, 49, 49, 49, 136, 136, 136, 136, 131, 136, 136, 131, 130, 96, 49, 49, 49, 136, 136, 0, 1, 0, 0, 0, 0, 0, 0, 0, 1, 1, 0, 0, 48, 49, 49, 49, 136, 136, 136, 136, 138, 136, 135, 135, 135, 131, 49, 49, 49, 49, 136, 0, 0, 0, 1, 0, 0, 0, 0, 1, 1, 0, 0, 48, 49, 49, 49, 49, 49, 49, 136, 136, 136, 131, 135, 135, 131, 130, 49, 49, 49, 49, 49, 50, 0, 1, 1, 0, 0, 0, 1, 1, 1, 0, 0, 64, 49, 49, 49, 49, 49, 49, 49, 49, 82, 135, 131, 130, 130, 80, 49, 49, 49, 49, 49, 49, 0, 0, 0, 0, 3, 0, 0, 0, 0, 0, 0, 0, 64, 65, 49, 49, 49, 49, 49, 49, 49, 49, 49, 49, 49, 49, 49, 49, 49, 49, 49, 49, 49, 49, 49, 50, 3, 0, 0, 0, 0, 0, 0, 0, 0, 0, 49],
 "customTiles":true,
 "decoDesc":["", "", "", "", "", "", "", "", "", "", "", "", "", "", "", "", "", "", "", "", "", "", "", "", "", "", "", "", "", "", "", "", "", "", "", "", "", "", "", "", "", "", "", "", "", "", "", "", "", "", "", "", "", "", "", "", "", "", "", "", "", "", "", "", "", "", "", "", "", "", "", "", "", "", "", "", "", "", "", "", "", "", "", "", "", "", "", "", "", "", "", "", "", "", "", "", "", "", "", "", "", "", "", "", "", "", "", "", "", "", "", "", "", "", "", "", "", "", "", "", "", "", "", "", "", "", "", "", "", "", "", "", "", "", "", "", "", "", "", "", "", "", "", "", "", "", "", "", "", "", "", "", "", "", "", "", "", "", "", "", "", "", "", "", "", "", "", "", "", "", "", "", "", "", "", "", "", "", "", "", "", "", "", "", "", "", "", "", "", "", "", "", "", "", "", "", "", "", "", "", "", "", "", "", "", "", "", "", "", "", "", "", "", "", "", "", "", "", "", "", "", "", "", "", "", "", "", "", "", "", "", "", "", "", "", "", "", "", "", "", "", "", "", "", "", "", "", "", "", "", "", "", "", "", "", ""],
 "decoName":["", "", "", "", "", "", "", "", "", "", "", "", "", "", "", "", "", "", "", "", "", "", "", "", "", "", "", "", "", "", "", "", "", "", "", "", "", "", "", "", "", "", "", "", "", "", "", "", "", "", "", "", "", "", "", "", "", "", "", "", "", "", "", "", "", "", "", "", "", "", "", "", "", "", "", "", "", "", "", "", "", "", "", "", "", "", "", "", "", "", "", "", "", "", "", "", "", "", "", "", "", "", "", "", "", "", "", "", "", "", "", "", "", "", "", "", "", "", "", "", "", "", "", "", "", "", "", "", "", "", "", "", "", "", "", "", "", "", "", "", "", "", "", "", "", "", "", "", "", "", "", "", "", "", "", "", "", "", "", "", "", "", "", "", "", "", "", "", "", "", "", "", "", "", "", "", "", "", "", "", "", "", "", "", "", "", "", "", "", "", "", "", "", "", "", "", "", "", "", "", "", "", "", "", "", "", "", "", "", "", "", "", "", "", "", "", "", "", "", "", "", "", "", "", "", "", "", "", "", "", "", "", "", "", "", "", "", "", "", "", "", "", "", "", "", "", "", "", "", "", "", "", "", "", "", ""],
 "decoTileVar":[15, 15, 15, 15, 15, 15, 15, 15, 15, 224, 224, 224, 224, 224, 224, 224, 224, 226, 15, 15, 15, 15, 15, 15, 15, 15, 15, 15, 15, 15, 15, 15, 15, 15, 15, 15, 15, 15, 15, 15, 15, 226, 225, 224, 224, 224, 224, 224, 224, 224, 226, 225, 227, 15, 15, 15, 15, 15, 15, 15, 15, 15, 15, 15, 15, 15, 213, 15, 212, 15, 15, 15, 232, 231, 232, 225, 226, 224, 224, 224, 226, 224, 225, 15, 15, 15, 231, 232, 225, 224, 224, 15, 15, 15, 15, 15, 15, 15, 243, 15, 15, 15, 15, 231, 15, 15, 225, 224, 238, 224, 226, 224, 225, 232, 15, 15, 225, 224, 15, 231, 232, 225, 224, 224, 15, 15, 15, 15, 15, 15, 15, 15, 15, 15, 15, 15, 227, 226, 224, 224, 110, 224, 224, 225, 232, 231, 15, 225, 224, 227, 15, 15, 15, 227, 224, 224, 224, 15, 15, 15, 225, 15, 15, 104, 15, 15, 231, 232, 224, 224, 224, 224, 15, 232, 224, 225, 233, 15, 224, 226, 224, 15, 15, 15, 15, 15, 226, 224, 224, 15, 15, 15, 225, 227, 15, 15, 15, 231, 15, 225, 226, 15, 15, 15, 15, 15, 226, 224, 225, 15, 224, 225, 15, 15, 15, 15, 15, 232, 225, 224, 224, 15, 15, 15, 226, 232, 231, 203, 15, 15, 15, 224, 225, 15, 227, 224, 225, 15, 224, 224, 225, 15, 233, 15, 15, 15, 15, 15, 15, 15, 15, 225, 15, 15, 15, 15, 224, 225, 232, 15, 15, 15, 15, 15, 15, 15, 15, 15, 224, 15, 224, 225, 15, 15, 15, 15, 15, 15, 15, 15, 15, 15, 15, 231, 15, 15, 15, 15, 224, 224, 227, 232, 231, 15, 225, 224, 226, 15, 15, 15, 224, 15, 224, 15, 15, 15, 15, 15, 232, 231, 15, 15, 15, 187, 15, 185, 15, 15, 15, 15, 15, 226, 224, 224, 225, 224, 224, 224, 15, 15, 15, 15, 226, 15, 226, 15, 15, 15, 15, 15, 15, 15, 15, 15, 168, 15, 15, 15, 15, 15, 15, 15, 15, 15, 224, 225, 224, 226, 224, 227, 15, 15, 224, 224, 15, 15, 225, 15, 15, 15, 15, 15, 15, 15, 185, 237, 15, 229, 15, 15, 15, 15, 15, 15, 15, 15, 15, 15, 15, 15, 224, 15, 15, 15, 15, 15, 15, 225, 224, 15, 15, 15, 15, 15, 15, 15, 15, 15, 15, 15, 15, 15, 15, 15, 15, 15, 15, 15, 15, 15, 225, 15, 224, 15, 15, 15, 15, 15, 224, 226, 224, 224, 224, 233, 225, 15, 233, 15, 15, 15, 15, 15, 254, 15, 15, 15, 15, 15, 15, 15, 15, 15, 224, 15, 225, 15, 15, 15, 15, 15, 15, 15, 15, 15, 225, 232, 224, 15, 15, 15, 66, 15, 15, 15, 15, 15, 15, 230, 15, 15, 15, 15, 15, 15, 224, 15, 225, 15, 227, 15, 15, 225, 225, 15, 227, 15, 226, 224, 227, 15, 15, 15, 163, 169, 228, 15, 15, 169, 15, 202, 15, 15, 15, 239, 15, 15, 15, 15, 15, 15, 15, 15, 224, 15, 15, 15, 224, 15, 15, 15, 15, 15, 15, 15, 231, 15, 201, 15, 202, 15, 15, 15, 15, 15, 15, 15, 15, 15, 15, 15, 224, 225, 15, 15, 224, 15, 227, 15, 15, 15, 15, 15, 15, 15, 15, 15, 232, 233, 15, 203, 15, 15, 15, 233, 232, 15, 15, 15, 15, 15, 15, 15, 15, 224, 225, 15, 15, 15, 224, 15, 15, 15, 15, 15, 15, 15, 15, 15, 232, 231, 15, 15, 15, 15, 15, 231, 232, 15, 15, 15, 15, 15, 15, 15, 15, 15, 15, 224, 224, 224, 226, 15, 15, 15, 15, 15, 15, 15, 15, 15, 233, 15, 15, 15, 15, 15, 15, 15, 233, 15, 15, 15, 15, 15, 15, 15, 15, 15, 66, 231, 15, 15, 15, 15, 15, 15, 15, 15, 15, 15, 15, 15, 15, 15, 15, 15, 15, 15, 15, 15, 15, 15, 15, 15, 15, 15, 15, 15, 15, 229, 164, 15, 227, 225, 224, 224, 226, 15, 15, 15, 15, 15, 15, 15, 15, 15, 15, 15, 15, 15, 15, 15, 231, 15, 15, 15, 15, 15, 15, 15, 169, 202, 15, 15, 15, 15, 15, 15, 15, 15, 15, 15, 15, 15, 15, 15, 15, 15, 15, 15, 15, 15, 15, 15, 232, 15, 15, 15, 15, 15, 15, 15, 15, 15, 15, 231, 233, 15, 15, 15, 15, 15, 15, 232, 15, 15, 15, 15, 15, 15, 15, 15, 15, 15, 15, 233, 15, 15, 15, 15, 15, 15, 15, 15, 15, 15, 15, 15, 15, 15, 15, 15, 15, 15, 15, 232, 231, 15, 15, 15, 15, 15, 15, 15, 15, 15, 15, 232, 15, 15, 15, 15, 15, 15, 15, 15, 15, 15, 15, 15, 15, 15, 15, 15, 15, 15, 233, 15, 15, 15, 15, 15, 15, 15, 15, 15, 15, 15, 15, 15, 15, 15, 15, 15, 15, 15, 15, 15, 15, 15, 15, 15, 15, 15, 15, 15, 15, 15, 15, 15, 15, 15, 15, 15, 15, 15, 15, 15, 233, 232, 227, 225, 15, 15, 15, 15, 15, 15, 15, 15, 15, 15, 15, 15, 15, 15, 15, 15, 15, 15, 226, 232, 15, 15, 15, 15, 15, 15, 15, 15, 226, 110, 224, 15, 15, 15, 15, 15, 15, 15, 15, 15, 15, 15, 15, 236, 15, 15, 15, 15, 15, 15, 224, 225, 227, 233, 15, 15, 15, 15, 15, 231, 224, 238, 15, 15, 15, 15, 15, 15, 15, 15, 15, 15, 15, 235, 15, 15, 15, 15, 15, 15, 15, 15, 15, 224, 226, 225, 15, 15, 15, 15, 226, 227, 225, 224, 15, 15, 15, 15, 15, 15, 15, 15, 15, 15, 15, 15, 15, 15, 15, 15, 15, 15, 15, 15, 15, 224, 224, 227, 233, 239, 15, 225, 224, 225, 224, 224, 224, 15, 15, 15, 15, 15, 15, 15, 15, 15, 15, 15, 15, 15, 15, 15, 15, 15, 15, 15, 15, 15, 15, 15, 15, 15, 227, 224, 224, 224, 224, 224, 224, 224, 224, 15],
 "entrance":[1, 16],
 "height":32,
 "map":[4, 4, 4, 4, 4, 4, 4, 4, 4, 4, 4, 4, 4, 4, 4, 4, 4, 4, 4, 4, 4, 4, 4, 4, 4, 4, 4, 4, 4, 4, 4, 4, 4, 4, 4, 4, 4, 4, 4, 4, 4, 4, 4, 4, 4, 4, 4, 4, 4, 4, 4, 4, 4, 4, 4, 4, 4, 4, 4, 4, 4, 4, 4, 4, 4, 4, 1, 4, 1, 4, 4, 4, 1, 1, 1, 4, 4, 4, 4, 4, 4, 4, 4, 1, 1, 1, 1, 1, 4, 4, 4, 4, 4, 4, 4, 4, 4, 4, 1, 1, 1, 4, 4, 1, 1, 1, 4, 4, 1, 4, 4, 4, 4, 1, 1, 1, 4, 4, 1, 1, 1, 4, 4, 4, 4, 4, 4, 4, 4, 4, 4, 1, 4, 4, 4, 1, 4, 4, 4, 4, 16, 4, 4, 4, 1, 1, 1, 4, 4, 4, 1, 1, 1, 4, 4, 4, 4, 4, 4, 4, 4, 4, 4, 10, 4, 4, 1, 1, 4, 4, 4, 4, 1, 1, 4, 4, 1, 1, 4, 4, 4, 1, 1, 1, 1, 1, 4, 4, 4, 4, 4, 4, 4, 4, 4, 1, 4, 1, 1, 4, 4, 1, 1, 1, 1, 1, 4, 4, 4, 1, 4, 4, 1, 1, 1, 1, 1, 1, 4, 4, 4, 4, 4, 4, 4, 1, 1, 1, 1, 1, 1, 4, 4, 1, 4, 4, 4, 1, 4, 4, 4, 1, 1, 1, 1, 1, 1, 1, 1, 1, 1, 4, 4, 4, 4, 4, 4, 4, 1, 1, 1, 1, 1, 1, 1, 1, 4, 4, 4, 1, 4, 4, 1, 1, 1, 1, 1, 1, 1, 1, 1, 1, 1, 1, 4, 4, 4, 4, 4, 4, 4, 1, 1, 1, 4, 4, 4, 4, 4, 4, 4, 1, 4, 1, 1, 4, 4, 4, 1, 1, 1, 4, 1, 1, 4, 1, 4, 1, 1, 4, 4, 4, 4, 4, 4, 4, 4, 4, 4, 4, 4, 4, 4, 1, 4, 1, 4, 4, 4, 4, 4, 4, 1, 4, 1, 1, 4, 1, 4, 4, 1, 4, 4, 4, 4, 4, 4, 4, 4, 4, 4, 4, 4, 4, 1, 1, 4, 1, 4, 4, 4, 4, 4, 4, 1, 1, 1, 1, 1, 1, 1, 4, 1, 4, 4, 4, 4, 1, 1, 1, 4, 1, 1, 1, 1, 1, 1, 4, 4, 1, 1, 1, 1, 1, 4, 4, 4, 1, 4, 1, 1, 4, 1, 16, 1, 4, 4, 4, 4, 1, 4, 1, 4, 1, 4, 4, 4, 4, 4, 4, 4, 4, 4, 1, 4, 1, 1, 4, 4, 1, 4, 1, 1, 4, 1, 4, 4, 4, 4, 4, 4, 1, 4, 1, 4, 1, 4, 4, 4, 4, 1, 1, 1, 1, 4, 1, 4, 1, 4, 4, 4, 1, 1, 1, 1, 1, 1, 1, 4, 4, 4, 4, 4, 1, 4, 1, 4, 1, 4, 4, 4, 4, 4, 1, 4, 1, 4, 4, 4, 1, 4, 4, 1, 1, 1, 4, 1, 1, 4, 1, 4, 4, 4, 7, 1, 1, 4, 1, 1, 1, 1, 1, 4, 1, 1, 1, 4, 1, 1, 1, 1, 1, 4, 4, 1, 1, 1, 4, 1, 1, 4, 1, 4, 4, 4, 4, 4, 4, 4, 4, 4, 4, 1, 1, 4, 1, 4, 1, 4, 4, 4, 4, 4, 4, 4, 4, 1, 1, 1, 1, 1, 1, 1, 1, 1, 4, 4, 4, 4, 4, 4, 4, 4, 4, 4, 1, 1, 1, 4, 1, 4, 4, 4, 4, 4, 4, 4, 43, 1, 1, 1, 1, 1, 1, 1, 1, 1, 4, 4, 4, 4, 4, 4, 4, 4, 4, 4, 4, 4, 4, 4, 1, 4, 4, 4, 4, 4, 43, 43, 43, 1, 1, 1, 1, 1, 1, 1, 1, 1, 4, 4, 4, 4, 43, 43, 43, 43, 4, 4, 1, 1, 1, 1, 1, 4, 4, 4, 43, 43, 43, 43, 1, 1, 1, 1, 1, 1, 1, 1, 1, 1, 4, 4, 4, 43, 43, 43, 43, 1, 1, 1, 1, 4, 4, 4, 4, 4, 4, 43, 43, 43, 43, 1, 1, 1, 1, 1, 1, 1, 1, 1, 1, 1, 4, 4, 4, 43, 43, 1, 43, 1, 1, 1, 1, 1, 1, 1, 1, 1, 1, 1, 1, 1, 1, 1, 1, 1, 1, 1, 1, 1, 1, 1, 1, 1, 4, 4, 4, 43, 43, 43, 43, 4, 4, 1, 1, 1, 4, 4, 4, 4, 43, 43, 1, 1, 1, 1, 1, 1, 1, 1, 1, 1, 1, 1, 1, 4, 4, 4, 43, 43, 43, 43, 43, 4, 4, 4, 4, 4, 4, 4, 4, 4, 43, 43, 1, 1, 1, 1, 1, 1, 1, 1, 1, 1, 1, 1, 1, 4, 4, 4, 43, 43, 1, 43, 43, 4, 4, 4, 4, 4, 4, 4, 4, 43, 43, 1, 1, 1, 1, 1, 1, 1, 1, 1, 1, 1, 1, 1, 1, 4, 4, 4, 43, 43, 43, 43, 43, 43, 43, 4, 4, 4, 4, 4, 4, 43, 43, 1, 1, 1, 1, 1, 1, 1, 1, 1, 1, 1, 1, 4, 4, 4, 4, 4, 43, 43, 43, 43, 1, 43, 43, 1, 1, 4, 4, 4, 4, 43, 43, 4, 1, 1, 1, 1, 1, 1, 1, 1, 1, 4, 16, 4, 4, 4, 4, 4, 43, 43, 43, 43, 43, 43, 1, 1, 1, 1, 4, 4, 4, 4, 43, 4, 4, 4, 1, 1, 1, 1, 1, 1, 1, 4, 1, 4, 4, 4, 4, 4, 4, 4, 43, 43, 43, 1, 1, 1, 1, 1, 4, 4, 4, 4, 4, 4, 4, 4, 4, 1, 1, 1, 1, 4, 4, 4, 4, 4, 4, 4, 4, 4, 4, 4, 4, 4, 4, 1, 1, 1, 1, 4, 4, 4, 4, 4, 4, 4, 4, 4, 4, 1, 8, 1, 4, 4, 4, 4, 4, 4, 4, 4, 4, 4, 4, 4, 4, 4, 4, 4, 4, 4, 4, 4, 4, 4, 4, 4, 4, 4, 4, 4, 4, 4, 4, 4, 4, 4, 4, 4, 4, 4, 4, 4, 4],
 "multiexit":[[21, 30]],
 "tiles":"tiles_decoration.png",
 "tiles_deco":"tiles_decoration.png",
 "water":"water0.png",
 "width":32,
 
	"items":[
	{"kind":"ScrollOfChallenge","x":30,"y":9, "identified":true, "quantity":1},
	{"kind":"OverpricedRation","x":28,"y":12, "identified":true, "quantity":1},
	{"kind":"OverpricedRation","x":29,"y":9, "identified":true, "quantity":1},
	{"kind":"PotionOfHealing","x":12,"y":3, "identified":true, "quantity":1},
	{"kind":"PotionOfMight","x":27,"y":28, "identified":true, "quantity":1},
	{"kind":"Weightstone","x":4,"y":2, "identified":true, "quantity":1},
	{"kind":"Codex","x":4,"y":2,"text":"Codex02"}
],
	"mobs":[
	{"kind":"spirit_cst","x":8,"y":29,"loot":{"kind":"IronKey","levelId":"lev02m"}},
	{"kind":"gnoll_cst","x":16,"y":4,"aiState": "Sleeping"},
	{"kind":"gnoll_cst","x":19,"y":3,"aiState": "Sleeping"},
	{"kind":"gnoll_cst","x":20,"y":28,"aiState": "Sleeping"},
	{"kind":"gnoll_cst","x":20,"y":28,"aiState": "Sleeping"},
	{"kind":"gnoll_cst","x":23,"y":29,"aiState": "Sleeping"},
	{"kind":"gnoll_cst","x":10,"y":2,"aiState": "Wandering"},
	{"kind":"gnoll_cst","x":20,"y":13,"aiState": "Wandering"},
	{"kind":"gnoll_cst","x":6,"y":21,"aiState": "Wandering"},
	{"kind":"gnoll_cst","x":25,"y":22,"aiState": "Wandering"},
	{"kind":"gnoll_cst","x":26,"y":8,"aiState": "Wandering"}
	]
}