{ "baseTileVar":[128, 128, 128, 128, 128, 128, 65, 66, 0, 0, 0, 0, 64, 65, 65, 128, 128, 129, 128, 128, 128, 128, 128, 128, 128, 128, 128, 128, 128, 66, 0, 0, 128, 128, 128, 128, 65, 66, 0, 0, 0, 0, 0, 0, 2, 2, 0, 64, 66, 0, 64, 65, 128, 128, 128, 128, 128, 65, 65, 65, 66, 0, 0, 0, 128, 128, 65, 66, 0, 0, 0, 0, 0, 0, 0, 0, 0, 0, 0, 0, 0, 3, 2, 2, 64, 65, 65, 65, 66, 0, 0, 0, 0, 0, 0, 48, 128, 66, 0, 0, 0, 0, 0, 0, 0, 0, 1, 0, 0, 0, 4, 4, 4, 11, 6, 0, 0, 0, 0, 0, 0, 0, 0, 0, 0, 48, 128, 128, 128, 0, 0, 0, 0, 48, 50, 0, 0, 0, 0, 0, 0, 0, 1, 1, 0, 0, 13, 4, 4, 4, 4, 4, 4, 4, 4, 6, 2, 64, 128, 128, 67, 0, 0, 0, 48, 128, 66, 5, 0, 0, 0, 0, 0, 0, 48, 50, 1, 0, 0, 0, 0, 0, 0, 0, 0, 0, 0, 7, 6, 0, 128, 128, 0, 0, 0, 0, 128, 128, 5, 8, 0, 0, 0, 0, 0, 0, 128, 66, 1, 1, 0, 0, 0, 0, 0, 0, 0, 0, 0, 0, 3, 0, 128, 128, 0, 0, 0, 0, 128, 66, 3, 48, 50, 1, 1, 1, 1, 0, 67, 0, 1, 1, 0, 0, 0, 0, 48, 128, 128, 128, 128, 50, 3, 2, 128, 128, 0, 0, 0, 0, 67, 0, 3, 64, 128, 66, 0, 0, 1, 0, 0, 0, 0, 0, 0, 0, 0, 48, 128, 128, 128, 128, 128, 128, 3, 2, 128, 128, 0, 0, 0, 0, 0, 0, 3, 1, 67, 0, 0, 1, 1, 0, 0, 0, 0, 0, 0, 0, 0, 128, 128, 128, 128, 128, 128, 128, 3, 2, 128, 128, 0, 0, 0, 0, 0, 0, 3, 1, 0, 0, 0, 1, 0, 0, 0, 0, 0, 0, 0, 0, 0, 64, 128, 128, 128, 128, 128, 66, 3, 0, 128, 128, 0, 0, 0, 0, 0, 0, 1, 0, 0, 0, 2, 0, 0, 0, 0, 0, 0, 0, 48, 50, 0, 0, 64, 65, 128, 128, 66, 0, 3, 0, 64, 128, 0, 0, 0, 0, 1, 1, 1, 2, 2, 2, 2, 0, 0, 2, 2, 0, 0, 48, 128, 128, 0, 0, 0, 0, 64, 66, 0, 5, 8, 0, 0, 128, 0, 2, 2, 0, 1, 1, 0, 2, 2, 1, 0, 0, 0, 2, 2, 0, 0, 64, 128, 128, 0, 0, 0, 0, 0, 0, 0, 3, 0, 0, 0, 128, 0, 2, 2, 0, 0, 0, 0, 0, 1, 0, 0, 0, 0, 2, 1, 1, 0, 0, 128, 128, 0, 0, 0, 0, 0, 0, 0, 3, 0, 0, 0, 67, 0, 2, 0, 0, 0, 0, 0, 1, 0, 0, 0, 0, 0, 0, 0, 0, 0, 0, 128, 66, 0, 0, 0, 0, 0, 0, 0, 3, 0, 0, 0, 0, 0, 2, 0, 0, 0, 0, 0, 1, 0, 0, 0, 0, 0, 48, 50, 0, 2, 0, 67, 0, 0, 0, 0, 0, 0, 0, 5, 8, 48, 50, 0, 0, 0, 0, 0, 0, 0, 0, 0, 1, 1, 0, 2, 0, 0, 128, 128, 0, 2, 0, 0, 0, 0, 0, 0, 0, 0, 0, 3, 0, 128, 128, 0, 0, 0, 0, 0, 0, 0, 0, 0, 1, 0, 0, 2, 0, 48, 128, 66, 2, 2, 0, 0, 0, 0, 0, 0, 0, 0, 0, 3, 48, 128, 66, 0, 0, 0, 0, 2, 2, 2, 0, 0, 1, 0, 0, 2, 0, 128, 66, 0, 2, 2, 0, 0, 0, 0, 0, 0, 0, 0, 5, 8, 64, 66, 0, 0, 0, 0, 0, 2, 2, 2, 0, 0, 0, 0, 0, 2, 0, 67, 0, 0, 2, 0, 0, 0, 0, 0, 0, 0, 0, 0, 0, 0, 0, 0, 0, 0, 0, 50, 0, 0, 2, 2, 0, 0, 126, 0, 0, 2, 2, 0, 0, 0, 0, 0, 0, 0, 0, 0, 0, 0, 0, 0, 0, 0, 0, 0, 5, 0, 0, 128, 0, 0, 0, 2, 2, 0, 0, 0, 0, 0, 2, 2, 2, 0, 0, 0, 0, 0, 0, 0, 0, 0, 0, 1, 0, 0, 0, 0, 3, 0, 0, 128, 0, 116, 68, 68, 125, 2, 0, 68, 52, 116, 0, 2, 2, 0, 0, 0, 0, 0, 0, 0, 0, 1, 1, 1, 0, 0, 0, 0, 3, 0, 0, 128, 0, 116, 120, 120, 122, 123, 124, 120, 121, 116, 0, 2, 0, 0, 0, 0, 0, 0, 0, 0, 1, 1, 1, 0, 0, 0, 0, 5, 8, 0, 0, 128, 128, 116, 120, 120, 120, 120, 120, 120, 120, 117, 50, 0, 0, 0, 0, 0, 0, 0, 0, 0, 1, 1, 0, 0, 0, 0, 1, 3, 0, 0, 0, 128, 128, 117, 122, 120, 120, 120, 121, 121, 120, 116, 128, 50, 0, 0, 0, 0, 0, 0, 0, 0, 0, 0, 2, 0, 1, 1, 1, 0, 0, 0, 0, 128, 128, 116, 120, 120, 121, 120, 120, 120, 121, 116, 128, 66, 0, 0, 0, 0, 0, 0, 0, 0, 0, 2, 0, 0, 1, 1, 0, 0, 0, 0, 0, 128, 128, 116, 116, 116, 116, 116, 117, 117, 116, 116, 49, 0, 0, 0, 0, 48, 128, 128, 128, 128, 50, 2, 2, 2, 0, 0, 0, 0, 0, 0, 0, 128, 128, 128, 49, 49, 49, 49, 49, 65, 65, 65, 66, 0, 0, 0, 48, 128, 128, 128, 128, 128, 128, 50, 0, 0, 0, 0, 0, 0, 0, 0, 0, 128, 128, 128, 128, 49, 49, 49, 49, 0, 0, 0, 0, 48, 128, 128, 128, 128, 128, 128, 128, 128, 128, 128, 128, 128, 50, 0, 0, 0, 0, 0, 0, 128, 128, 128, 128, 128, 128, 128, 49, 0, 0, 48, 128, 128, 128, 128, 128, 128, 128, 128, 128, 128, 128, 128, 128, 128, 128, 128, 128, 128, 50, 0, 0],
 "customTiles":true,
 "decoDesc":["", "", "", "", "", "", "", "", "", "", "", "", "", "", "", "", "", "", "", "", "", "", "", "", "", "", "", "", "", "", "", "", "", "", "", "", "", "", "", "", "", "", "", "", "", "", "", "", "", "", "", "", "", "", "", "", "", "", "", "", "", "", "", "", "", "", "", "", "", "", "", "", "", "", "", "", "", "", "", "", "", "", "", "", "", "", "", "", "", "", "", "", "", "", "", "", "", "", "", "", "", "", "", "", "", "", "", "", "", "", "", "", "", "", "", "", "", "", "", "", "", "", "", "", "", "", "", "", "", "", "", "", "", "", "", "", "", "", "", "", "", "", "", "", "", "", "", "", "", "", "", "", "", "", "", "", "", "", "", "", "", "", "", "", "", "", "", "", "", "", "", "", "", "", "", "", "", "", "", "", "", "", "", "", "", "", "", "", "", "", "", "", "", "", "", "", "", "", "", "", "", "", "", "", "", "", "", "", "", "", "", "", "", "", "", "", "", "", "", "", "", "", "", "", "", "", "", "", "", "", "", "", "", "", "", "", "", "", "", "", "", "", "", "", "", "", "", "", "", "", "", "", "", "", "", ""],
 "decoName":["", "", "", "", "", "", "", "", "", "", "", "", "", "", "", "", "", "", "", "", "", "", "", "", "", "", "", "", "", "", "", "", "", "", "", "", "", "", "", "", "", "", "", "", "", "", "", "", "", "", "", "", "", "", "", "", "", "", "", "", "", "", "", "", "", "", "", "", "", "", "", "", "", "", "", "", "", "", "", "", "", "", "", "", "", "", "", "", "", "", "", "", "", "", "", "", "", "", "", "", "", "", "", "", "", "", "", "", "", "", "", "", "", "", "", "", "", "", "", "", "", "", "", "", "", "", "", "", "", "", "", "", "", "", "", "", "", "", "", "", "", "", "", "", "", "", "", "", "", "", "", "", "", "", "", "", "", "", "", "", "", "", "", "", "", "", "", "", "", "", "", "", "", "", "", "", "", "", "", "", "", "", "", "", "", "", "", "", "", "", "", "", "", "", "", "", "", "", "", "", "", "", "", "", "", "", "", "", "", "", "", "", "", "", "", "", "", "", "", "", "", "", "", "", "", "", "", "", "", "", "", "", "", "", "", "", "", "", "", "", "", "", "", "", "", "", "", "", "", "", "", "", "", "", "", ""],
 "decoTileVar":[15, 15, 15, 15, 15, 15, 15, 15, 224, 224, 224, 224, 15, 15, 15, 15, 15, 15, 15, 15, 15, 15, 15, 15, 15, 15, 15, 15, 15, 15, 224, 224, 15, 15, 15, 15, 15, 15, 224, 225, 225, 227, 243, 243, 244, 244, 244, 15, 15, 239, 15, 15, 15, 15, 15, 15, 15, 15, 15, 15, 15, 224, 224, 224, 15, 15, 15, 15, 224, 225, 225, 227, 15, 15, 15, 15, 15, 243, 15, 244, 243, 15, 15, 15, 15, 15, 15, 15, 15, 225, 225, 225, 224, 224, 224, 15, 15, 15, 224, 226, 224, 225, 225, 15, 15, 15, 244, 244, 15, 15, 15, 15, 15, 15, 15, 15, 15, 231, 232, 232, 15, 15, 15, 227, 224, 15, 15, 15, 15, 226, 226, 226, 227, 15, 15, 15, 15, 15, 15, 243, 243, 15, 15, 226, 15, 15, 15, 15, 15, 15, 15, 15, 15, 15, 15, 15, 15, 15, 15, 15, 15, 226, 226, 238, 15, 15, 15, 15, 15, 15, 15, 15, 15, 15, 15, 15, 15, 15, 15, 15, 15, 15, 225, 225, 227, 225, 224, 15, 15, 232, 15, 15, 226, 226, 225, 110, 15, 15, 15, 15, 243, 244, 224, 226, 15, 225, 15, 15, 15, 231, 15, 15, 227, 227, 225, 226, 226, 227, 224, 224, 15, 15, 15, 15, 226, 225, 227, 233, 15, 15, 15, 15, 15, 225, 224, 15, 15, 226, 15, 15, 15, 15, 15, 226, 226, 224, 15, 15, 15, 15, 15, 15, 15, 231, 15, 15, 226, 224, 15, 15, 15, 15, 15, 15, 15, 15, 15, 15, 15, 15, 15, 15, 15, 15, 227, 226, 226, 15, 15, 15, 15, 15, 15, 15, 15, 232, 15, 15, 224, 224, 15, 15, 233, 15, 15, 15, 15, 15, 15, 15, 15, 15, 15, 15, 15, 15, 225, 226, 227, 15, 15, 15, 15, 15, 15, 15, 15, 231, 15, 15, 224, 225, 15, 15, 15, 15, 15, 15, 15, 15, 15, 15, 15, 15, 15, 15, 227, 224, 224, 226, 224, 15, 15, 15, 15, 15, 15, 15, 15, 15, 15, 15, 224, 227, 15, 15, 15, 15, 15, 15, 15, 15, 15, 15, 15, 15, 15, 15, 224, 224, 15, 15, 224, 224, 15, 15, 15, 15, 15, 15, 15, 15, 15, 15, 224, 15, 15, 15, 15, 15, 15, 15, 15, 233, 15, 15, 15, 15, 15, 15, 232, 15, 15, 15, 224, 226, 224, 225, 15, 15, 224, 15, 15, 233, 227, 15, 224, 15, 15, 15, 15, 15, 15, 15, 15, 15, 15, 15, 15, 15, 15, 231, 232, 15, 15, 15, 226, 226, 225, 225, 224, 224, 224, 15, 15, 225, 225, 15, 224, 15, 15, 15, 15, 15, 15, 15, 15, 15, 15, 15, 15, 15, 15, 15, 15, 232, 15, 15, 226, 224, 225, 226, 226, 225, 227, 15, 15, 227, 225, 15, 227, 15, 15, 15, 15, 15, 15, 15, 15, 15, 15, 15, 15, 15, 15, 15, 15, 15, 15, 15, 224, 224, 226, 226, 224, 225, 15, 15, 225, 224, 224, 224, 227, 15, 15, 15, 15, 15, 15, 15, 15, 15, 15, 15, 15, 15, 15, 15, 15, 232, 15, 224, 224, 224, 226, 224, 225, 227, 15, 15, 15, 15, 224, 224, 225, 15, 15, 15, 231, 15, 15, 15, 15, 15, 15, 15, 15, 15, 15, 233, 15, 15, 224, 224, 224, 224, 224, 225, 227, 15, 15, 235, 15, 15, 226, 224, 225, 15, 15, 15, 15, 15, 15, 15, 15, 15, 15, 15, 15, 15, 15, 232, 15, 15, 226, 224, 224, 224, 224, 226, 227, 15, 15, 15, 15, 15, 226, 226, 15, 239, 15, 15, 15, 15, 15, 15, 15, 15, 15, 15, 15, 15, 232, 15, 15, 226, 226, 224, 224, 225, 15, 15, 15, 15, 15, 15, 15, 224, 226, 226, 225, 226, 15, 15, 15, 15, 15, 15, 15, 15, 15, 15, 15, 15, 15, 15, 225, 225, 224, 227, 225, 15, 15, 15, 15, 234, 15, 224, 224, 224, -1, 226, 15, 225, 227, 15, 15, 15, 15, 15, 15, 15, 15, 15, 15, 15, 15, 15, 225, 225, 224, 224, 226, 15, 15, 15, 15, 15, 15, 224, 224, 15, 239, 15, 15, 224, 226, 15, 15, 15, 15, 15, 15, 15, 15, 15, 15, 15, 15, 15, 227, 224, 224, 225, 15, 15, 236, 15, 15, 15, 15, 224, 224, 15, 15, 224, 15, 224, 15, 15, 15, 15, 15, 15, 15, 15, 15, 15, 15, 15, 15, 15, 227, 226, 224, 225, 15, 15, 234, 15, 15, 15, 15, 227, 15, 15, 15, 224, 15, 224, 15, 15, 15, 15, 15, 15, 228, 15, 15, 15, 15, 15, 15, 225, 226, 226, 227, 15, 15, 15, 15, 240, 237, 15, 15, 15, 15, 15, 15, 224, 15, 15, 15, 15, 15, 229, 15, 15, 15, 15, 15, 15, 15, 15, 15, 227, 226, 224, 224, 15, 231, 15, 15, 15, 235, 15, 15, 15, 15, 15, 15, 224, 15, 15, 15, 15, 15, 15, 15, 15, 15, 15, 15, 15, 15, 15, 225, 225, 224, 224, 224, 227, 15, 235, 238, 15, 15, 15, 15, 234, 15, 15, 224, 224, 15, 15, 15, 15, 15, 15, 15, 15, 15, 15, 15, 15, 15, 227, 225, 225, 224, 224, 224, 224, 15, 15, 15, 15, 15, 15, 15, 15, 15, 224, 224, 224, 15, 15, 15, 15, 15, 15, 15, 15, 15, 15, 15, 15, 225, 225, 226, 224, 15, 15, 15, 15, 15, 15, 15, 15, 15, 15, 15, 15, 224, 224, 224, 224, 15, 15, 15, 15, 15, 15, 15, 15, 15, 15, 15, 15, 225, 226, 226, 15, 15, 15, 15, 15, 15, 15, 15, 15, 15, 15, 224, 224, 224, 224, 224, 224, 15, 15, 15, 15, 15, 15, 15, 15, 225, 225, 224, 224, 15, 15, 15, 15, 15, 15, 15, 15, 15, 15, 15, 15, 15, 15, 224, 224, 224, 224, 224, 224, 15, 15, 15, 15, 15, 15, 15, 15, 224, 224, 15, 15, 15, 15, 15, 15, 15, 15, 15, 15, 15, 15, 15, 15, 15, 15, 15, 15, 15, 15, 224, 224],
 "entrance":[17, 1],
 "height":32,
 "map":[4, 4, 4, 4, 4, 4, 4, 4, 4, 4, 4, 4, 4, 4, 4, 4, 4, 4, 4, 4, 4, 4, 4, 4, 4, 4, 4, 4, 4, 4, 4, 4, 4, 4, 4, 4, 4, 4, 4, 4, 4, 4, 1, 1, 4, 4, 4, 4, 4, 7, 4, 4, 4, 4, 4, 4, 4, 4, 4, 4, 4, 4, 4, 4, 4, 4, 4, 4, 4, 4, 4, 4, 1, 1, 1, 1, 1, 1, 1, 4, 1, 1, 1, 1, 4, 4, 4, 4, 4, 4, 4, 4, 4, 4, 4, 4, 4, 4, 4, 4, 4, 4, 4, 1, 1, 1, 4, 4, 1, 1, 1, 1, 1, 1, 1, 1, 1, 1, 1, 1, 1, 1, 1, 4, 4, 4, 4, 4, 4, 4, 4, 4, 4, 4, 4, 1, 1, 1, 1, 1, 1, 1, 1, 4, 1, 1, 1, 1, 1, 1, 1, 1, 1, 1, 1, 1, 1, 4, 4, 4, 4, 4, 4, 1, 4, 4, 4, 1, 1, 1, 1, 1, 1, 1, 4, 4, 1, 1, 1, 1, 1, 1, 4, 4, 4, 4, 4, 1, 1, 1, 4, 4, 4, 4, 4, 16, 4, 4, 1, 1, 1, 4, 4, 4, 1, 4, 4, 4, 1, 1, 1, 1, 4, 4, 4, 4, 4, 4, 4, 4, 1, 1, 4, 4, 4, 4, 4, 1, 4, 4, 1, 4, 4, 4, 4, 1, 1, 4, 4, 1, 1, 1, 1, 4, 4, 4, 4, 4, 4, 4, 4, 4, 1, 1, 4, 4, 4, 4, 1, 1, 4, 1, 1, 4, 4, 4, 1, 1, 1, 1, 1, 1, 1, 1, 4, 4, 4, 4, 4, 4, 4, 4, 4, 4, 1, 1, 4, 4, 4, 4, 1, 1, 1, 1, 1, 1, 4, 1, 1, 1, 1, 1, 1, 1, 1, 1, 4, 4, 4, 4, 4, 4, 4, 4, 4, 4, 1, 1, 4, 4, 4, 4, 1, 1, 1, 1, 1, 1, 1, 1, 1, 1, 1, 1, 1, 1, 4, 4, 4, 4, 4, 4, 4, 4, 4, 4, 4, 4, 1, 1, 4, 4, 4, 4, 1, 1, 1, 1, 1, 1, 1, 1, 1, 1, 1, 1, 1, 1, 4, 4, 4, 4, 4, 4, 4, 4, 4, 4, 4, 1, 1, 1, 4, 4, 4, 1, 1, 1, 1, 1, 1, 1, 1, 1, 1, 1, 1, 1, 1, 1, 1, 4, 4, 4, 4, 4, 4, 4, 4, 4, 4, 1, 1, 1, 4, 4, 4, 1, 1, 1, 1, 1, 1, 1, 1, 1, 1, 1, 1, 1, 1, 1, 1, 4, 4, 4, 4, 4, 4, 4, 4, 4, 4, 1, 1, 4, 4, 4, 4, 1, 1, 1, 1, 1, 1, 1, 1, 1, 1, 1, 1, 1, 1, 1, 1, 1, 4, 4, 4, 4, 4, 4, 4, 4, 4, 1, 1, 4, 4, 4, 4, 1, 1, 1, 1, 1, 1, 1, 1, 1, 1, 1, 1, 1, 1, 1, 1, 1, 4, 4, 4, 4, 4, 4, 4, 4, 1, 1, 4, 4, 4, 4, 4, 1, 1, 1, 1, 1, 1, 1, 1, 1, 1, 1, 1, 4, 4, 1, 1, 1, 4, 4, 4, 4, 4, 4, 4, 4, 1, 1, 4, 4, 4, 4, 4, 1, 1, 1, 1, 1, 1, 1, 1, 1, 1, 1, 1, 4, 4, 1, 1, 1, 4, 4, 4, 4, 4, 4, 4, 1, 1, 1, 4, 4, 4, 4, 4, 1, 1, 1, 1, 1, 1, 1, 1, 1, 1, 1, 4, 4, 4, 1, 1, 1, 4, 4, 4, 4, 4, 4, 4, 1, 1, 4, 4, 4, 4, 4, 4, 8, 1, 1, 1, 1, 1, 1, 1, 1, 1, 1, 4, 4, 1, 1, 1, 4, 4, 4, 4, 4, 1, 1, 1, 1, 1, 4, 4, 4, 4, 4, 4, 4, 1, 1, 1, 1, 1, 1, 1, 1, 1, 1, 4, 1, 1, 1, 4, 4, 4, 4, 4, 1, 1, 1, 1, 1, 1, 4, 4, 4, 1, 4, 4, 4, 4, 1, 1, 1, 1, 1, 1, 1, 1, 1, 1, 1, 1, 1, 4, 4, 4, 4, 4, 1, 1, 1, 1, 1, 1, 4, 4, 1, 8, 4, 4, 4, 4, 1, 1, 1, 1, 1, 1, 1, 1, 1, 1, 1, 1, 1, 4, 4, 4, 4, 1, 1, 1, 1, 1, 1, 1, 4, 4, 1, 1, 4, 4, 4, 4, 4, 4, 1, 1, 1, 4, 1, 4, 1, 1, 1, 1, 1, 4, 4, 4, 4, 1, 1, 1, 1, 1, 1, 1, 4, 1, 1, 1, 4, 4, 4, 4, 1, 1, 1, 1, 1, 1, 1, 4, 1, 1, 1, 1, 4, 4, 4, 4, 1, 1, 1, 1, 1, 1, 1, 1, 1, 1, 1, 1, 4, 4, 4, 4, 1, 1, 1, 1, 1, 1, 1, 4, 4, 1, 1, 1, 4, 4, 4, 4, 1, 1, 1, 1, 1, 1, 1, 1, 1, 1, 1, 1, 4, 4, 4, 4, 1, 1, 1, 1, 1, 1, 1, 4, 4, 4, 1, 4, 4, 4, 4, 4, 4, 1, 1, 1, 1, 1, 1, 1, 1, 1, 1, 4, 4, 4, 4, 4, 1, 1, 1, 1, 1, 1, 1, 4, 4, 4, 4, 4, 4, 4, 4, 4, 4, 1, 1, 1, 1, 1, 1, 1, 1, 1, 4, 4, 4, 4, 4, 4, 4, 4, 4, 4, 4, 4, 4, 4, 4, 4, 4, 4, 4, 4, 4, 4, 4, 4, 4, 1, 1, 1, 1, 1, 1, 4, 4, 4, 4, 4, 4, 4, 4, 4, 4, 4, 4, 4, 4, 4, 4, 4, 4, 4, 4, 4, 4, 4, 4, 4, 4, 4, 1, 1, 1, 4, 4, 4, 4, 4, 4, 4, 4, 4, 4, 4, 4, 4, 4, 4, 4, 4, 4, 4, 4, 4, 4, 4, 4, 4, 4, 4, 4, 4, 4, 4, 4, 4, 4, 4, 4, 4, 4, 4, 4, 4, 4, 4, 4, 4, 4, 4, 4, 4, 4, 4, 4, 4, 4, 4, 4, 4, 4, 4, 4, 4, 4, 4, 4, 4, 4, 4, 4, 4, 4],
 "multiexit":[[1, 19], [30, 21]],
 "tiles":"tiles_decoration.png",
 "tiles_deco":"tiles_decoration.png",
 "water":"water0.png",
 "width":32,
 
	"items":[
	{"kind":"Codex","x":22,"y":26,"text":"Codex00"},
	{"kind":"PotionOfMight","x":3,"y":5, "identified":true, "quantity":1}
],
	"mobs":[
	{"kind":"gnoll_cst","x":23,"y":23},
	{"kind":"gnoll_cst","x":25,"y":24},
	{"kind":"gnoll_cst","x":23,"y":25},
	{"kind":"gnoll_cst","x":4,"y":25},
	{"kind":"gnoll_cst","x":8,"y":27},
	{"kind":"gnoll_cst","x":9,"y":24},
	{"kind":"gnoll_cst","x":3,"y":7,"aiState": "Wandering"}
	]
}