{ "baseTileVar":[49, 49, 65, 66, 0, 0, 49, 49, 49, 49, 0, 0, 64, 65, 65, 65, 65, 65, 65, 65, 65, 66, 3, 64, 65, 65, 65, 65, 49, 49, 49, 49, 65, 66, 0, 0, 0, 0, 64, 65, 65, 66, -1, -1, 0, 0, 0, 0, 0, 0, 0, 0, 0, 0, 3, 0, 0, 0, 0, 0, 64, 65, 49, 49, 0, 0, 0, 0, 0, 0, 0, 0, 0, -1, -1, -1, -1, 0, 0, 0, 0, 0, 0, 0, 0, 0, 0, 0, 0, 0, 0, 0, 0, 0, 64, 49, 0, 0, 0, 0, 0, 0, 0, 0, 0, -1, -1, 0, -1, -1, 0, 0, -1, -1, -1, 0, 0, 0, 0, 0, -1, -1, -1, -1, -1, 0, 0, 49, 0, 0, 0, 0, 0, 0, 0, 0, 0, 0, -1, -1, -1, -1, 0, 48, 50, 0, 0, 0, 0, 0, 0, 0, -1, -1, 0, -1, 0, 0, 0, 49, 50, 0, 0, 0, -1, -1, 0, 0, 0, -1, -1, -1, -1, -1, 48, 49, 66, 0, 0, 0, -1, -1, 0, 0, 0, -1, -1, -1, 0, 0, 0, 64, 49, 0, 0, -1, -1, -1, 0, 0, 0, 0, -1, -1, 0, 0, 64, 66, 0, 0, 0, -1, -1, -1, -1, 0, 0, 48, 50, 0, 0, 0, 0, 0, 49, 0, -1, -1, -1, -1, 0, 0, 0, 0, 0, 0, 0, 0, 0, 0, 0, -1, -1, -1, -1, -1, 0, 0, 48, 49, 66, 0, 0, 0, 0, 0, 49, -1, -1, -1, 0, 0, 0, 0, 0, 0, 0, 0, 0, -1, 0, 0, 0, -1, -1, 0, -1, -1, 0, 0, 64, 66, -1, -1, 0, 0, 0, 0, 49, 0, -1, 0, 51, 0, 0, 0, 0, 0, 0, -1, -1, -1, -1, -1, 0, 0, -1, -1, -1, 0, 0, 0, 0, -1, -1, 0, 0, 0, 0, 48, 66, 0, 48, 49, 66, 0, -1, -1, 0, 0, 0, -1, -1, -1, -1, -1, 0, 0, 0, 0, 0, 0, 0, 0, 0, -1, -1, 0, 0, 0, 0, 49, 0, 0, 64, 66, -1, -1, -1, -1, 0, 0, 0, -1, -1, -1, 0, -1, 0, 0, 0, 48, 50, 0, 0, 0, 0, 0, 0, 0, 0, 0, 0, 49, 0, 0, 0, 0, -1, -1, 0, 0, 0, 0, 0, 0, -1, 0, 0, 0, 0, 0, 0, 49, 66, -1, 0, 0, -1, 0, 0, 0, 0, 0, 0, 49, 0, 0, 0, 0, 0, 0, 0, 0, 0, 0, 0, 0, 0, 0, 0, 0, 0, 0, 0, 67, -1, -1, -1, -1, -1, -1, -1, 0, 0, 48, 49, 49, 0, 0, 0, 0, -1, -1, 0, 0, 0, 0, 0, 0, 0, 0, 0, 0, 0, 0, 0, -1, -1, -1, -1, -1, 0, 0, 48, 49, 49, 97, 49, 49, 0, 0, 0, -1, -1, -1, 0, 0, -1, -1, -1, -1, 0, 0, 0, 0, -1, -1, 0, 0, 0, -1, -1, 0, 0, 0, 49, 49, 98, 130, 96, 97, 51, 0, -1, -1, -1, 0, 0, 0, -1, -1, -1, -1, -1, 0, 0, -1, -1, -1, -1, 0, 0, 0, 0, 0, 0, 48, 49, 49, 130, 135, 131, 130, 49, 0, -1, 0, 0, 0, 0, -1, -1, -1, -1, -1, 0, 0, 0, 0, -1, -1, 0, 0, 0, 0, 0, 0, 0, 49, 49, 49, 131, 135, 135, 131, 49, 0, 0, 0, 0, 0, 0, 0, 0, 0, -1, -1, 0, 0, 0, 0, 0, 0, 0, 0, 0, -1, -1, -1, 48, 49, 49, 98, 131, 135, 131, 130, 49, 50, 0, 0, 0, 0, 0, 0, 0, 0, 0, 0, 0, 0, 0, 0, 0, 0, 0, 0, -1, -1, -1, -1, 64, 49, 49, 130, 135, 135, 130, 49, 49, 49, 49, 49, 49, 49, 49, 49, 49, 49, 50, 0, 0, 0, 0, 0, 51, 0, 0, 0, -1, -1, 0, -1, 0, 49, 49, 82, 135, 131, 130, 49, 140, 58, 74, 74, 74, 74, 58, 141, 49, 49, 66, 0, -1, -1, 0, 48, 49, 50, 0, 0, 0, 0, 0, 0, 0, 49, 49, 49, 135, 130, 80, 49, 58, 75, 102, 182, 182, 182, 73, 74, 49, 49, 0, -1, -1, -1, -1, 64, 65, 66, 0, 0, 0, 0, 0, 0, 48, 49, 49, 49, 65, 49, 49, 49, 144, 182, 182, 147, 148, 102, 147, 152, 96, 49, 0, 0, -1, -1, -1, -1, 0, 0, 0, 0, -1, -1, 0, 0, 49, 49, 49, 66, 0, 49, 49, 49, 58, 182, 147, 135, 135, 152, 135, 135, 130, 49, 50, 0, -1, -1, -1, 0, 0, 0, 0, -1, -1, -1, -1, 48, 49, 65, 66, 0, 0, 64, 49, 49, 142, 59, 153, 135, 135, 83, 131, 135, 131, 96, 49, 49, 49, 49, 49, 49, 50, 0, 0, -1, -1, 0, 0, 49, 66, 0, 0, 187, 0, 0, 49, 49, 49, 142, 145, 135, 146, 49, 82, 135, 135, 131, 96, 49, 49, 140, 144, 58, 141, 50, -1, -1, -1, 0, 48, 66, 0, 185, 168, -1, 186, 0, 49, 49, 49, 49, 182, 149, 102, 49, 49, 130, 135, 135, 130, 96, 140, 58, 74, 74, 144, 141, 135, 48, 49, 49, 49, 0, 185, -1, 202, 0, -1, 164, 49, 49, 49, 53, 182, 182, 182, 55, 49, 82, 130, 131, 135, 131, 73, 75, 182, 182, 73, 75, 135, 96, 97, 65, 66, 0, 201, -1, 0, 0, 171, 0, 49, 49, 49, 69, 102, 182, 182, 71, 49, 49, 49, 82, 130, 135, 148, 182, 182, 102, 182, 147, 135, 135, 135, 135, 0, 0, 0, 201, 169, 169, 202, 0, 49, 49, 49, 69, 102, 182, 182, 71, 49, 49, 49, 49, 49, 49, 140, 58, 144, 58, 143, 135, 135, 135, 80, 49, 49, 50, 0, 0, 0, 48, 49, 49, 49, 49, 49, 69, 182, 182, 102, 71, 49, 49, 49, 49, 49, 49, 142, 144, 144, 143, 49, 49, 49, 49, 49, 49, 49, 49, 49, 49, 49, 49, 49, 49, 49, 49],
 "customTiles":true,
 "decoDesc":["", "", "", "", "", "", "", "", "", "", "", "", "", "", "", "", "", "", "", "", "", "", "", "", "", "", "", "", "", "", "", "", "", "", "", "", "", "", "", "", "", "", "", "", "", "", "", "", "", "", "", "", "", "", "", "", "", "", "", "", "", "", "", "", "", "", "", "", "", "", "", "", "", "", "", "", "", "", "", "", "", "", "", "", "", "", "", "", "", "", "", "", "", "", "", "", "", "", "", "", "", "", "", "", "", "", "", "", "", "", "", "", "", "", "", "", "", "", "", "", "", "", "", "", "", "", "", "", "", "", "", "", "", "", "", "", "", "", "", "", "", "", "", "", "", "", "", "", "", "", "", "", "", "", "", "", "", "", "", "", "", "", "", "", "", "", "", "", "", "", "", "", "", "", "", "", "", "", "", "", "", "", "", "", "", "", "", "", "", "", "", "", "", "", "", "", "", "", "", "", "", "", "", "", "", "", "", "", "", "", "", "", "", "", "", "", "", "", "", "", "", "", "", "", "", "", "", "", "", "", "", "", "", "", "", "", "", "", "", "", "", "", "", "", "", "", "", "", "", "", "", "", "", "", "", ""],
 "decoName":["", "", "", "", "", "", "", "", "", "", "", "", "", "", "", "", "", "", "", "", "", "", "", "", "", "", "", "", "", "", "", "", "", "", "", "", "", "", "", "", "", "", "", "", "", "", "", "", "", "", "", "", "", "", "", "", "", "", "", "", "", "", "", "", "", "", "", "", "", "", "", "", "", "", "", "", "", "", "", "", "", "", "", "", "", "", "", "", "", "", "", "", "", "", "", "", "", "", "", "", "", "", "", "", "", "", "", "", "", "", "", "", "", "", "", "", "", "", "", "", "", "", "", "", "", "", "", "", "", "", "", "", "", "", "", "", "", "", "", "", "", "", "", "", "", "", "", "", "", "", "", "", "", "", "", "", "", "", "", "", "", "", "", "", "", "", "", "", "", "", "", "", "", "", "", "", "", "", "", "", "", "", "", "", "", "", "", "", "", "", "", "", "", "", "", "", "", "", "", "", "", "", "", "", "", "", "", "", "", "", "", "", "", "", "", "", "", "", "", "", "", "", "", "", "", "", "", "", "", "", "", "", "", "", "", "", "", "", "", "", "", "", "", "", "", "", "", "", "", "", "", "", "", "", "", ""],
 "decoTileVar":[15, 15, 15, 15, 224, 224, 15, 15, 15, 15, 225, 227, 15, 15, 15, 15, 15, 15, 15, 15, 15, 15, 15, 15, 15, 15, 15, 15, 15, 15, 15, 15, 15, 15, 225, 225, 225, 227, 15, 15, 15, 15, 185, 186, 15, 233, 225, 225, 224, 224, 224, 225, 225, 15, 239, 227, 225, 224, 224, 224, 15, 15, 15, 15, 226, 224, 226, 15, 15, 231, 232, 232, 15, 185, 15, 169, 186, 15, 232, 232, 227, 226, 225, 232, 232, 15, 231, 15, 15, 225, 226, 225, 224, 224, 15, 15, 224, 227, 233, 15, 15, 15, 231, 15, 15, 201, 171, 225, 170, 186, 15, 15, 163, 160, 164, 233, 15, 15, 225, 225, 185, 168, 160, 168, 164, 226, 225, 15, 225, 15, 231, 15, 15, 15, 15, 227, 224, 224, 170, 168, 15, 171, 231, 15, 15, 225, 225, 15, 15, 226, 224, 227, 201, 171, 224, 192, 15, 232, 225, 15, 15, 232, 233, 15, 185, 186, 224, 224, 224, 163, 15, 15, 169, 202, 15, 15, 15, 224, 225, 15, 185, 186, 15, 15, 15, 201, 160, 202, 224, 227, 224, 15, 15, 226, 225, 185, 15, 15, 225, 226, 15, 15, 201, 202, 15, 226, 15, 15, 224, 226, 225, 185, 15, 15, 164, 232, 224, 15, 15, 15, 226, 225, 238, 224, 15, 224, 185, 15, 169, 202, 15, 15, 15, 15, 224, 15, 15, 224, 224, 225, 225, 185, 168, 169, 15, 171, 227, 225, 15, 15, 15, 15, 15, 227, 110, 224, 15, 163, 15, 202, 225, 225, 224, 227, 231, 226, 224, 225, 15, 187, 226, 227, 15, 201, 171, 226, 170, 202, 226, 224, 15, 15, 185, 164, 15, 15, 15, 225, 15, 15, 203, 225, 15, 224, 224, 15, 233, 225, 225, 185, 168, 15, 168, 186, 15, 231, 201, 160, 202, 15, 231, 225, 225, 185, 171, 224, 225, 15, 15, 15, 15, 15, 15, 15, 15, 226, 185, 186, 15, 232, 15, 170, 15, 15, 169, 171, 15, 231, 227, 225, 226, 231, 15, 15, 15, 201, 202, 227, 233, 231, 15, 15, 225, 231, 15, 15, 185, 168, 169, 202, 225, 110, 226, 201, 15, 202, 224, 203, 231, 224, 226, 15, 15, 15, 224, 232, 15, 15, 231, 15, 232, 225, 227, 15, 227, 233, 15, 15, 201, 202, 15, 225, 224, 236, 224, 224, 203, 224, 224, 15, 15, 225, 226, 15, 15, 187, 225, 224, 187, 15, 15, 15, 226, 224, 224, 15, 224, 225, 15, 15, 231, 15, 232, 224, 226, 224, 225, 226, 15, 224, 226, 15, 231, 226, 225, 15, 185, 15, 168, 168, 169, 160, 164, 226, 224, 15, 15, 15, 224, 226, 225, 15, 185, 186, 233, 232, 227, 225, 15, 15, 15, 15, 15, 232, 232, 231, 15, 163, 169, 15, 15, 202, 225, 225, 15, 15, 15, 15, 15, 15, 226, 224, 227, 185, 15, 202, 15, 15, 185, 168, 168, 186, 15, 15, 15, 15, 185, 186, 224, 224, 224, 201, 202, 225, 225, 224, 15, 15, 15, 15, 15, 15, 15, 225, 185, 169, 202, 15, 15, 233, 170, 15, 15, 15, 164, 224, 226, 163, 15, 15, 164, 226, 231, 15, 227, 224, 224, 15, 15, 15, 15, 15, 15, 15, 15, 231, 203, 224, 225, 231, 15, 163, 169, 169, 15, 171, 224, 227, 15, 15, 201, 202, 231, 232, 15, 15, 225, 226, 224, 15, 15, 15, 15, 15, 255, 15, 15, 15, 15, 226, 232, 15, 15, 226, 225, 227, 201, 202, 231, 233, 15, 15, 15, 225, 225, 225, 15, 185, 168, 186, 15, 15, 15, 15, 15, 15, 15, 15, 15, 15, 226, 226, 226, 225, 225, 224, 224, 225, 225, 15, 15, 15, 231, 224, 225, 225, 224, 224, 185, 15, 169, 15, 15, 15, 15, 15, 15, 15, 15, 15, 15, 15, 15, 15, 15, 15, 15, 15, 15, 15, 15, 231, 225, 232, 225, 225, 15, 224, 224, 226, 201, 202, 225, 203, 15, 15, 15, 15, 15, 15, 15, 15, 15, 15, 15, 15, 15, 15, 15, 15, 15, 15, 15, 232, 185, 186, 224, 15, 15, 15, 225, 231, 15, 226, 224, 15, 233, 15, 15, 15, 15, 15, 15, 15, 15, 15, 15, 15, 15, 15, 15, 15, 15, 15, 225, 163, 15, 15, 186, 15, 15, 15, 231, 15, 15, 227, 15, 232, 15, 15, 15, 15, 15, 15, 15, 15, 15, 15, 15, 15, 15, 15, 15, 15, 15, 15, 224, 225, 170, 15, 15, 164, 15, 15, 15, 15, 185, 186, 15, 15, 15, 15, 15, 15, 232, 15, 15, 15, 15, 15, 15, 15, 15, 15, 15, 15, 15, 15, 15, 226, 201, 169, 202, 231, 233, 225, 225, 185, 15, 169, 164, 15, 15, 15, 15, 231, 233, 15, 15, 15, 15, 15, 15, 15, 15, 15, 15, 15, 15, 15, 15, 15, 15, 15, 15, 15, 15, 225, 225, 170, 171, 226, 225, 15, 15, 231, 15, 15, 15, 233, 15, 15, 15, 15, 15, 15, 15, 15, 15, 15, 15, 15, 15, 15, 15, 15, 15, 15, 15, 15, 163, 169, 202, 224, 15, 15, 15, 15, 15, 169, 15, 15, 15, 15, 15, 15, 15, 15, 15, 15, 15, 15, 15, 15, 15, 15, 15, 15, 15, 15, 15, 15, 187, 15, 15, 15, 15, 15, 15, 15, 15, 226, 170, 15, 15, 15, 15, 15, 15, 15, 15, 15, 15, 15, 15, 15, 15, 15, 15, 15, 210, 209, 15, 15, 15, 15, 15, 15, 15, 15, 15, 171, 227, 224, 192, 231, 15, 15, 15, 15, 15, 15, 15, 15, 15, 15, 15, 15, 15, 15, 15, 15, 15, 15, 15, 15, 15, 15, 228, 164, 15, 15, 15, 15, 160, 160, 15, 233, 15, 15, 15, 15, 15, 255, 15, 15, 15, 15, 15, 15, 15, 15, 15, 15, 15, 15, 15, 15, 229, 15, 15, 15, 15, 15, 233, 232, 15, 15, 15, 15, 15, 15, 15, 15, 15, 15, 15, 15, 15, 15, 15, 15, 15, 15, 15, 15, 15, 15, 15, 15, 15, 15, 15, 15, 15, 15, 15, 15, 15, 15, 15, 15, 15, 15],
 "entrance":[22, 1],
 "height":32,
 "map":[4, 4, 4, 4, 4, 4, 4, 4, 4, 4, 4, 4, 4, 4, 4, 4, 4, 4, 4, 4, 4, 4, 4, 4, 4, 4, 4, 4, 4, 4, 4, 4, 4, 4, 4, 4, 4, 4, 4, 4, 4, 4, 63, 63, 1, 1, 4, 4, 4, 4, 4, 4, 4, 1, 7, 4, 4, 4, 4, 4, 4, 4, 4, 4, 4, 4, 4, 1, 1, 1, 1, 1, 1, 63, 63, 63, 63, 1, 1, 1, 4, 4, 4, 1, 1, 1, 1, 1, 1, 4, 4, 4, 4, 4, 4, 4, 4, 4, 1, 1, 1, 1, 1, 1, 1, 63, 63, 4, 63, 63, 1, 1, 63, 63, 63, 1, 1, 1, 4, 4, 63, 63, 63, 63, 63, 4, 4, 4, 4, 1, 1, 1, 1, 1, 1, 4, 4, 4, 63, 63, 63, 63, 1, 4, 4, 4, 4, 1, 1, 4, 4, 4, 63, 63, 4, 63, 1, 1, 4, 4, 4, 1, 1, 1, 63, 63, 4, 4, 4, 63, 63, 63, 63, 63, 4, 4, 4, 4, 4, 1, 63, 63, 1, 1, 1, 63, 63, 63, 4, 4, 4, 4, 4, 4, 4, 63, 63, 63, 4, 4, 1, 1, 63, 63, 1, 4, 4, 4, 4, 4, 4, 63, 63, 63, 63, 1, 4, 4, 4, 1, 4, 4, 1, 4, 4, 4, 63, 63, 63, 63, 1, 1, 1, 1, 4, 1, 1, 4, 4, 4, 4, 63, 63, 63, 63, 63, 4, 4, 4, 4, 4, 1, 1, 4, 16, 4, 4, 63, 63, 63, 4, 4, 4, 4, 1, 4, 4, 4, 1, 63, 4, 4, 1, 63, 63, 4, 63, 63, 4, 4, 4, 4, 63, 63, 1, 1, 1, 4, 4, 1, 63, 4, 4, 4, 4, 1, 1, 4, 4, 63, 63, 63, 63, 63, 1, 1, 63, 63, 63, 1, 1, 4, 4, 63, 63, 4, 4, 1, 1, 4, 4, 1, 4, 4, 4, 4, 63, 63, 1, 1, 1, 63, 63, 63, 63, 63, 1, 1, 4, 4, 4, 1, 1, 1, 1, 63, 63, 4, 1, 1, 1, 4, 4, 1, 4, 4, 63, 63, 63, 63, 4, 16, 4, 63, 63, 63, 4, 63, 1, 4, 4, 4, 4, 1, 4, 1, 1, 1, 1, 1, 1, 4, 4, 4, 4, 1, 1, 1, 63, 63, 1, 4, 4, 1, 4, 4, 63, 4, 4, 1, 1, 4, 4, 4, 4, 63, 4, 4, 63, 1, 1, 1, 4, 4, 4, 4, 4, 4, 1, 1, 1, 1, 1, 4, 4, 4, 4, 4, 1, 4, 4, 1, 1, 4, 4, 4, 63, 63, 63, 63, 63, 63, 63, 4, 4, 4, 4, 4, 4, 4, 4, 1, 63, 63, 1, 1, 4, 4, 1, 1, 1, 1, 1, 1, 1, 1, 1, 63, 63, 63, 63, 63, 4, 4, 4, 4, 4, 4, 4, 4, 4, 4, 4, 63, 63, 63, 1, 1, 63, 63, 63, 63, 1, 1, 1, 1, 63, 63, 4, 4, 4, 63, 63, 4, 4, 4, 4, 4, 4, 1, 4, 4, 4, 4, 63, 63, 63, 1, 1, 1, 63, 63, 63, 63, 63, 4, 4, 63, 63, 63, 63, 4, 1, 1, 4, 4, 4, 4, 4, 4, 1, 1, 1, 4, 4, 1, 63, 4, 4, 1, 1, 63, 63, 63, 63, 63, 4, 4, 1, 1, 63, 63, 1, 1, 1, 1, 4, 4, 4, 4, 4, 4, 1, 1, 8, 4, 4, 1, 1, 4, 1, 1, 1, 4, 4, 4, 63, 63, 1, 1, 1, 1, 1, 4, 4, 4, 1, 63, 63, 63, 4, 4, 4, 4, 1, 1, 1, 4, 4, 4, 4, 4, 4, 4, 4, 4, 4, 4, 4, 1, 1, 1, 1, 4, 4, 4, 4, 4, 63, 63, 63, 63, 4, 4, 4, 1, 1, 1, 1, 4, 4, 4, 4, 4, 4, 4, 4, 4, 4, 4, 4, 1, 4, 1, 4, 4, 4, 4, 4, 4, 63, 63, 4, 63, 1, 4, 4, 4, 1, 1, 1, 4, 4, 4, 4, 4, 4, 4, 4, 4, 4, 4, 4, 1, 63, 63, 4, 4, 4, 4, 4, 1, 1, 4, 4, 1, 1, 4, 4, 4, 1, 1, 4, 4, 4, 4, 1, 1, 1, 1, 4, 4, 4, 4, 4, 63, 63, 63, 63, 4, 4, 4, 1, 1, 1, 4, 1, 1, 4, 4, 4, 4, 16, 4, 4, 4, 4, 1, 1, 1, 1, 1, 1, 1, 4, 4, 4, 4, 63, 63, 63, 63, 1, 1, 1, 1, 63, 63, 1, 1, 4, 4, 4, 4, 1, 4, 4, 4, 4, 1, 1, 1, 1, 1, 1, 1, 1, 4, 4, 4, 63, 63, 63, 1, 1, 4, 4, 63, 63, 63, 63, 4, 4, 4, 4, 1, 1, 4, 4, 4, 4, 4, 1, 1, 1, 4, 1, 1, 1, 4, 4, 4, 4, 4, 4, 4, 4, 4, 4, 63, 63, 4, 4, 4, 4, 1, 1, 63, 1, 1, 4, 4, 4, 4, 1, 1, 1, 4, 4, 1, 1, 1, 4, 4, 4, 4, 4, 4, 4, 4, 63, 63, 63, 4, 4, 4, 1, 63, 63, 63, 63, 1, 4, 4, 4, 4, 1, 1, 1, 4, 4, 1, 1, 1, 1, 4, 4, 4, 4, 4, 4, 4, 1, 4, 4, 4, 4, 1, 63, 63, 63, 4, 63, 63, 4, 4, 4, 4, 1, 1, 1, 4, 4, 4, 1, 1, 1, 1, 4, 4, 1, 1, 4, 4, 1, 4, 4, 4, 4, 1, 63, 63, 4, 4, 63, 1, 4, 4, 4, 4, 1, 1, 1, 4, 4, 4, 4, 4, 1, 1, 1, 1, 1, 1, 1, 1, 1, 1, 1, 1, 1, 1, 1, 63, 63, 63, 63, 1, 4, 4, 4, 4, 1, 8, 1, 4, 4, 4, 4, 4, 4, 4, 4, 4, 4, 4, 4, 1, 1, 1, 4, 4, 4, 4, 1, 1, 1, 4, 4, 4, 4, 4, 4, 4, 4, 4, 4, 4, 4, 4, 4, 4, 4, 4, 4, 4, 4, 4, 4, 4, 4, 4, 4, 4, 4, 4, 4, 4, 4, 4, 4, 4, 4, 4],
 "multiexit":[[3, 30], [30, 17]],
 "tiles":"tiles_decoration.png",
 "tiles_deco":"tiles_decoration.png",
 "water":"water0.png",
 "width":32,
 
    "items":[
	{"kind":"Dart","x":30,"y":6,"identified":true,"quantity":5},
	{"kind":"Spear","x":30,"y":6,"identified":true,"quantity":1},
	{"kind":"Ration","x":30,"y":6,"identified":true,"quantity":1},
	{"kind":"Ration","x":14,"y":28,"identified":true,"quantity":1},
	{"kind":"OverpricedRation","x":7,"y":27, "identified":true, "quantity":1},
	{"kind":"PotionOfHealing","x":14,"y":28, "identified":true, "quantity":1},
	{"kind":"Codex","x":9,"y":12,"text":"Codex03"}
	
],
  "mobs":[
	{"kind":"snapper_cst","x":13,"y":2,"aiState": "Wandering"},
	{"kind":"snapper_cst","x":3,"y":12,"aiState": "Wandering"},
	{"kind":"snapper_cst","x":15,"y":15,"aiState": "Wandering"},
	{"kind":"snapper_cst","x":30,"y":8,"aiState": "Wandering"},
	{"kind":"snapper_cst","x":23,"y":23,"aiState": "Wandering"},
	{"kind":"snapper_cst","x":28,"y":29,"aiState": "Wandering"},
	{"kind":"snapper_cst","x":1,"y":18,"aiState": "Wandering"},
	{"kind":"snapper_cst","x":15,"y":23,"aiState": "Wandering"},
	{"kind":"snapper_cst","x":16,"y":8,"aiState": "Wandering"},
	{"kind":"snapper_cst","x":21,"y":14,"aiState": "Wandering"}
]
}