{ "baseTileVar":[128, 128, 128, 128, 128, 97, 97, 97, 97, 97, 128, 128, 128, 128, 128, 128, 128, 128, 128, 97, 98, 130, 130, 130, 130, 130, 96, 97, 97, 128, 128, 128, 128, 128, 98, 130, 131, 130, 130, 132, 130, 131, 131, 130, 130, 96, 128, 128, 128, 128, 130, 130, 131, 131, 131, 135, 135, 131, 131, 131, 130, 130, 128, 128, 128, 98, 130, 130, 131, 135, 135, 135, 135, 132, 135, 131, 130, 130, 128, 128, 128, 130, 130, 131, 131, 135, 135, 135, 135, 135, 135, 131, 131, 130, 96, 128, 128, 130, 130, 131, 135, 135, 135, 135, 135, 135, 135, 135, 131, 130, 130, 128, 128, 130, 131, 131, 132, 135, 135, 135, 135, 135, 135, 135, 131, 131, 130, 128, 128, 130, 131, 131, 135, 135, 135, 135, 133, 135, 135, 135, 135, 131, 131, 128, 128, 82, 131, 135, 135, 135, 135, 135, 135, 135, 135, 135, 131, 130, 130, 128, 128, 128, 131, 131, 131, 135, 135, 135, 135, 135, 135, 131, 131, 130, 80, 128, 128, 128, 130, 130, 131, 135, 135, 135, 135, 135, 135, 131, 130, 130, 128, 128, 128, 128, 130, 130, 130, 135, 135, 135, 135, 132, 135, 134, 130, 130, 128, 128, 128, 128, 82, 130, 134, 135, 135, 161, 162, 135, 134, 134, 130, 80, 128, 128, 128, 128, 128, 128, 128, 82, 176, 177, 178, 179, 80, 128, 128, 128, 128, 128, 128, 128, 128, 128, 128, 128, 128, 193, 194, 195, 128, 128, 128, 128, 128, 128],
 "customTiles":true,
 "decoDesc":["", "", "", "", "", "", "", "", "", "", "", "", "", "", "", "", "", "", "", "", "", "", "", "", "", "", "", "", "", "", "", "", "", "", "", "", "", "", "", "", "", "", "", "", "", "", "", "", "", "", "", "", "", "", "", "", "", "", "", "", "", "", "", "", "", "", "", "", "", "", "", "", "", "", "", "", "", "", "", "", "", "", "", "", "", "", "", "", "", "", "", "", "", "", "", "", "", "", "", "", "", "", "", "", "", "", "", "", "", "", "", "", "", "", "", "", "", "", "", "", "", "", "", "", "", "", "", "", "", "", "", "", "", "", "", "", "", "", "", "", "", "", "", "", "", "", "", "", "", "", "", "", "", "", "", "", "", "", "", "", "", "", "", "", "", "", "", "", "", "", "", "", "", "", "", "", "", "", "", "", "", "", "", "", "", "", "", "", "", "", "", "", "", "", "", "", "", "", "", "", "", "", "", "", "", "", "", "", "", "", "", "", "", "", "", "", "", "", "", "", "", "", "", "", "", "", "", "", "", "", "", "", "", "", "", "", "", "", "", "", "", "", "", "", "", "", "", "", "", "", "", "", "", "", "", ""],
 "decoName":["", "", "", "", "", "", "", "", "", "", "", "", "", "", "", "", "", "", "", "", "", "", "", "", "", "", "", "", "", "", "", "", "", "", "", "", "", "", "", "", "", "", "", "", "", "", "", "", "", "", "", "", "", "", "", "", "", "", "", "", "", "", "", "", "", "", "", "", "", "", "", "", "", "", "", "", "", "", "", "", "", "", "", "", "", "", "", "", "", "", "", "", "", "", "", "", "", "", "", "", "", "", "", "", "", "", "", "", "", "", "", "", "", "", "", "", "", "", "", "", "", "", "", "", "", "", "", "", "", "", "", "", "", "", "", "", "", "", "", "", "", "", "", "", "", "", "", "", "", "", "", "", "", "", "", "", "", "", "", "", "", "", "", "", "", "", "", "", "", "", "", "", "", "", "", "", "", "", "", "", "", "", "", "", "", "", "", "", "", "", "", "", "", "", "", "", "", "", "", "", "", "", "", "", "", "", "", "", "", "", "", "", "", "", "", "", "", "", "", "", "", "", "", "", "", "", "", "", "", "", "", "", "", "", "", "", "", "", "", "", "", "", "", "", "", "", "", "", "", "", "", "", "", "", "", ""],
 "decoTileVar":[15, 15, 15, 15, 15, 15, 15, 15, 15, 15, 15, 15, 15, 15, 15, 15, 15, 15, 15, 15, 15, 15, 15, 15, 15, 15, 15, 15, 15, 15, 15, 15, 15, 15, 15, 15, 15, 15, 15, 15, 15, 15, 15, 15, 15, 15, 15, 15, 15, 15, 15, 15, 15, 15, 15, 15, 15, 15, 15, 15, 15, 15, 15, 15, 15, 15, 15, 15, 15, 15, 15, 15, 15, 15, 15, 15, 15, 15, 15, 15, 15, 15, 15, 15, 15, 15, 15, 15, 15, 15, 15, 15, 15, 15, 15, 15, 15, 15, 15, 15, 15, 15, 15, 15, 15, 241, 15, 15, 15, 15, 15, 15, 15, 15, 15, 15, 15, 15, 15, 15, 15, 15, 15, 210, 15, 15, 15, 15, 15, 15, 15, 15, 15, 15, 242, 15, 240, 15, 15, 15, 15, 15, 15, 15, 15, 15, 15, 15, 15, 15, 15, 15, 15, 243, 15, 15, 15, 15, 15, 15, 15, 15, 15, 15, 15, 15, 15, 15, 15, 15, 15, 15, 15, 15, 15, 15, 15, 15, 15, 15, 15, 15, 15, 15, 15, 15, 15, 15, 15, 15, 15, 15, 15, 15, 15, 15, 15, 15, 15, 15, 15, 15, 15, 15, 15, 15, 15, 15, 15, 15, 15, 15, 15, 15, 15, 15, 15, 15, 15, 15, 15, 15, 15, 15, 15, 15, 15, 15, 15, 15, 15, 15, 255, 15, 15, 15, 15, 15, 15, 15, 15, 15, 15, 15, 15, 15, 15, 15, 15, 15, 15, 15, 15, 15, 15, 15],
 "entrance":[7, 2],
 "height":16,
 "map":[4, 4, 4, 4, 4, 4, 4, 4, 4, 4, 4, 4, 4, 4, 4, 4, 4, 4, 4, 4, 4, 1, 1, 1, 1, 1, 4, 4, 4, 4, 4, 4, 4, 4, 4, 1, 2, 1, 1, 7, 1, 2, 2, 1, 1, 4, 4, 4, 4, 4, 1, 1, 2, 2, 2, 1, 1, 2, 2, 2, 1, 1, 4, 4, 4, 4, 1, 1, 2, 1, 1, 1, 1, 24, 1, 2, 1, 1, 4, 4, 4, 1, 1, 2, 2, 1, 1, 1, 1, 1, 1, 2, 2, 1, 4, 4, 4, 1, 1, 2, 1, 1, 1, 1, 1, 1, 1, 1, 2, 1, 1, 4, 4, 1, 2, 2, 24, 1, 1, 1, 1, 1, 1, 1, 2, 2, 1, 4, 4, 1, 2, 2, 1, 1, 1, 1, 9, 1, 1, 1, 1, 2, 2, 4, 4, 4, 2, 1, 1, 1, 1, 1, 1, 1, 1, 1, 2, 1, 1, 4, 4, 4, 2, 2, 2, 1, 1, 1, 1, 1, 1, 2, 2, 1, 4, 4, 4, 4, 1, 1, 2, 1, 1, 1, 1, 1, 1, 2, 1, 1, 4, 4, 4, 4, 1, 1, 1, 1, 1, 1, 1, 24, 1, 13, 1, 1, 4, 4, 4, 4, 4, 1, 13, 1, 1, 1, 1, 1, 13, 13, 1, 4, 4, 4, 4, 4, 4, 4, 4, 4, 1, 1, 8, 1, 4, 4, 4, 4, 4, 4, 4, 4, 4, 4, 4, 4, 4, 4, 4, 4, 4, 4, 4, 4, 4, 4],
 "multiexit":[[8, 14]],
 "tiles":"tiles_decoration.png",
 "tiles_deco":"tiles_decoration.png",
 "water":"water0.png",
 "width":16,
 
   "items":[
 {"kind":"Torch","x":11,"y":7,"identified":true,"quantity":1},
 {"kind":"PotionOfHealing","x":11,"y":7,"identified":true,"quantity":1},
 {"kind":"Ration","x":11,"y":7,"identified":true,"quantity":1},
 {"kind":"ShortSword","x":11,"y":8,"identified":true,"quantity":1}
]
}
}