{ "baseTileVar":[135, 81, 81, 81, 65, 65, 65, 81, 81, 81, 81, 81, 81, 81, 81, 81, 81, 81, 81, 66, 0, 0, 0, 64, 65, 81, 81, 81, 81, 81, 81, 81, 81, 81, 81, 0, 0, 0, 0, 0, 0, 64, 65, 65, 81, 81, 81, 81, 81, 81, 98, 135, 0, 0, 0, 0, 0, 0, 0, 0, 96, 97, 81, 81, 81, 81, 135, 135, 135, 0, 0, 0, 0, 0, 0, 0, 135, 135, 96, 81, 81, 81, 135, 135, 135, 48, 50, 0, 0, 0, 48, 50, 135, 135, 135, 81, 81, 66, 0, 0, 48, 81, 98, 135, 135, 135, 64, 66, 0, 135, 135, 81, 81, 0, 0, 0, 64, 66, 135, 135, 135, 135, 0, 0, 0, 135, 0, 81, 81, 0, 0, 0, 0, 0, 135, 135, 0, 0, 0, 0, 135, 135, 0, 81, 81, 0, 0, 0, 0, 135, 135, 135, 0, 48, 81, 66, 0, 0, 0, 81, 81, 0, 0, 0, 48, 98, 135, 135, 48, 81, 66, 0, 0, 0, 0, 81, 81, 135, 135, 135, 67, 135, 135, 135, 64, 66, 0, 0, 0, 0, 48, 81, 81, 50, 0, 0, 0, 135, 135, 135, 0, 0, 0, 0, 0, 0, 81, 81, 81, 81, 50, 0, 135, 135, 0, 0, 0, 0, 0, 0, 0, 48, 81, 81, 81, 81, 81, 81, 81, 81, 81, 81, 50, 0, 0, 0, 0, 81, 81, 81, 81, 81, 81, 81, 81, 81, 81, 81, 81, 81, 81, 81, 81, 81, 81, 81],
 "customTiles":true,
 "decoDesc":["", "", "", "", "", "", "", "", "", "", "", "", "", "", "", "", "", "", "", "", "", "", "", "", "", "", "", "", "", "", "", "", "", "", "", "", "", "", "", "", "", "", "", "", "", "", "", "", "", "", "", "", "", "", "", "", "", "", "", "", "", "", "", "", "", "", "", "", "", "", "", "", "", "", "", "", "", "", "", "", "", "", "", "", "", "", "", "", "", "", "", "", "", "", "", "", "", "", "", "", "", "", "", "", "", "", "", "", "", "", "", "", "", "", "", "", "", "", "", "", "", "", "", "", "", "", "", "", "", "", "", "", "", "", "", "", "", "", "", "", "", "", "", "", "", "", "", "", "", "", "", "", "", "", "", "", "", "", "", "", "", "", "", "", "", "", "", "", "", "", "", "", "", "", "", "", "", "", "", "", "", "", "", "", "", "", "", "", "", "", "", "", "", "", "", "", "", "", "", "", "", "", "", "", "", "", "", "", "", "", "", "", "", "", "", "", "", "", "", "", "", "", "", "", "", "", "", "", "", "", "", "", "", "", "", "", "", "", "", "", "", "", "", "", "", "", "", "", "", "", "", "", "", "", "", ""],
 "decoName":["", "", "", "", "", "", "", "", "", "", "", "", "", "", "", "", "", "", "", "", "", "", "", "", "", "", "", "", "", "", "", "", "", "", "", "", "", "", "", "", "", "", "", "", "", "", "", "", "", "", "", "", "", "", "", "", "", "", "", "", "", "", "", "", "", "", "", "", "", "", "", "", "", "", "", "", "", "", "", "", "", "", "", "", "", "", "", "", "", "", "", "", "", "", "", "", "", "", "", "", "", "", "", "", "", "", "", "", "", "", "", "", "", "", "", "", "", "", "", "", "", "", "", "", "", "", "", "", "", "", "", "", "", "", "", "", "", "", "", "", "", "", "", "", "", "", "", "", "", "", "", "", "", "", "", "", "", "", "", "", "", "", "", "", "", "", "", "", "", "", "", "", "", "", "", "", "", "", "", "", "", "", "", "", "", "", "", "", "", "", "", "", "", "", "", "", "", "", "", "", "", "", "", "", "", "", "", "", "", "", "", "", "", "", "", "", "", "", "", "", "", "", "", "", "", "", "", "", "", "", "", "", "", "", "", "", "", "", "", "", "", "", "", "", "", "", "", "", "", "", "", "", "", "", "", ""],
 "decoTileVar":[255, 15, 15, 15, 15, 15, 15, 15, 15, 15, 15, 15, 15, 15, 15, 15, 15, 15, 15, 15, 15, 15, 15, 15, 15, 15, 15, 15, 15, 15, 15, 15, 15, 15, 15, 15, 15, 237, 15, 15, 15, 15, 15, 15, 15, 15, 15, 15, 15, 15, 66, 187, 15, 15, 15, 15, 15, 15, 15, 15, 64, 15, 15, 15, 15, 15, 168, 230, 186, 15, 15, 15, 222, 15, 15, 15, 185, 15, 15, 15, 15, 15, 201, 169, 202, 15, 15, 15, 15, 15, 15, 15, 201, 229, 15, 15, 15, 15, 15, 15, 15, 15, 15, 168, 168, 186, 15, 15, 15, 170, 202, 15, 15, 15, 15, 15, 15, 15, 15, 15, 169, 202, 15, 15, 15, 192, 15, 15, 15, 15, 15, 15, 15, 15, 170, 171, 15, 15, 15, 15, 163, 202, 15, 15, 15, 15, 15, 237, 15, 185, 15, 171, 15, 15, 15, 15, 15, 15, 15, 15, 15, 15, 15, 15, 15, 15, 15, 15, 15, 15, 15, 15, 249, 15, 15, 15, 15, 163, 160, 164, 15, 170, 228, 171, 15, 15, 15, 15, 15, 15, 15, 15, 15, 15, 15, 15, 15, 170, 169, 202, 15, 15, 15, 15, 15, 15, 15, 15, 15, 15, 15, 15, 163, 202, 15, 15, 15, 15, 15, 15, 15, 15, 15, 15, 15, 15, 15, 15, 15, 15, 15, 15, 15, 15, 15, 15, 15, 15, 15, 15, 15, 15, 15, 15, 15, 15, 15, 15, 15, 15, 15, 15, 15, 15, 15, 15],
 "entrance":[0, 0],
 "height":16,
 "map":[7, 4, 4, 4, 4, 4, 4, 4, 4, 4, 4, 4, 4, 4, 4, 4, 4, 4, 4, 4, 1, 1, 1, 4, 4, 4, 4, 4, 4, 4, 4, 4, 4, 4, 4, 1, 1, 1, 1, 1, 1, 4, 4, 4, 4, 4, 4, 4, 4, 4, 4, 1, 1, 1, 1, 1, 1, 1, 1, 1, 4, 4, 4, 4, 4, 4, 1, 1, 1, 1, 1, 1, 1, 1, 1, 1, 1, 1, 4, 4, 4, 4, 1, 1, 1, 4, 4, 1, 1, 1, 4, 4, 1, 1, 1, 4, 4, 4, 1, 1, 4, 4, 4, 1, 1, 1, 4, 4, 1, 1, 1, 4, 4, 1, 1, 1, 4, 4, 1, 1, 1, 1, 1, 1, 1, 1, 1, 4, 4, 1, 1, 1, 1, 1, 1, 1, 1, 1, 1, 1, 1, 1, 1, 4, 4, 1, 1, 1, 1, 1, 1, 1, 1, 4, 4, 4, 1, 1, 1, 4, 4, 1, 1, 1, 4, 4, 1, 1, 4, 4, 4, 1, 1, 1, 1, 4, 4, 1, 1, 1, 4, 1, 1, 1, 4, 4, 1, 1, 1, 1, 4, 4, 4, 4, 1, 1, 1, 1, 1, 1, 1, 1, 1, 1, 1, 1, 4, 4, 4, 4, 4, 1, 1, 1, 1, 1, 1, 1, 1, 1, 1, 4, 4, 4, 4, 4, 4, 4, 4, 4, 4, 4, 4, 1, 1, 1, 1, 4, 4, 4, 4, 4, 4, 4, 4, 4, 4, 4, 4, 4, 4, 4, 4, 4, 4, 4],
 "multiexit":[],
 "tiles":"tiles_decoration.png",
 "tiles_deco":"tiles_decoration.png",
 "water":"water0.png",
 "width":16
}