{ "baseTileVar":[136, 136, 136, 136, 136, 136, 136, 136, 136, 136, 2, 2, 2, 64, 49, 49, 136, 136, 136, 136, 136, 136, 136, 136, 0, 0, 0, 0, 0, 0, 64, 49, 136, 136, 136, 136, 136, 136, 136, 0, 0, 0, 2, 2, 2, 2, 1, 49, 136, 136, 136, 136, 136, 136, 48, 50, 0, 0, 1, 1, 0, 2, 2, 49, 136, 136, 136, 136, 136, 48, 49, 66, 0, 0, 1, 1, 1, 1, 2, 49, 136, 136, 136, 136, 136, 64, 66, 0, 0, 0, 1, 1, 1, 0, 2, 49, 136, 136, 136, 136, 0, 165, 166, 167, 0, 0, 0, 0, 0, 0, 2, 49, 136, 136, 136, 136, 180, 181, 182, 183, 184, 196, 0, 0, 0, 0, 2, 67, 136, 136, 136, 136, 0, 197, 198, 199, 0, 0, 0, 196, 0, 0, 0, 2, 136, 136, 136, 136, 127, 51, 0, 48, 50, 0, 0, 1, 2, 196, 4, 4, 136, 136, 136, 136, 136, 67, 0, 49, 66, 1, 1, 1, 1, 2, 2, 1, 136, 136, 136, 136, 136, 0, 0, 67, 0, 1, 1, 1, 1, 2, 2, 1, 136, 136, 136, 136, 136, 127, 0, 0, 0, 0, 0, 0, 1, 1, 0, 1, 136, 136, 136, 136, 136, 136, 127, 0, 0, 0, 0, 0, 0, 1, 1, 48, 136, 136, 136, 136, 136, 136, 136, 127, 0, 0, 0, 0, 0, 1, 48, 128, 136, 136, 136, 136, 136, 136, 136, 136, 48, 49, 50, 1, 1, 1, 128, 128],
 "customTiles":true,
 "decoDesc":["", "", "", "", "", "", "", "", "", "", "", "", "", "", "", "", "", "", "", "", "", "", "", "", "", "", "", "", "", "", "", "", "", "", "", "", "", "", "", "", "", "", "", "", "", "", "", "", "", "", "", "", "", "", "", "", "", "", "", "", "", "", "", "", "", "", "", "", "", "", "", "", "", "", "", "", "", "", "", "", "", "", "", "", "", "", "", "", "", "", "", "", "", "", "", "", "", "", "", "", "", "", "", "", "", "", "", "", "", "", "", "", "", "", "", "", "", "", "", "", "", "", "", "", "", "", "", "", "", "", "", "", "", "", "", "", "", "", "", "", "", "", "", "", "", "", "", "", "", "", "", "", "", "", "", "", "", "", "", "", "", "", "", "", "", "", "", "", "", "", "", "", "", "", "", "", "", "", "", "", "", "", "", "", "", "", "", "", "", "", "", "", "", "", "", "", "", "", "", "", "", "", "", "", "", "", "", "", "", "", "", "", "", "", "", "", "", "", "", "", "", "", "", "", "", "", "", "", "", "", "", "", "", "", "", "", "", "", "", "", "", "", "", "", "", "", "", "", "", "", "", "", "", "", "", ""],
 "decoName":["", "", "", "", "", "", "", "", "", "", "", "", "", "", "", "", "", "", "", "", "", "", "", "", "", "", "", "", "", "", "", "", "", "", "", "", "", "", "", "", "", "", "", "", "", "", "", "", "", "", "", "", "", "", "", "", "", "", "", "", "", "", "", "", "", "", "", "", "", "", "", "", "", "", "", "", "", "", "", "", "", "", "", "", "", "", "", "", "", "", "", "", "", "", "", "", "", "", "", "", "", "", "", "", "", "", "", "", "", "", "", "", "", "", "", "", "", "", "", "", "", "", "", "", "", "", "", "", "", "", "", "", "", "", "", "", "", "", "", "", "", "", "", "", "", "", "", "", "", "", "", "", "", "", "", "", "", "", "", "", "", "", "", "", "", "", "", "", "", "", "", "", "", "", "", "", "", "", "", "", "", "", "", "", "", "", "", "", "", "", "", "", "", "", "", "", "", "", "", "", "", "", "", "", "", "", "", "", "", "", "", "", "", "", "", "", "", "", "", "", "", "", "", "", "", "", "", "", "", "", "", "", "", "", "", "", "", "", "", "", "", "", "", "", "", "", "", "", "", "", "", "", "", "", "", ""],
 "decoTileVar":[15, 15, 15, 15, 15, 15, 15, 15, 15, 15, 227, 224, 224, 15, 15, 15, 15, 15, 15, 15, 15, 15, 15, 15, 15, 15, 15, 226, 224, 224, 15, 15, 15, 15, 15, 15, 15, 15, 15, 15, 15, 15, 15, 15, 227, 224, 224, 15, 15, 15, 15, 15, 15, 15, 15, 15, 15, 15, 15, 15, 15, 226, 224, 15, 15, 15, 15, 15, 15, 15, 15, 15, 15, 15, 15, 15, 15, 15, 225, 15, 15, 15, 15, 15, 15, 15, 15, 15, 126, 15, 15, 15, 15, 15, 227, 15, 15, 15, 15, 15, 15, 208, 243, 209, 15, 15, 15, 15, 15, 15, 15, 15, 15, 15, 15, 15, 15, 15, 15, 15, 15, 15, 15, 15, 15, 15, 15, 15, 15, 15, 15, 15, 15, 230, 15, 15, 15, 15, 15, 15, 15, 15, 15, 226, 15, 15, 15, 15, 15, 15, 15, 15, 15, 15, 15, 15, 15, 15, 239, 15, 15, 15, 15, 15, 15, 15, 126, 15, 15, 15, 15, 15, 15, 15, 15, 224, 15, 15, 15, 15, 15, 15, 15, 15, 15, 15, 15, 15, 15, 15, 15, 225, 15, 15, 15, 15, 15, 15, 15, 15, 15, 15, 15, 15, 15, 227, 225, 224, 15, 15, 15, 15, 15, 15, 15, 15, 15, 15, 15, 226, 226, 224, 226, 15, 15, 15, 15, 15, 15, 15, 15, 15, 15, 227, 225, 224, 224, 225, 15, 15, 15, 15, 15, 15, 15, 15, 15, 15, 15, 15, 15, 224, 226, 226, 15, 15],
 "entrance":[14, 9],
 "height":16,
 "map":[43, 43, 43, 43, 43, 43, 43, 43, 43, 43, 4, 4, 4, 4, 4, 4, 43, 43, 43, 43, 43, 43, 43, 43, 1, 1, 1, 4, 4, 4, 4, 4, 43, 43, 43, 43, 43, 43, 43, 1, 1, 1, 1, 1, 4, 4, 4, 4, 43, 43, 43, 43, 43, 43, 4, 4, 1, 1, 1, 1, 1, 4, 4, 4, 43, 43, 43, 43, 43, 4, 4, 4, 1, 1, 1, 1, 1, 1, 4, 4, 43, 43, 43, 43, 43, 4, 4, 1, 1, 1, 1, 1, 1, 1, 4, 4, 43, 43, 43, 43, 1, 1, 1, 1, 1, 1, 1, 1, 1, 1, 1, 4, 43, 43, 43, 43, 1, 1, 1, 1, 1, 1, 1, 1, 1, 1, 1, 4, 43, 43, 43, 43, 1, 1, 1, 1, 1, 1, 1, 1, 1, 1, 1, 4, 43, 43, 43, 43, 43, 4, 1, 4, 4, 1, 1, 1, 1, 1, 7, 4, 43, 43, 43, 43, 43, 4, 1, 4, 4, 1, 1, 1, 1, 1, 1, 4, 43, 43, 43, 43, 43, 1, 1, 4, 1, 1, 1, 1, 1, 1, 1, 4, 43, 43, 43, 43, 43, 43, 1, 1, 1, 1, 1, 1, 1, 4, 4, 4, 43, 43, 43, 43, 43, 43, 43, 1, 1, 1, 1, 4, 4, 4, 4, 4, 43, 43, 43, 43, 43, 43, 43, 43, 1, 4, 4, 4, 4, 4, 4, 4, 43, 43, 43, 43, 43, 43, 43, 43, 4, 4, 4, 4, 4, 4, 4, 4],
 "multiexit":[],
 "tiles":"tiles_decoration.png",
 "tiles_deco":"tiles_decoration.png",
 "water":"water0.png",
 "width":16,
 
  "mobs":[
	{"kind":"wisp_cst","x":5,"y":7,"aiState":"Passive"}
],
  "items":[
	{"kind":"Codex","x":7,"y":6,"text":"Codex01"}
]

}