{ "baseTileVar":[49, 49, 49, 49, 49, 49, 49, 140, 144, 144, 58, 144, 144, 144, 144, 144, 49, 49, 97, 97, 49, 49, 49, 144, 58, 89, 91, 90, 90, 92, 144, 144, 49, 98, 130, 130, 96, 49, 49, 144, 75, 182, 182, 102, 102, 182, 73, 144, 49, 130, 131, 135, 130, 96, 49, 144, 182, 182, 182, 182, 182, 182, 182, 58, 49, 131, 135, 135, 135, 131, 140, 144, 182, 182, 182, 182, 182, 182, 102, 144, 49, 82, 130, 131, 135, 146, 144, 58, 182, 182, 182, 182, 182, 182, 182, 144, 49, 98, 135, 135, 146, 182, 73, 144, 182, 182, 182, 182, 182, 182, 182, 144, 49, 131, 135, 135, 154, 182, 182, 76, 182, 182, 182, 102, 102, 182, 182, 144, 49, 135, 135, 131, 154, 102, 182, 182, 182, 182, 182, 182, 182, 182, 102, 58, 49, 131, 135, 131, 135, 155, 182, 60, 182, 182, 182, 182, 182, 182, 182, 144, 49, 131, 135, 135, 154, 102, 182, 144, 182, 182, 182, 182, 182, 182, 182, 144, 49, 82, 130, 135, 135, 148, 57, 144, 102, 182, 182, 182, 182, 182, 182, 144, 49, 49, 130, 130, 135, 135, 144, 58, 182, 182, 182, 182, 182, 182, 102, 144, 49, 49, 82, 130, 130, 80, 142, 144, 102, 102, 182, 182, 182, 182, 182, 144, 49, 49, 49, 49, 49, 49, 49, 144, 59, 182, 102, 182, 182, 182, 57, 58, 49, 49, 49, 49, 49, 49, 49, 144, 144, 144, 58, 58, 144, 144, 144, 144],
 "customTiles":true,
 "decoDesc":["", "", "", "", "", "", "", "", "", "", "", "", "", "", "", "", "", "", "", "", "", "", "", "", "", "", "", "", "", "", "", "", "", "", "", "", "", "", "", "", "", "", "", "", "", "", "", "", "", "", "", "", "", "", "", "", "", "", "", "", "", "", "", "", "", "", "", "", "", "", "", "", "", "", "", "", "", "", "", "", "", "", "", "", "", "", "", "", "", "", "", "", "", "", "", "", "", "", "", "", "", "", "", "", "", "", "", "", "", "", "", "", "", "", "", "", "", "", "", "", "", "", "", "", "", "", "", "", "", "", "", "", "", "", "", "", "", "", "", "", "", "", "", "", "", "", "", "", "", "", "", "", "", "", "", "", "", "", "", "", "", "", "", "", "", "", "", "", "", "", "", "", "", "", "", "", "", "", "", "", "", "", "", "", "", "", "", "", "", "", "", "", "", "", "", "", "", "", "", "", "", "", "", "", "", "", "", "", "", "", "", "", "", "", "", "", "", "", "", "", "", "", "", "", "", "", "", "", "", "", "", "", "", "", "", "", "", "", "", "", "", "", "", "", "", "", "", "", "", "", "", "", "", "", "", ""],
 "decoName":["", "", "", "", "", "", "", "", "", "", "", "", "", "", "", "", "", "", "", "", "", "", "", "", "", "", "", "", "", "", "", "", "", "", "", "", "", "", "", "", "", "", "", "", "", "", "", "", "", "", "", "", "", "", "", "", "", "", "", "", "", "", "", "", "", "", "", "", "", "", "", "", "", "", "", "", "", "", "", "", "", "", "", "", "", "", "", "", "", "", "", "", "", "", "", "", "", "", "", "", "", "", "", "", "", "", "", "", "", "", "", "", "", "", "", "", "", "", "", "", "", "", "", "", "", "", "", "", "", "", "", "", "", "", "", "", "", "", "", "", "", "", "", "", "", "", "", "", "", "", "", "", "", "", "", "", "", "", "", "", "", "", "", "", "", "", "", "", "", "", "", "", "", "", "", "", "", "", "", "", "", "", "", "", "", "", "", "", "", "", "", "", "", "", "", "", "", "", "", "", "", "", "", "", "", "", "", "", "", "", "", "", "", "", "", "", "", "", "", "", "", "", "", "", "", "", "", "", "", "", "", "", "", "", "", "", "", "", "", "", "", "", "", "", "", "", "", "", "", "", "", "", "", "", "", ""],
 "decoTileVar":[15, 15, 15, 15, 15, 15, 15, 15, 15, 15, 15, 15, 15, 15, 15, 15, 15, 15, 15, 15, 15, 15, 15, 15, 15, 15, 15, 15, 15, 15, 15, 15, 15, 15, 15, 15, 15, 15, 15, 15, 15, 245, 15, 15, 15, 245, 15, 15, 15, 15, 15, 15, 15, 15, 15, 15, 15, 15, 15, 15, 15, 15, 247, 15, 15, 15, 15, 15, 15, 15, 15, 15, 15, 217, 218, 217, 219, 217, 15, 15, 15, 15, 15, 15, 15, 15, 15, 15, 15, 15, 15, 15, 15, 15, 15, 15, 15, 15, 15, 15, 15, 15, 15, 15, 15, 218, 220, 217, 217, 218, 15, 15, 15, 15, 15, 15, 15, 15, 234, 15, 15, 15, 15, 15, 15, 15, 15, 15, 15, 255, 235, 15, 15, 15, 15, 15, 15, 15, 15, 15, 15, 15, 15, 15, 15, 15, 15, 15, 15, 15, 15, 15, 15, 15, 15, 15, 15, 15, 15, 15, 15, 15, 15, 15, 15, 15, 246, 15, 15, 219, 217, 218, 218, 220, 15, 15, 15, 15, 15, 15, 15, 15, 15, 15, 15, 236, 15, 15, 15, 15, 15, 15, 15, 15, 15, 15, 15, 15, 15, 15, 15, 217, 218, 217, 219, 217, 15, 15, 15, 15, 15, 15, 15, 15, 15, 15, 246, 15, 15, 15, 15, 15, 246, 15, 15, 15, 15, 15, 15, 15, 15, 15, 15, 245, 15, 238, 246, 245, 15, 15, 15, 15, 15, 15, 15, 15, 15, 15, 15, 15, 15, 15, 15, 15, 15, 15],
 "entrance":[1, 8],
 "height":16,
 "map":[4, 4, 4, 4, 4, 4, 4, 4, 4, 4, 4, 4, 4, 4, 4, 4, 4, 4, 4, 4, 4, 4, 4, 4, 4, 4, 4, 4, 4, 4, 4, 4, 4, 4, 1, 1, 4, 4, 4, 4, 4, 35, 1, 1, 1, 35, 4, 4, 4, 1, 1, 1, 1, 4, 4, 4, 1, 1, 1, 1, 1, 1, 1, 4, 4, 1, 1, 1, 1, 1, 4, 4, 1, 4, 4, 4, 4, 4, 1, 4, 4, 4, 1, 1, 1, 1, 4, 4, 1, 1, 1, 1, 1, 1, 1, 4, 4, 4, 1, 1, 1, 1, 4, 4, 1, 4, 4, 4, 4, 4, 1, 4, 4, 1, 1, 1, 1, 1, 1, 4, 1, 1, 1, 1, 1, 1, 1, 4, 4, 7, 1, 1, 1, 1, 1, 1, 1, 1, 1, 1, 1, 1, 1, 4, 4, 1, 1, 1, 1, 1, 1, 4, 1, 1, 1, 1, 1, 1, 1, 4, 4, 1, 1, 1, 1, 1, 1, 4, 1, 4, 4, 4, 4, 4, 1, 4, 4, 4, 1, 1, 1, 1, 4, 4, 1, 1, 1, 1, 1, 1, 1, 4, 4, 4, 1, 1, 1, 1, 4, 4, 1, 4, 4, 4, 4, 4, 1, 4, 4, 4, 4, 1, 1, 4, 4, 4, 1, 1, 1, 1, 1, 1, 1, 4, 4, 4, 4, 4, 4, 4, 4, 4, 4, 35, 1, 1, 1, 35, 4, 4, 4, 4, 4, 4, 4, 4, 4, 4, 4, 4, 4, 4, 4, 4, 4, 4],
 "multiexit":[],
 "tiles":"tiles_decoration.png",
 "tiles_deco":"tiles_decoration.png",
 "water":"water0.png",
 "width":16,
 
 "items":[
 {"kind":"Ration","x":11,"y":14, "identified":true, "quantity":1},
 {"kind":"OverpricedRation","x":2,"y":2, "identified":true, "quantity":1},
 {"kind":"Codex","x":11,"y":2,"text":"Codex00s"},
 {"kind":"Codex","x":14,"y":7,"text":"Codex01s"},
 {"kind":"Codex","x":10,"y":11,"text":"Codex02s"}
 ]
}