{"kind":"Wands/NefritWand"},
{"kind":"Wands/BlackWand"},
{"kind":"Wands/DragonWand"},
{"kind":"Wands/WandOfMirror"},
{"kind":"Wands/SummonerWand"},
{"kind":"Wands/BlessWand"},
{"kind":"Wands/WandOfPossess"},
{"kind":"Wands/WandOfFireRune"},
{"kind":"Wands/WandOfBlast"},
{"kind":"Wands/WandOfGoodMage"},
{"kind":"Wands/WandOfMagicbolt"},
{"kind":"Wands/WandOfRock"},
{"kind":"Wands/WandOfLightbolt","quantity": 1},       
{"kind": "Wands/WandOfCrystalion"},




{
  "common": {
    "armor": {
      "kind": "ClothArmor",
      "identified": true,
      "glyph": "Multiplicity"
    },
    "items": [
      {
        "kind": " Pickaxe"
      },
      {
        "kind": "SpiderCharm"
      },
      {
        "kind": "SacrificialSword"
      },
      {
     "kind": "Boomerang",
      "identified": true,
      "level": 5
      },
      {
        "kind": "ScrollOfMirrorImage",
        "quantity": 100
      },
      {
        "kind": "HeartOfDarkness"
      },
      {
        "kind": "ScrollOfDomination",
        "quantity": 100
      }
    ],
    "str": 12,
    "hp": 20000,
    "magicAffinity": "Common"
  },
  "non_expert": {
    "items": [
      {
        "kind": "Ration"
      }
    ]
  },
  "WARRIOR": {
    "weapon": {
      "kind": "ShortSword",
      "identified": true
    },
    "str": 11,
    "knownItems": [
      {
        "kind": "PotionOfStrength"
      }
    ]
  },
  "MAGE": {
    "knownItems": [
      {
        "kind": "ScrollOfIdentify"
      }
    ],
    "isSpellUser": true,
    "magicAffinity": "Elemental",
    "startingSp": 10,
    "maxSp": 10
  },
  "ROGUE": {
    "ring1": {
      "kind": "RingOfShadows",
      "identified": true,
      "level": 1
    },
    "knownItems": [
      {
        "kind": "ScrollOfMagicMapping"
      }
    ]
  },
  "HUNTRESS": {
    "items": [
      {
        "kind": "Boomerang",
        "identified": true
      }
    ],
    "quickslot": [
      {
        "kind": "Boomerang"
      }
    ],
    "hp": 15
  },
  "ELF": {
    "weapon": {
      "kind": "ElvenBow",
      "identified": true,
      "level": 1
    },
    "items": [
      {
        "kind": "CommonArrow",
        "quantity": 20,
        "identified": true
      },
      {
        "kind": "ElvenDagger",
        "identified": true
      }
    ],
    "quickslot": [
      {
        "kind": "CommonArrow"
      }
    ],
    "str": 9,
    "hp": 15
  },
  "NECROMANCER": {
    "weapon": {
      "kind": "ElvenBow",
      "identified": true,
      "level": 1
      },
    "armor": {
      "kind": "NecromancerRobe",
      "identified": true,
      "glyph": "Multiplicity"
    },
    "items": [
      {
        "kind": "SkeletonKey",
        "levelId": "7",
        "depth": "7"
      }
    ],
    "hp": 10,
    "knownItems": [
      {
        "kind": "PotionOfHealing"
      }
    ],
    "startingSp": 10000,
    "maxSp": 10000,
    "isSpellUser": true,
    "magicAffinity": "Necromancy"
  },
  "GNOLL": {
    "weapon": {
      "kind": "GnollTamahawk",
      "identified": true
    },
    "armor": {
      "kind": "NoItem"
    },
    "items": [
      {
        "kind": "Dart",
        "identified": true,
        "quantity": 8
      },
      {
        "kind":"Codex"
      },
      {
        "kind":"TomeOfKnowledge"
      }
    ],
    "quickslot": [
      {
        "kind": "Dart"
      }
    ],
    "forbiddenActions":["Scroll_ACRead","TomeOfMastery_ACRead","Stylus_ACInscribe"],
    "friendlyMobs":["Gnoll","Shaman","Brute","Shielded"],
    "str": 15,
    "hp": 5
  }
}