{ 
  "common": { 
    "armor": {
      "kind": "WarriorArmor",
      "identified": true
    },
    "ring2":{
    "kind":"RingOfAccuracy","level":10000,"identified":true},
    "items": [ 
{"kind":"Guns/Gun"},
{"kind":"PotionOfHealing","quantity":10000},
{"kind":"Options/Multiplayer"},
{"kind":"Helmets/LetherHelmet"},
{"kind": "Artifacts/MageWand"},
{"kind":"test/TestItem"},
{"kind":"Helmets/ScaleHelmet"},
{"kind":"Helmets/PlateHelmet"},
{"kind":"Helmets/GoticHelmet"},
{"kind":"Ranged/LightDanger"},
{"kind": "PotionOfMindVision","level":100},
{"kind": "ScrollOfMagicMapping",       "quantity": 10000000000000},
{"kind": "PotionOfInvisibility",     "quantity": 1000000000},
{"kind":"Tests/Test2","quantity": 10},
{"kind":"Tests/Test1","quantity": 10},
{"kind":"Tests/Test3"},
{"kind":"Tests/Test4"},
{"kind": "ScrollOfUpgrade",       "quantity": 10000000000000000},
{"kind": "PotionOfLevitation","level":100},
{"kind": "Gold",       "quantity": 10000000}
    ], 
    "str": 150000,
    "hp": 2000000,
    "magicAffinity": "Common"
  },
  "WARRIOR": {
    "weapon": {
      "kind": "ShortSword",
      "identified": true
    },
    "str": 11,
    "knownItems": [
      {
        "kind": "PotionOfStrength"
      }
    ],
    "isSpellUser": true,
    "magicAffinity": "Combat",
    "startingSp": 100,
    "maxSp": 100
  },
  "MAGE": {
    "knownItems": [
      {
        "kind": "ScrollOfIdentify"
      }
    ],
    "isSpellUser": true,
    "magicAffinity": "Elemental",
    "startingSp": 100,
    "maxSp": 100
  },
  "ROGUE": {
    "knownItems": [
      {
        "kind": "ScrollOfMagicMapping"
      }
    ]
  },
  "HUNTRESS": {
    "items": [
      {
        "kind": "Boomerang",
        "identified": true
      }
    ],
    "quickslot": [
      {
        "kind": "Boomerang"
      }
    ],
    "hp": 15
  },
  "ELF": {
    "weapon": {
      "kind": "ElvenBow",
      "identified": true,
      "level": 1
    },
    "items": [
      {
        "kind": "CommonArrow",
        "quantity": 20,
        "identified": true
      },
      {
        "kind": "ElvenDagger",
        "identified": true
      }
    ],
    "quickslot": [
      {
        "kind": "CommonArrow"
      }
    ],
    "str": 9,
    "hp": 15
  },
  "NECROMANCER": {
    "armor": {
      "kind": "NecromancerArmor",
      "identified": true
    },
    "items": [
      {
        "kind": "SkeletonKey",
        "levelId": "7",
        "depth": "7"
      }
    ],
    "hp": 10000,
    "knownItems": [
      {
        "kind": "PotionOfHealing"
      }
    ],
    "startingSp": 10,
    "maxSp": 10,
    "isSpellUser": true,
    "magicAffinity": "Necromancy"
  },
  "GNOLL": {
    "weapon": {
      "kind": "GnollTamahawk",
      "identified": true
    },
    "armor": {
      "kind": "NoItem"
    },
    "items": [
      {
        "kind": "Dart",
        "identified": true,
        "quantity": 8
      },
      {
        "kind":"Codex"
      },
      {
        "kind":"TomeOfKnowledge"
      }
    ],
    "quickslot": [
      {
        "kind": "Dart"
      }
    ],
    "forbiddenActions":["Scroll_ACRead","TomeOfMastery_ACRead","Stylus_ACInscribe"],
    "friendlyMobs":["Gnoll","Shaman","Brute","Shielded"],
    "str": 15,
    "hp": 5
  }
}
