{
"defenseSkill"	: 3,
"attackSkill"	: 7,
"exp"			: 0,
"maxLvl"		: 0,
"dmgMin"		: 2,
"dmgMax"		: 5,
"dr"			: 0,
"baseSpeed"		: 1,
"attackDelay"	: 1,
"ht"			: 12,
"viewDistance"	: 2,
"name"			:"Description_Snapper_Name",
"name_objective":"Description_Snapper_Objective",
"description"	:"Description_Snapper",
"gender"		:"masculine",
"spriteDesc"	:"spritesDesc/snapper_desc.json",
"scriptFile"	: "scripts/mobs/assasin_snapper",
"lootChance"	: 0,
"attackRange"	: 1,
"walkingType"	: "NORMAL",
"canBePet"		: false,
"flying"		: false,
"friendly"		: false
}
