{
"defenseSkill"	: 4,
"attackSkill"	: 6,
"exp"			: 0,
"maxLvl"		: 0,
"dmgMin"		: 3,
"dmgMax"		: 5,
"dr"			: 0,
"baseSpeed"		: 1,
"attackDelay"	: 0.5,
"ht"			: 22,
"viewDistance"	: 8,
"name"			:"Description_Statue_Name",
"name_objective":"Description_Statue_Objective",
"description"	:"Description_Statue",
"gender"		:"masculine",
"spriteDesc"	:"spritesDesc/statue_desc.json",
"lootChance"	: 0,
"attackRange"	: 1,
"walkingType"	: "NORMAL",
"canBePet"		: false,
"flying"		: false,
"friendly"		: false
}
