{ "baseTileVar":[-1, -1, -1, -1, -1, -1, -1, -1, -1, -1, 1, 66, 66, -1, -1, -1, -1, -1, -1, -1, -1, 81, 81, 81, 81, 81, 81, 81, -1, -1, -1, -1, 66, -1, -1, -1, -1, -1, -1, -1, -1, 97, 97, 97, 97, 97, 97, 97, 67, -1, -1, -1, 66, -1, -1, -1, -1, -1, -1, -1, -1, 68, 68, 68, 68, 68, 68, 68, -1, -1, 118, -1, 66, -1, 77, 77, 77, 77, -1, -1, -1, 100, 100, 100, 100, 100, 100, 100, -1, -1, -1, -1, 72, 113, 113, 113, 5, 113, 113, -1, -1, -1, -1, -1, -1, -1, -1, -1, -1, -1, 79, -1, 118, -1, -1, -1, -1, -1, -1, -1, -1, -1, -1, -1, -1, -1, -1, -1, -1, -1, 95, -1, -1, -1, -1, -1, -1, 7, -1, -1, -1, -1, -1, -1, -1, -1, -1, -1, -1, -1, -1, -1, -1, -1, -1, -1, -1, -1, 73, -1, -1, 66, -1, -1, -1, -1, -1, -1, -1, -1, 118, 118, 118, 66, -1, -1, -1, -1, -1, -1, -1, 66, 66, 66, 66, 66, 66, 66, 66, -1, 118, 118, 118, -1, 73, -1, 73, -1, -1, -1, -1, 66, 66, 66, 78, 78, 78, 78, 66, -1, 118, 118, 118, -1, -1, -1, -1, -1, -1, -1, -1, -1, -1, -1, -1, -1, -1, -1, 66, -1, 66, -1, -1, -1, -1, -1, -1, -1, -1, -1, -1, -1, 64, -1, -1, -1, -1, 5, -1, -1, 66, -1, -1, -1, -1, -1, -1, -1, -1, -1, -1, -1, 86, 86, 86, -1, -1, -1, 66, -1, 66, -1, -1, -1, 12, -1, -1, 12, -1, -1, -1, 86, 86, 86, 86, -1, -1, -1, 66, -1, 66, -1, -1, -1, -1, -1, -1, -1, -1, -1, -1, 86, 86, 86, -1, -1, -1, -1, 66, -1, 66, -1, -1, -1, -1, -1, -1, -1, -1, -1, -1, 86, 86, 86, -1, -1, -1, -1, -1, -1, -1, -1, -1, -1, -1, -1, -1, -1, -1, -1, -1, 86, 86, 86, 70, 70, 70, 70, 70, 70, 70, 70, 70, 70, 70, 70, 70, 70, 70, 70, -1, 86, 86, 86, 86, 86, 86, 86, 86, 86, 86, 86, 86, 86, 86, 86, 86, 86, 86, 86, -1, 86, 86, 86, 86, 86, 86, 86, 86, 86, 86, 86, 86, 86, 86, 86, 86, 86, 86, 86],
 "customTiles":true,
 "decoTileVar":[
-1, -1, -1, -1, -1, -1, -1, -1, -1, -1, -1, -1, -1, -1, -1, -1, -1, -1, -1, -1, -1, -1, -1, -1, -1, -1, -1, -1, -1, -1, -1, -1, -1, 91, -1, -1, -1, -1, -1, -1, -1, -1, -1, -1, -1, -1, -1, -1, -1, -1, -1, -1, -1, -1, -1, -1, -1, -1, -1, -1, -1, -1, -1, -1, -1, -1, -1, -1, -1, -1, -1, -1, -1, 76, -1, -1, -1, -1, 77, -1, -1, -1, -1, -1, -1, -1, -1, -1, -1, -1, -1, -1, -1, -1, -1, -1, -1, -1, -1, -1, -1, -1, -1, -1, -1, -1, -1, -1, -1, -1, -1, -1, -1, -1, -1, -1, -1, -1, -1, -1, -1, -1, -1, -1, -1, -1, -1, -1, -1, -1, -1, -1, -1, -1, -1, -1, -1, -1, -1, -1, -1, -1, -1, -1, -1, -1, -1, -1, -1, -1, -1, -1, -1, -1, -1, -1, -1, -1, -1, -1, -1, -1, -1, -1, -1, -1, -1, -1, -1, -1, -1, -1, -1, -1, -1, -1, -1, -1, -1, -1, -1, -1, -1, -1, -1, -1, -1, -1, -1, -1, -1, -1, -1, -1, -1, -1, -1, -1, -1, -1, -1, 88, 89, 90, -1, -1, -1, -1, -1, -1, -1, -1, -1, -1, -1, -1, -1, -1, -1, -1, -1, -1, -1, -1, -1, -1, -1, 92, -1, -1, -1, -1, -1, -1, -1, -1, -1, -1, -1, -1, -1, -1, -1, -1, -1, -1, -1, -1, -1, -1, -1, -1, -1, -1, -1, -1, -1, -1, -1, -1, -1, -1, -1, -1, -1, -1, -1, 75, -1, -1, -1, -1, -1, -1, -1, -1, -1, -1, -1, -1, -1, -1, -1, -1, -1, -1, -1, -1, -1, -1, -1, -1, -1, -1, -1, -1, -1, -1, -1, -1, -1, -1, -1, -1, -1, -1, 92, -1, -1, -1, -1, -1, -1, -1, -1, -1, -1, -1, -1, -1, -1, -1, -1, -1, -1, -1, -1, -1, -1, -1, -1, -1, -1, -1, -1, -1, -1, -1, -1, -1, -1, -1, -1, -1, -1, -1, -1, -1, -1, -1, -1, -1, -1, -1, -1, -1, -1, -1, -1, -1, -1, -1, -1, -1, -1, -1, -1, -1, -1, -1, -1, -1, -1, -1, -1, -1, -1, -1, -1, -1, -1, -1, -1, -1, -1, -1, -1, -1, -1, -1, -1, -1, -1, -1, -1, -1, -1, -1, -1, -1
     ],
     "map":[
4, 4, 4, 4, 4, 4, 4, 4, 1, 1, 8, 1, 1, 4, 4, 4, 4, 4, 4, 4, 4, 35, 35, 35, 35, 35, 35, 35, 1, 1, 1, 1, 1, 4, 4, 4, 4, 4, 4, 4, 4, 35, 35, 35, 35, 35, 35, 35, 8, 1, 1, 1, 1, 4, 4, 4, 4, 4, 4, 4, 4, 35, 35, 35, 35, 35, 35, 35, 1, 1, 1, 1, 1, 4, 4, 4, 4, 4, 4, 4, 4, 35, 35, 35, 35, 35, 35, 35, 1, 1, 1, 1, 1, 35, 35, 35, 8, 35, 35, 4, 4, 1, 1, 1, 1, 1, 1, 1, 1, 1, 1, 1, 1, 1, 1, 1, 1, 1, 1, 4, 4, 1, 1, 1, 1, 1, 1, 1, 1, 1, 11, 1, 1, 1, 1, 1, 1, 7, 1, 4, 4, 1, 1, 1, 1, 1, 1, 1, 1, 1, 1, 1, 1, 1, 1, 1, 1, 1, 1, 4, 4, 1, 1, 1, 1, 1, 1, 1, 1, 1, 1, 1, 1, 1, 1, 1, 1, 4, 4, 4, 4, 1, 1, 1, 1, 1, 1, 1, 1, 1, 1, 1, 1, 4, 4, 14, 4, 4, 4, 4, 4, 1, 1, 1, 4, 4, 4, 4, 1, 1, 1, 1, 4, 4, 14, 14, 14, 4, 4, 4, 4, 4, 4, 4, 4, 4, 4, 4, 1, 1, 1, 4, 4, 14, 14, 14, 14, 14, 4, 4, 4, 4, 4, 4, 4, 4, 4, 9, 1, 1, 1, 4, 14, 14, 14, 14, 14, 14, 14, 4, 4, 4, 0, 0, 0, 4, 4, 4, 1, 1, 1, 4, 14, 14, 4, 14, 14, 4, 14, 4, 4, 0, 0, 0, 0, 4, 4, 4, 1, 1, 1, 4, 14, 14, 14, 14, 14, 14, 14, 4, 4, 0, 0, 0, 14, 4, 4, 4, 1, 1, 1, 4, 14, 14, 14, 14, 14, 14, 14, 4, 4, 0, 0, 0, 14, 14, 14, 14, 14, 14, 14, 14, 14, 14, 14, 14, 14, 14, 14, 4, 4, 0, 0, 0, 0, 0, 0, 0, 0, 0, 0, 0, 0, 0, 0, 0, 0, 0, 0, 0, 4, 0, 0, 0, 0, 0, 0, 0, 0, 0, 0, 0, 0, 0, 0, 0, 0, 0, 0, 0, 4, 0, 0, 0, 0, 0, 0, 0, 0, 0, 0, 0, 0, 0, 0, 0, 0, 0, 0, 0         ],
 "multiexit":[[8,2],[16,4],[7,12],[10,1]],
 "entrance":[17,6],
 "tiles":"tiles_city_of_tears.png",
 "tiles_base":"tiles_city_of_tears.png",
 "tiles_deco":"tiles_city_of_tears.png",
 "tiles_logic":"tiles_city_of_tears.png",
 "water":"water_city_of_tears.png",
 "width":20,
 "height":20,
 "mobs":[
        {
         "kind":"DworfTravelerNPC",
         "x":6,
         "y":9
        },
        {
         "kind":"CityWispNPC",
         "x":16,
         "y":16
        }
]
}