{ "baseTileVar":[8, 8, 8, 8, 8, 8, 8, 8, 8, 8, 8, 1, 1, 1, 1, 1, 1, 1, 1, 8, 8, 53, 17, 17, 17, 17, 17, 17, 17, 8, 8, 17, 17, 17, 33, 33, 17, 17, 17, 8, 8, 17, 17, 48, 49, 49, 50, 17, 17, 8, 8, 17, 17, 48, 49, 49, 50, 17, 17, 8, 8, 17, 17, 17, 65, 65, 17, 17, 17, 8, 8, 17, 17, 17, 17, 17, 17, 17, 17, 8, 8, 1, 1, 1, 1, 1, 1, 1, 1, 8, 8, 1, 1, 1, 1, 1, 1, 1, 1, 8],
 "customTiles":true,
 "deco2TileVar":[-1, -1, -1, -1, -1, -1, -1, -1, -1, -1, -1, -1, -1, -1, 128, -1, -1, -1, -1, -1, -1, -1, -1, -1, -1, -1, -1, -1, -1, -1, -1, -1, -1, -1, -1, -1, -1, -1, -1, -1, -1, -1, -1, -1, -1, -1, -1, -1, -1, -1, -1, -1, -1, -1, -1, -1, -1, 131, -1, -1, -1, -1, 130, -1, -1, -1, -1, -1, -1, -1, -1, -1, -1, -1, -1, -1, -1, -1, -1, -1, -1, -1, -1, -1, -1, -1, -1, -1, -1, -1, -1, -1, -1, -1, -1, -1, -1, -1, -1, -1],
 "decoDesc":["", "", "", "", "", "", "", "", "", "", "", "", "", "", "", "", "", "", "", "", "", "", "", "", "", "", "", "", "", "", "", "", "", "", "", "", "", "", "", "", "", "", "", "", "", "", "", "", "", "", "", "", "", "", "", "", "", "", "", "", "", "", "", "", "", "", "", "", "", "", "", "", "", "", "", "", "", "", "", "", "", "", "", "", "", "", "", "", "", "", "", "", "", "", "", "", "", "", "", "", "", "", "", "", "", "", "", "", "", "", "", "", "", "", "", "", "", "", "", "", "", "", "", "", "", "", "", "", "", "", "", "", "", "", "", "", "", "", "", "", "", "", "", "", "", "", "", "", "", "", "", "", "", "", "", "", "", "", "", "", "", "", "", "", "", "", "", "", "", "", "", "", "", "", "", "", "", "", "", "", "", "", "", "", "", "", "", "", "", "", "", "", "", "", "", "", "", "", "", "", "", "", "", "", "", "", "", "", "", "", "", "", "", "", "", "", "", "", "", "", "", "", "", "", "", "", "", "", "", "", "", "", "", "", "", "", "", "", "", "", "", "", "", "", "", "", "", "", "", "", "", "", "", "", "", ""],
 "decoName":["", "", "", "", "", "", "", "", "", "", "", "", "", "", "", "", "", "", "", "", "", "", "", "", "", "", "", "", "", "", "", "", "", "", "", "", "", "", "", "", "", "", "", "", "", "", "", "", "", "", "", "", "", "", "", "", "", "", "", "", "", "", "", "", "", "", "", "", "", "", "", "", "", "", "", "", "", "", "", "", "", "", "", "", "", "", "", "", "", "", "", "", "", "", "", "", "", "", "", "", "", "", "", "", "", "", "", "", "", "", "", "", "", "", "", "", "", "", "", "", "", "", "", "", "", "", "", "", "", "", "", "", "", "", "", "", "", "", "", "", "", "", "", "", "", "", "", "", "", "", "", "", "", "", "", "", "", "", "", "", "", "", "", "", "", "", "", "", "", "", "", "", "", "", "", "", "", "", "", "", "", "", "", "", "", "", "", "", "", "", "", "", "", "", "", "", "", "", "", "", "", "", "", "", "", "", "", "", "", "", "", "", "", "", "", "", "", "", "", "", "", "", "", "", "", "", "", "", "", "", "", "", "", "", "", "", "", "", "", "", "", "", "", "", "", "", "", "", "", "", "", "", "", "", "", ""],
 "decoTileVar":[8, -1, -1, -1, -1, -1, -1, -1, -1, -1, 36, -1, 68, 52, 70, 71, 52, -1, -1, 37, 36, -1, 84, -1, 86, 87, -1, -1, 96, 37, 36, -1, -1, 32, -1, -1, 34, -1, 112, 37, 36, -1, -1, -1, -1, -1, -1, -1, -1, 37, 36, -1, -1, -1, -1, -1, -1, 99, 113, 37, 36, 100, 101, 64, -1, -1, 66, -1, -1, 37, 36, -1, -1, -1, -1, -1, -1, -1, -1, 37, 36, -1, -1, 52, -1, -1, 52, -1, -1, 37, 36, -1, -1, -1, 82, -1, 52, -1, -1, 37],
 "entrance":[1, 2],
 "height":10,
 "map":[4, 4, 4, 4, 4, 4, 4, 4, 4, 4, 4, 4, 4, 4, 4, 4, 4, 4, 4, 4, 4, 7, 1, 1, 1, 1, 1, 1, 4, 4, 4, 1, 1, 1, 1, 1, 1, 1, 4, 4, 4, 1, 1, 1, 1, 1, 1, 1, 1, 4, 4, 1, 1, 1, 1, 1, 1, 4, 4, 4, 4, 4, 4, 1, 1, 1, 1, 1, 1, 4, 4, 1, 1, 1, 1, 1, 1, 1, 1, 4, 4, 4, 4, 4, 4, 4, 4, 4, 4, 4, 4, 4, 4, 4, 4, 4, 4, 4, 4, 4],
 "multiexit":[],

"objects":[
        {
         "kind":"Deco",
         "object_desc":"Wand1",
         "x":7,
         "y":1
        }, 
    {"kind":"Trap","x":3,"y":3, "uses":10,
      "trapKind":"scriptFile",
      "script":"scripts/traps/MagicBook"},
        {
         "kind":"Deco",
         "object_desc":"Jar",
         "x":3,
         "y":2
        },
        {
         "kind":"Deco",
         "object_desc":"Wand2",
         "x":8,
         "y":1
        }
      ],
"mobs":[
        {
         "kind":"WandShopNPC",
         "x":5,
         "y":4
        }],
 "tiles":"tiles_town_library.png",
 "tiles_base":"tiles_town_library.png",
 "tiles_deco":"tiles_town_library.png",
 "tiles_deco2":"tiles_town_library.png",
 "tiles_logic":"tiles0.png",
 "water":"water0.png",
 "width":10
}