{
   "texture" : "Spellser.png",
   "width" : 23,
   "height" : 23,
   "idle" : {
      "fps" : 2,
      "looped" : true,
      "frames" : [0,1]
   },
   "run" : {
      "fps" : 8,
      "looped" : true,
      "frames" : [0]
   },
   "attack" : {
      "fps" : 16,
      "looped" : false,
      "frames" : [3,4,5,6,5,4]
   },
   "die" : {
      "fps" : 10,
      "looped" : false,
      "frames" : [1,0,5,6,7,8]
   },
   "zap" : {
      "fps" : 6,
      "looped" : true,
      "frames" : [ 3,4,5,6,5,4 ]
   },
   "bloodColor" : "0xFF777777"
}