{
	"common": {
		"armor": {
			"kind": "ClothArmor",
			"identified": true
		},
		"weapon": {
			"kind": "WoodenBow",
			"identified": true
			},
		"items": [{
			"kind": "Gold",
			"quantity": 200
	    },
		{
		"kind": "CommonArrow",
			"quantity": 10,
			"identified": true
		},
		{
		"kind": "Codex",
		    "text":"CodexSurv",
			"identified": true
		},
		{
		"kind": "Codex",
		    "text":"CodexA",
			"identified": true
		},
		{
		"kind":"SkeletonKey",
        "levelId":"sovet",
        "depth":10,
        "identified": true
        },
        {
		"kind": "Pasty",
		"quantity": 3
		}],
        "str":10,
        "hp":20
	},
	"WARRIOR": {
		"weapon": {
			"kind": "ShortSword",
			"identified": true
		},
        "str":11,
        "knownItems":[{"kind":"PotionOfStrength"}]

	},
	"MAGE": {
		"items": [{
			"kind": "WandOfMagicMissile",
			"identified": true
		}],
		"quickslot":[{
			"kind": "WandOfMagicMissile"
		}],
      "knownItems":[{"kind":"ScrollOfIdentify"}]
	},
	"ROGUE": {
		"ring1": {
			"kind": "RingOfShadows",
			"identified": true,
			"level": 1
		},
      "knownItems":[{"kind":"ScrollOfMagicMapping"}]
	},
	"HUNTRESS": {
		"items": [{
			"kind": "Boomerang",
			"identified": true
		}],
		"quickslot":[{
			"kind": "Boomerang"
		}],
        "hp":15
	},
	"ELF": {
		"weapon": {
			"kind": "CompositeCrossbow",
			"identified": true,
			"level": 3
		},
		"items": [{
			"kind": "CommonArrow",
			"quantity": 30,
			"identified": true
		}],
		"quickslot":[{
			"kind": "CommonArrow"
		}],
        "str":9,
        "hp":15
	},
	"NECROMANCER": {
		"armor": {
			"kind": "NecromancerRobe",
			"identified": true
		},
		"items": [{
			"kind": "SkeletonKey",
			"levelId": "7"
		}],
		"quickslot":[{
			"kind": "NecromancerRobe"
		}],
        "hp":15,
        "knownItems":[{"kind":"PotionOfHealing"}]
	}
}