{
  "texture" : "BlueBall.png",
  "width"   : 11,
  "height"  : 9,
"zapEffect":"BlueBall",
"idle"    : { "fps" : 1,  "looped" : false,     "frames" : [0] },
"run"     : { "fps" : 20, "looped" : true,     "frames" : [0,1,2] },
"die"     : { "fps" : 10, "looped" : false,    "frames" : [0,1,2,3,4,5] },
"attack"  : { "fps" : 15, "looped" : false,    "frames" : [0,1] },
"zap"     : { "fps" : 15, "looped" : false,    "frames" : [0,1] },

"operate" : { "fps" : 8,  "looped" : false,    "frames" : [0,1,2] }
}