{
   "texture" : "BlueAngel.png",
   "width" : 23,
   "height" : 22,
   "zapEffect":"DeathRay",
   "idle" : {
      "fps" : 10,
      "looped" : true,
      "frames" : [0,1,3,1,0]
   },
   "run" : {
      "fps" : 10,
      "looped" : true,
      "frames" : [0,1,3,1,0]
   },
   "attack" : {
      "fps" : 3,
      "looped" : false,
      "frames" : [2]
   },
   "die" : {
      "fps" : 10,
      "looped" : true,
      "frames" : [0,1,3,1,0]
   },
   "zap" : {
      "fps" : 3,
      "looped" : true,
      "frames" : [3]
   },
   "bloodColor" : "0x33CCFF"
}