{
  "texture" : "EpicHydra.png",
  "width"   : 14,
  "height"  : 16,

"idle"    : { "fps" : 1,  "looped" : true,     "frames" : [0, 1] },
"run"     : { "fps" : 20, "looped" : true,     "frames" : [0, 1] },
"die"     : { "fps" : 20, "looped" : false,    "frames" : [2, 3, 4, 5, 6, 7, 8, 9] },
"attack"  : { "fps" : 15, "looped" : false,    "frames" : [0, 1, 0, 2] },
"zap"     : { "fps" : 15, "looped" : false,    "frames" : [8, 9, 10, 0] },

"operate" : { "fps" : 8,  "looped" : false,    "frames" : [11, 12, 11, 12] },
"fly"     : { "fps" : 1,  "looped" : true,     "frames" : [13] }
}