{
  "texture" : "IceKing.png",
  "width"   : 14,
  "height"  : 17,

  "idle"    : { "fps" : 2,  "looped" : true,     "frames" : [0, 0, 0, 1, 0, 0, 1, 1] },
  "run"     : { "fps" : 20, "looped" : true,     "frames" : [2, 3, 4, 5, 6, 7] },
  "die"     : { "fps" : 20, "looped" : false,    "frames" : [14, 15, 16, 17, 18] },
  "attack"  : { "fps" : 15, "looped" : false,    "frames" : [8, 9, 10, 0] },
  "zap"     : { "fps" : 15, "looped" : false,    "frames" : [8, 9, 10, 0] },

  "operate" : { "fps" : 8,  "looped" : false,    "frames" : [11, 12, 11, 12] },
  "fly"     : { "fps" : 1,  "looped" : true,     "frames" : [13] }
}