{
   "texture" : "LightingElemental.png",
   "width" : 12,
   "height" : 16,
  "zapEffect" : "Lightning",
   "idle" : {
      "fps" : 10,
      "looped" : true,
      "frames" : [0,1,2]
   },
   "run" : {
      "fps" : 12,
      "looped" : true,
      "frames" : [0,1,3,2,1]
   },
   "attack" : {
      "fps" : 15,
      "looped" : false,
      "frames" : [3,4,5,6]
   },
   "die" : {
      "fps" : 15,
      "looped" : false,
      "frames" : [7, 8, 9, 10, 11, 12, 13]
   },
   "levitating" : true,
   "bloodColor" : "0xFF439DFF"
}