{
   "texture" : "RuneMasterNPC.png",
   "width" : 13,
   "height" : 16,
   "idle" : {
      "fps" : 15,
      "looped" : true,
      "frames" : [0, 0, 0, 0, 0, 0, 0, 1, 2, 2, 2, 3]
   },
   "run" : {
      "fps" : 10,
      "looped" : true,
      "frames" : [0,1,3,1,0]
   },
   "attack" : {
      "fps" : 3,
      "looped" : false,
      "frames" : [2]
   },
   "die" : {
      "fps" : 10,
      "looped" : true,
      "frames" : [0,1,3,1,0]
   },
   "zap" : {
      "fps" : 3,
      "looped" : true,
      "frames" : [3]
   },
   "bloodColor" : "0x33CCFF"
}