{
   "texture" : "RunicSkull3.png",
   "width" : 16,
   "height" : 16,
   "idle" : {
      "fps" : 2,
      "looped" : true,
      "frames" : [0,1]
   },
   "run" : {
      "fps" : 2,
      "looped" : true,
      "frames" : [0,1]
   },
   "attack" : {
      "fps" : 16,
      "looped" : false,
      "frames" : [2,3,4]
   },
   "die" : {
      "fps" : 10,
      "looped" : false,
      "frames" : [1,0,5,6,7,8]
   },
   "zap" : {
      "fps" : 6,
      "looped" : true,
      "frames" : [2,3,4,5,6]
   },
   "bloodColor" : "0xFF777777"
}