{
  "texture" : "ShadowWallSpider.png",
  "width"   : 16,
  "height"  : 16,
"zapEffect":"Shadow",
"idle"    : { "fps" : 10,  "looped" : false,     "frames" : [0,1,2] },
"run"     : { "fps" : 20, "looped" : true,     "frames" : [0,1,2] },
"die"     : { "fps" : 20, "looped" : false,    "frames" : [7,8,9,10] },
"attack"  : { "fps" : 15, "looped" : false,    "frames" : [4,5,6] },
"zap"     : { "fps" : 15, "looped" : false,    "frames" : [4,5,6] },

"operate" : { "fps" : 8,  "looped" : false,    "frames" : [0,1,2] }
}