{
  "texture" : "ShedowScorpio.png",
  "width"  : 18,
  "height" : 17,
  "zapEffect" : "Shadow",
  "idle"   : { "fps" : 12,  "looped" : true,    "frames" : [0, 0, 0, 0, 0, 0, 0, 0, 1, 2, 1, 2, 1, 2 ] },
  "run"    : { "fps" : 8, "looped" : true,     "frames" : [5, 5, 6, 6] },
  "attack" : { "fps" : 15, "looped" : false,    "frames" : [0, 3, 4] },
  "zap"    : { "fps" : 15, "looped" : false,    "frames" : [0, 3, 4] },
  "die"    : { "fps" : 12, "looped" : false,    "frames" : [0, 7, 8, 9, 10] }
}