{
  "texture" : "SkeletonKing.png",
  "width"   : 16,
  "height"  : 15,
"zapEffect":"Shadow",
"idle"    : { "fps" : 5,  "looped" : true,     "frames" : [0,1] },
"run"     : { "fps" : 20, "looped" : true,     "frames" : [0,1] },
"die"     : { "fps" : 20, "looped" : false,    "frames" : [6,7,8,9,10] },
"attack"  : { "fps" : 15, "looped" : false,    "frames" : [2,3,4] },
"zap"     : { "fps" : 15, "looped" : false,    "frames" : [2,3,4] },

"operate" : { "fps" : 8,  "looped" : false,    "frames" : [0,1,2] }
}