{
  "appearance": {
    "desc": {
      "canStepOn": true,
      "desc": "WndInfoCell_Nothing",
      "name": "Level_TileFloor",
      "nonPassable": false
    },
    "particles": "Smoke",
    "sprite": {
      "animations": {
        "basic": {
          "fps": 1,
          "frames": [
            1
          ],
          "looped": true
        }
      },
      "imageIndex": 1,
      "textureFile": "levelObjects/LibraryColumn.png"
    }
  },
  "canStepOn": true,
  "kind": "Deco",
  "nonPassable": false
}