{
  "kind":"Deco",
  "canStepOn":true,
  "nonPassable":false,


  "appearance": {
    "desc": {
      "desc": "На этой стене углём наколяконы какие-то каракули... Почему-то этот рисунок вселяет в тебя беспокойство... если не страх...",
      "name": "Наскальный рисунок",
  "canStepOn":true,
  "nonPassable":false
    },
    "sprite":{
      "textureFile": "levelObjects/Orgalorg.png",
      "imageIndex" : 0
    }
  }
}
