{
  "appearance": {
    "desc": {
      "canStepOn": true,
      "desc": "WndInfoCell_Nothing",
      "name": "Level_TileFloor",
      "nonPassable": false
    },
    "particles": "Candle",
    "sprite": {
      "animations": {
        "basic": {
          "fps": 10,
          "frames": [
            0
          ],
          "looped": true
        }
      },
      "imageIndex": 0,
      "textureFile": "levelObjects/RatCandle.png"
    }
  },
  "canStepOn": true,
  "kind": "Deco",
  "nonPassable": false
}