{
  "appearance": {
    "desc": {
      "canStepOn": true,
      "desc": "WndInfoCell_Nothing",
      "name": "Level_TileFloor",
      "nonPassable": false
    },
    "sprite": {
      "animations": {
        "basic": {
          "fps": 15,
          "frames": [
            6,
            7,
            8,
            7,
            6,
            6,
            6,
            6,
            6,
            6,
            6,
            6,
            6,
            6,
            6,
            6,
            6,
            6
          ],
          "looped": true
        }
      },
      "imageIndex": 6,
      "textureFile": "levelObjects/WaterCavesTiles.png"
    }
  },
  "canStepOn": true,
  "kind": "Deco",
  "nonPassable": false
}