﻿{
"width":36,
"height":36,
"map":[ 4, 4, 4, 4, 4, 4, 4, 4, 4, 4, 4, 4, 4, 4, 4, 4, 4, 4, 4, 4, 4, 4, 4, 4, 4, 4, 4, 4, 4, 4, 4, 4, 4, 4, 4, 4,
 4, 7, 4, 1, 1, 1, 1, 1, 1, 1, 1, 1, 1, 1, 1, 1, 1, 4, 1, 4, 1, 1, 1, 4, 1, 4, 4, 1, 1, 1, 4, 1, 4, 4, 1, 4,
 4, 1, 1, 1, 4, 1, 4, 4, 1, 4, 4, 4, 1, 4, 1, 4, 4, 4, 1, 4, 1, 4, 1, 4, 1, 1, 1, 1, 4, 1, 1, 1, 1, 4, 1, 4,
 4, 1, 4, 1, 4, 1, 1, 4, 1, 1, 1, 4, 1, 4, 1, 4, 1, 1, 1, 4, 1, 4, 1, 4, 1, 4, 1, 4, 4, 4, 4, 4, 1, 4, 1, 4,
 4, 1, 1, 1, 4, 4, 1, 4, 1, 4, 4, 4, 1, 4, 1, 4, 1, 4, 4, 4, 1, 4, 1, 4, 1, 4, 1, 1, 1, 4, 1, 1, 1, 4, 1, 4,
 4, 1, 4, 1, 1, 4, 1, 4, 1, 4, 1, 1, 1, 4, 1, 4, 1, 4, 1, 1, 1, 1, 1, 4, 1, 4, 1, 4, 1, 4, 1, 4, 4, 4, 1, 4,
 4, 1, 4, 4, 1, 4, 1, 4, 1, 1, 1, 4, 4, 4, 1, 1, 1, 1, 1, 4, 4, 1, 4, 4, 1, 4, 1, 4, 4, 4, 1, 4, 1, 1, 1, 4,
 4, 1, 1, 4, 1, 1, 1, 1, 1, 4, 1, 1, 1, 1, 1, 4, 1, 4, 1, 1, 4, 1, 4, 1, 1, 1, 1, 1, 1, 1, 1, 4, 1, 4, 1, 4,
 4, 4, 1, 4, 1, 4, 4, 4, 4, 4, 4, 4, 4, 4, 4, 4, 1, 4, 4, 1, 4, 1, 4, 1, 4, 1, 4, 4, 4, 4, 4, 4, 1, 4, 1, 4,
 4, 4, 1, 1, 1, 4, 1, 1,10, 1, 1, 1, 1, 1, 1, 4, 1, 1, 1, 1, 4, 1, 1, 1, 4, 1, 4, 1, 1, 1, 4, 1, 1, 4, 1, 4,
 4, 1, 1, 4, 1, 4, 1, 4, 4, 1, 1, 1, 1, 1, 1, 4, 1, 4, 4, 1, 1, 1, 4, 1, 4, 1, 1, 1, 4, 1, 1, 1, 4, 4, 1, 4,
 4, 1, 4, 4, 1, 4, 0, 1, 4, 1, 1, 1, 1, 1, 1, 4, 4, 4, 4, 4, 4, 4, 4, 4, 4, 4, 4, 4, 4, 4, 4, 1, 4, 4, 4, 4,
 4, 1, 1, 1, 1, 4, 0, 4, 4, 1, 1, 1, 1, 1, 1, 4, 1, 1, 1, 1, 1, 1, 1, 4, 1, 1, 1, 1, 1, 1, 4, 1, 1, 1, 1, 4,
 4, 1, 4, 1, 4, 4, 0, 4, 4, 4, 4, 4, 4, 4, 4,16, 4, 4, 4, 1, 4, 4, 1, 4, 1, 4, 4, 4, 4, 1, 4, 1, 4, 4, 1, 4,
 4, 1, 4, 1, 1, 0, 1, 4, 1, 1, 1, 1, 1, 1, 1, 4, 1, 1, 4, 1, 1, 1, 1, 1, 1, 4, 1, 1, 1, 1, 4, 1, 4, 1, 1, 4,
 4, 1, 1, 1, 4, 4, 4, 4, 1, 4, 4, 4, 4, 4, 4, 4, 4, 1, 4, 4, 4, 4, 4, 4, 1, 1, 1, 4, 4, 4, 4, 1, 1, 1, 4, 4,
 4, 1, 4, 1, 1, 4, 1, 1, 1, 1, 4, 1, 1, 1, 1, 1, 4, 1, 4, 1, 1, 4, 1, 1, 1, 4, 1, 1, 1, 1, 1, 1, 4, 1, 1, 4,
 4, 1, 4, 4, 1, 4, 1, 4, 4, 1, 1, 1, 4, 4, 1, 1, 1, 1, 4, 4, 1, 1, 1, 4, 4, 4, 1, 4, 4, 1, 4, 4, 4, 1, 4, 4,
 4, 1, 1, 1, 1, 1, 1, 4, 1, 1, 4, 4, 4, 1, 1, 4, 4, 1, 1, 4, 1, 4, 1, 1, 1, 1, 1, 4, 1, 1, 4, 1, 1, 1, 1, 4,
 4, 4, 4, 4, 4, 4, 1, 4, 1, 4, 4, 1, 1, 1, 4, 4, 4, 4, 1, 4, 1, 4, 1, 4, 4, 4, 4, 4, 1, 1, 4, 4, 4, 4, 1, 4,
 4, 4, 1, 4, 1, 1, 1, 4, 1, 4, 1, 1, 1, 4, 4, 1, 4, 1, 1, 1, 1, 4, 4, 4, 1,13, 1, 1, 1, 1, 1, 1, 1, 1, 1, 4,
 4, 1, 1, 1, 1, 4, 1, 1, 1, 4, 1, 4, 4, 4, 1, 1, 1, 1, 4, 1, 1, 1, 1, 4, 1, 4, 4, 4, 4, 4, 4, 4, 4, 4, 4, 4,
 4, 1, 4, 4, 4, 4, 4, 4, 1, 4, 4, 4, 1, 4, 1, 4, 4, 4, 4, 1, 4, 4, 1, 4, 4, 4, 1, 1, 1, 1, 1, 1, 4, 1, 1, 4,
 4, 1, 1, 1, 1, 1, 1, 1, 1, 1, 1, 4, 1, 1, 1, 1, 1, 4, 1, 1, 1, 1, 1, 1, 1, 1, 1, 1, 4, 4, 4, 1, 4, 1, 4, 4,
 4, 1, 4, 1, 4, 4, 1, 4, 1, 4, 1, 4, 4, 4, 4, 4, 1, 1, 1, 4, 4, 4, 1, 4, 4, 4, 4, 1, 4, 1, 1, 1, 4, 1, 1, 4,
 4, 1, 4, 1, 4, 1, 1, 4, 1, 4, 1, 4, 1, 1, 1, 1, 1, 4, 1, 1, 1, 4, 1, 4, 1, 1, 4, 1, 1, 1, 4, 4, 4, 4, 1, 4,
 4, 1, 4, 1, 4, 4, 1, 4, 1, 4, 1, 4, 1, 4, 4, 4, 1, 4, 1, 4, 1, 4, 4, 4, 1, 4, 4, 1, 4, 1, 4, 1, 1, 4, 1, 4,
 4, 1, 1, 1, 4, 1, 1, 4, 1, 4, 1, 1, 1, 4, 1, 4, 1, 4, 1, 4, 1, 4, 1, 1, 1, 4, 1, 1, 4, 1, 4, 4, 1, 1, 1, 4,
 4, 4, 4, 4, 4, 1, 4, 4, 1, 4, 4, 1, 4, 4, 1, 4, 1, 4, 1, 4, 1, 4, 1, 4, 4, 4, 1, 4, 4, 1, 1, 4, 4, 1, 4, 4,
 4, 1, 1, 4, 1, 1, 4, 1, 1, 1, 4, 1, 1, 1, 1, 4, 1, 4, 1, 4, 1, 1, 1, 1, 1, 1, 1, 1, 4, 4, 1, 1, 4, 1, 4, 4,
 4, 4, 1, 1, 1, 4, 4, 1, 4, 1, 4, 1, 4, 4, 4, 4, 1, 4, 1, 4, 1, 4, 4, 1, 4, 4, 4, 1, 1, 4, 4, 1, 1, 1, 1, 4,
 4, 1, 1, 4, 1, 4, 1, 1, 4, 1, 4, 1, 1, 1, 1, 1, 1, 4, 1, 4, 1, 1, 4, 1, 4, 1, 4, 4, 1, 1, 4, 1, 4, 4, 4, 4,
 4, 4, 1, 4, 1, 1, 1, 4, 4, 1, 4, 1, 4, 4, 4, 4, 4, 4, 4, 4, 4, 1, 4, 1, 4, 1, 1, 4, 4, 1, 4, 1,35, 8, 1, 4,
 4, 1, 1, 4, 4, 4, 4, 4, 1, 1, 4, 1, 1, 1, 4, 1, 1, 1, 4, 1, 1, 1, 4, 1, 4, 4, 1, 1, 1, 1, 4, 1, 4, 4,13, 4,
 4, 4, 1, 1, 1, 1, 1, 1, 1, 4, 4, 1, 4, 1, 1, 1, 4, 1, 1, 1, 4, 1, 1, 1, 4, 1, 1, 4, 1, 4, 4, 1, 1,10, 1, 4,
 4, 4, 4, 4, 4, 4, 4, 4, 4, 4, 4, 4, 4, 4, 4, 4, 4, 4, 4, 4, 4, 4, 4, 4, 4, 4, 4, 4, 4, 4, 4, 4, 4, 4, 4, 4
],
"tiles":"tiles1.png",
"water":"water1.png",
"entrance":[1,1],
"multiexit":[[35,35],[33,32]],
"items": [
{"kind":"IronKey","x":7,"y":9,"quantity":2},
{"kind":"PotionOfLevitation","x":34,"y":10},
{"kind":"PotionOfInvisibility","x":24,"y":21},
{"kind":"PotionOfMight","x":14,"y":27}
]
}