﻿{
"width":40,
"height":40,
"map":[ 4, 4, 4, 4, 4, 4, 4, 4, 4, 4, 4, 4, 4, 4, 4, 4, 4, 4, 4, 4, 4, 4, 4, 4, 4, 4, 4, 4, 4, 4, 4, 4, 4, 4, 4, 4, 4, 4, 4, 4,
 4, 1, 1, 1, 1, 4, 1,10, 4, 1, 1, 4, 1, 1, 1, 1, 4, 1, 1, 1, 1, 1, 4, 4, 1, 1, 1, 1, 1, 1, 1,28, 1, 1, 1, 1, 1, 4, 1, 4,
 4, 1, 4, 1, 4, 4,10, 4, 1, 1, 1, 1, 4, 4, 4, 1, 4, 1, 4, 1, 4, 4, 4, 1, 1, 4, 4, 4, 4, 4, 4, 4, 4, 4, 1, 4, 1, 4, 1, 4,
 4, 1, 4, 1, 4, 1, 1, 4, 1, 1, 1, 1, 4, 1, 4, 1, 1, 1, 4,16, 4, 1, 1, 1, 4, 4, 1, 1, 1, 1, 1, 4, 1, 4, 4, 4,16, 4, 1, 4,
 4, 1, 4,16, 4,13, 4, 4, 4, 1, 1, 4, 4,16, 4, 4, 4, 1, 4, 4, 1, 1, 4, 1, 4, 1, 1, 4,16, 4, 1, 1, 1, 1, 1, 4, 1, 1, 1, 4,
 4, 1, 4, 1, 4, 8, 4, 4, 4, 4, 4, 4, 1, 1, 1, 1, 4, 1, 4, 1, 1, 4, 4, 1, 4, 1, 4, 4, 1, 4, 1, 4, 4, 4, 1, 4, 1, 4, 4, 4,
 4,18, 4, 4, 4, 4, 4, 4, 4, 4, 4, 4, 1, 4, 4, 1, 4, 4, 4, 1, 4, 4, 1, 1, 4, 1, 1, 1, 1, 4, 1, 1, 1, 1, 1, 4, 1, 1, 4, 4,
 4, 1, 4, 4, 1, 4, 4, 4, 4, 4, 4, 1, 1, 1, 4, 1, 1, 1, 4, 1, 4, 1,33, 1, 4, 1, 4, 4, 1, 4, 1, 4, 1, 4, 1, 4, 4, 1, 1, 4,
 4, 1, 4, 1, 1, 1, 1, 1, 4, 1, 1, 1, 4, 1, 4, 1, 4, 1,16, 1, 4, 4, 4, 1, 4, 1, 1, 4, 1, 4, 1, 4, 1, 4, 1, 1, 4, 4, 1, 4,
 4, 1, 4, 1, 4, 4, 4, 1, 4, 1, 4, 4, 4, 1, 1, 1, 4, 4, 4, 1, 4, 1, 1, 1, 4, 4, 1, 4, 1, 4, 4, 4, 4, 4, 4,38, 4, 4, 1, 4,
 4, 1, 1, 1, 1, 1, 4, 1, 4, 1, 4, 1, 4, 1, 4, 1, 1, 1, 1, 1, 4, 4, 4, 1, 1, 4, 1, 4, 1, 1, 1, 1, 1, 1, 1, 1, 4, 1, 1, 4,
 4, 1, 4, 4, 4, 1, 1, 1, 1, 1, 4, 1, 1, 1, 4, 4, 1, 4, 4, 1, 1, 1, 4, 4, 1, 4, 1, 1, 1, 4, 4, 4,16, 4, 1, 4, 4, 1, 4, 4,
 4, 4, 4, 1, 1, 1, 4, 4, 4, 4, 4, 1, 4, 1, 1, 4, 1, 1, 4, 4, 4, 1, 1, 1, 1, 4, 4, 4, 1, 4, 1, 1, 1, 4, 1, 4, 1, 1, 1, 4,
 4, 1, 4, 1, 4, 1, 1, 1, 1, 1, 4,18, 4, 4, 1, 4, 4, 1, 1, 1, 4, 4, 1, 4, 1, 4, 1, 1, 1, 1, 1, 4, 4, 4, 1, 1, 1, 4, 1, 4,
 4, 1, 1, 1, 4, 4, 4, 1, 4, 1, 4, 1, 1, 4, 1, 1, 4, 4, 4, 1, 1, 4, 1, 4,20, 4, 1, 4, 4, 1, 4, 4, 4, 4, 4, 4, 1, 4, 1, 4,
 4, 1, 4, 1, 1, 1, 1, 1, 4, 4, 4, 4, 1,16, 1,38, 1, 1, 4, 4, 4, 4, 1,16, 1, 4, 1, 1, 4, 4, 4, 4, 4, 4, 4, 4, 4, 4, 7, 4,
 4, 1, 4, 4, 4, 4, 1, 4, 4, 1, 1, 1, 1, 4, 4, 1, 4, 1, 1, 4, 1, 1, 1, 4, 1, 4, 4, 1, 4, 4, 4, 4, 4, 4, 4, 4, 4, 4, 4, 4,
 4, 1, 1, 1, 1, 1, 1, 1, 4, 4, 1, 4, 1, 1, 4, 1, 4, 4, 4, 4, 1, 4, 4, 4, 4, 4, 4, 4, 4, 1, 1, 1, 1, 1, 1, 1, 4,16, 1, 4,
 4, 4, 1, 4, 4, 1, 4, 1, 1, 1, 1, 4, 4, 1, 1, 1, 4,16, 4, 4, 4, 4, 1, 1, 1, 1, 1, 1, 1, 1, 4, 1, 4, 4, 4, 1, 1, 4, 1, 4,
 4, 1, 1, 4, 1, 1, 4, 4, 4, 1, 4, 4, 4, 1, 4, 1, 5, 0, 0, 0, 0, 5, 1, 4, 1, 4, 4, 4,16, 4, 4, 1,16, 1, 4, 4, 4, 4, 1, 4,
 4, 1, 4, 4, 4, 4, 4, 1, 1, 1, 4, 1, 4, 1, 4, 1, 4, 4, 4, 4, 4, 4, 4, 4, 1, 4, 1, 4, 1, 4, 4, 4, 4, 1, 1,33, 1, 1, 1, 4,
 4, 1, 1, 1, 4, 1, 4, 1, 4, 1, 1, 1, 4, 4, 4, 1, 4, 1, 4, 1,16, 1, 1, 1, 1,16, 1, 4, 4, 4, 1, 1, 1, 1, 4, 4, 1, 4, 1, 4,
 4, 4, 4, 1, 1, 1, 4, 4, 4, 1, 4, 1, 4, 1, 1, 1, 4, 1, 4, 1, 4, 4, 4, 1, 4, 4, 4, 4, 1, 4, 1, 4, 4, 4, 4, 4, 4, 4, 1, 4,
 4, 1,16, 1, 4, 1,16, 1, 4, 4, 4, 1, 1, 1, 4, 4, 4, 1, 1, 1, 4, 1, 4, 1, 1, 1, 1, 1, 1, 1, 1, 1, 1, 1, 1, 1, 1, 4, 4, 4,
 4, 1, 4, 4, 4, 1, 4, 4, 4, 1, 1, 1, 4, 4, 4, 4, 4, 4, 4, 4, 4,16, 4, 4, 1, 4, 1, 4, 4, 4, 4, 4, 4, 1, 4, 4, 1, 1, 1, 4,
 4,33, 4, 1, 4, 1, 4, 4,38, 1, 4, 4, 4, 1,16, 1, 1, 4, 1, 1, 1, 1, 1, 1, 1, 4, 1, 1, 1, 1, 1, 1, 4, 1, 4, 4, 4, 4, 1, 4,
 4, 1, 1, 1, 4, 1, 4, 1, 1, 4, 4, 1, 1, 1, 4, 4, 1, 4, 1, 4, 4, 4, 1, 4, 4, 4, 4, 4, 4, 1, 4,18, 4, 4, 4, 4, 1, 1, 1, 4,
 4, 4, 4, 1, 4, 1, 1, 1, 4, 4, 1,28, 4, 1, 4, 1, 1, 1, 1, 1, 1, 4, 1, 1, 1, 1, 1, 4, 4, 1, 4, 1, 1, 1, 1, 1, 1, 4, 1, 4,
 4, 4, 1, 1, 4, 4, 4, 4, 4, 1, 1, 4, 4, 1, 4, 1, 4, 4, 4, 4, 1, 4, 4, 1, 4, 1, 4, 1, 4, 1, 4, 4, 4, 1, 4, 4, 4, 4, 1, 4,
 4, 1, 1, 4, 4, 4, 4, 4, 4, 4, 1, 4, 1, 1, 4, 1, 1, 1, 4, 1, 1, 1, 4, 4, 4, 1, 4, 4, 4, 1, 1, 1, 4, 1,16, 1, 4, 1, 1, 4,
 4, 1, 4, 4, 4, 4, 4, 1, 4, 4, 1, 4, 1, 4, 4, 4, 4, 1, 4, 4, 4, 1, 1, 1, 4, 1, 1, 1, 1, 1, 4, 1, 1, 1, 4, 1, 1, 1, 4, 4,
 4, 1, 1, 4, 4, 4, 1, 1, 1, 4, 1, 4, 1, 1, 1, 1, 4, 1, 1, 1, 4, 1, 4, 1, 4, 4, 4, 4, 1, 4, 4, 1, 1,35,35, 4, 4, 1, 1, 4,
 4, 4, 4, 4, 4, 4, 1, 4, 4, 4, 1, 1, 1, 4, 4, 1, 4, 1, 4, 4, 4, 1, 4, 1, 4, 1, 1, 1, 1, 4, 1, 1, 4, 4, 1, 1, 4, 4, 1, 4,
 4, 1, 1, 4, 4, 1, 1,16, 1, 1, 4, 1, 4, 4, 1, 1, 4, 1, 1, 1, 1, 1, 1, 1,16, 1, 4, 4, 4, 4, 1, 4, 4, 4, 4, 1, 1, 1, 1, 4,
 4, 4, 1, 4, 1, 1, 4, 4, 4, 4, 4, 1, 4, 1, 1, 4, 4, 4, 1, 4, 4, 1, 4, 4, 4, 4, 4, 4, 1, 1, 1, 4, 4, 4, 4, 1, 4, 4, 4, 4,
 4, 4, 1, 4, 4, 1, 1, 4, 4, 1, 4, 1, 4, 1, 4, 4, 1, 4, 1, 1, 4, 4, 4, 1, 1, 1, 1, 4, 1, 4, 1, 1, 4, 4, 1, 1, 4, 1, 1, 4,
 4, 1,20, 4, 4, 4, 1, 4, 1, 1, 4, 4, 4, 1,16, 1, 1, 1, 1, 1, 4, 1, 1, 1, 4, 1, 4, 4, 4, 4, 4, 1, 1, 1, 1, 4, 4, 4, 1, 4,
 4, 1, 4, 4, 1, 1, 1, 4, 1, 4, 4, 1, 1, 1, 4, 4, 4, 1, 4, 1, 4, 1, 4, 4, 4, 1, 4, 1, 1, 1, 1, 4, 4, 4, 4, 4, 1, 1, 1, 4,
 4, 1, 1, 1, 1, 4, 1, 4, 1, 1, 1, 1, 4, 1, 1, 1, 1, 1, 4, 1,28, 1, 1, 1, 1, 1, 1, 1, 4, 4, 1,16, 1, 1, 1,20, 1, 4, 1, 4,
 4, 4, 4, 4, 4, 4, 4, 4, 4, 4, 4, 4, 4, 4, 4, 4, 4, 4, 4, 4, 4, 4, 4, 4, 4, 4, 4, 4, 4, 4, 4, 4, 4, 4, 4, 4, 4, 4, 4, 4
],
"tiles":"tiles1.png",
"water":"water1.png",
"entrance":[38,15],
"multiexit":[[39,39],[5,5]],
"items": [
{"kind":"PotionOfLevitation","x":3,"y":5},
{"kind":"IronKey","x":2,"y":31},
{"kind":"PotionOfLevitation","x":1,"y":33},
{"kind":"IronKey","x":8,"y":31},
{"kind":"PotionOfLiquidFlame","x":37,"y":35}
]
}