﻿{
"width":32,
"height":32,
"map":[ 4, 4, 4, 4, 4, 4, 4, 4, 4, 4, 4, 4, 4, 4, 4, 4, 4, 4, 4, 4, 4, 4, 4, 4, 4, 4, 4, 4, 4, 4, 4, 4,
 4, 0, 0, 0, 0, 0, 0, 0, 0, 0, 0, 0, 0, 0, 0, 0, 0, 0, 0, 0, 4, 4, 1, 1, 1, 1, 1, 1, 1, 1, 1, 4,
 4, 0, 0, 0, 0, 0, 4, 0, 0, 0,20, 0, 0, 0, 4, 0, 0, 0, 0, 0, 4, 4, 1, 4, 4, 4, 4, 4, 4, 4, 1, 4,
 4, 0,20, 0, 0, 0,20, 0, 0, 0, 0, 0, 0, 0,20, 0, 0, 0,20, 0, 4, 4, 1, 4, 1, 1, 1, 1, 1, 1, 1, 4,
 4, 0, 0, 0, 0, 0, 0, 0, 0, 0, 0, 0, 0, 0, 0, 0, 0, 0, 0, 0, 4, 4, 1, 4, 1, 4, 4, 4, 4, 4, 4, 4,
 4, 0, 0, 0, 1, 1, 0,63, 0, 0, 0, 0, 0,63, 0, 1, 1, 0, 0, 0, 4, 4, 1, 4, 1, 1, 1, 1, 1, 1, 1, 4,
 4, 0, 0, 0, 1, 1, 0, 0, 0, 0, 0, 0, 0, 0, 0, 1, 1, 0, 0, 0, 4, 4, 1, 4, 4, 4, 4, 4, 4, 4, 1, 4,
 4, 4,20, 0, 0, 0, 0, 0, 0, 0, 0, 0, 0, 0, 0, 0, 0, 0,20, 4, 4, 4, 1, 4, 0, 0, 0, 0, 0, 0, 0, 4,
 4, 0, 0, 0,63, 0, 0,63, 0, 0,63, 0, 0,63, 0, 0,63, 0, 0, 0, 4, 4, 1, 4, 0, 4, 4, 4, 4, 4, 4, 4,
 4, 0, 0, 0, 0, 0, 0, 0, 0, 0, 0, 0, 0, 0, 0, 0, 0, 0, 0, 0, 0, 4, 1, 4, 0, 0, 0, 0, 0, 0, 0, 4,
 4, 0, 0, 0, 0, 0, 0, 0, 0, 0, 0, 0, 0, 0, 0, 0, 0, 0, 0, 0, 0, 4,16, 4, 4, 4, 4, 4, 4, 4, 0, 4,
 4,20, 0, 0, 0, 0, 0,63, 0, 0, 4, 0, 0,63, 0, 0, 0, 0, 0,20, 0,25,16, 4, 0, 0, 0, 0, 0, 0, 0, 4,
 4, 0, 0, 0, 0, 0, 0, 0, 0, 0, 0, 0, 0, 0, 0, 0, 0, 0, 0, 0, 0, 4, 4, 4, 0, 4, 4, 4, 4, 4, 4, 4,
 4, 0, 0, 0, 0, 0, 0, 0, 0, 0, 0, 0, 0, 0, 0, 0, 0, 0, 0, 0, 0, 4,20,20,20,20,20,20,20,20,20, 4,
 4, 0, 0, 0,63, 0, 0,63, 0, 0,63, 0, 0,63, 0, 0,63, 0, 0, 0, 4, 4,20,20,20,20,20,20,20,20,20, 4,
 4, 4,20, 0, 0, 0, 0, 0, 0, 0, 0, 0, 0, 0, 0, 0, 0, 0,20, 4, 4, 4,20,20,20,20,20,20,20,20,20, 4,
 4, 0, 0, 0, 1, 1, 0, 0, 0, 0, 0, 0, 0, 0, 0, 1, 1, 0, 0, 0, 4, 4,20,20,20,20,20,20,20,20,20, 4,
 4, 0, 0, 0, 1, 1, 0,63, 0, 0, 0, 0, 0,63, 0, 1, 1, 0, 0, 0, 4, 4,20,20,20,20,20,20,20,20,20, 4,
 4, 0, 0, 0, 0, 0, 0, 0, 0, 0, 0, 0, 0, 0, 0, 0, 0, 0, 0, 0, 4, 4,20,20,20,20,20,20,20,20,20, 4,
 4, 0,20, 0, 0, 0,20, 0, 0, 0, 0, 0, 0, 0,20, 0, 0, 0,20, 0, 4, 4,20,20,20,20,20,20,20,20,20, 4,
 4, 0, 0, 0, 0, 0, 4, 0, 0, 0,20, 0, 0, 0, 4, 0, 0, 0, 0, 0, 4, 4,20,20,20,20,20,20,20,20,20, 4,
 4, 0, 0, 0, 0, 0, 0, 0, 0, 0, 0, 0, 0, 0, 0, 0, 0, 0, 0, 0, 4, 4,20,20,20,20,20,20,20,20,20, 4,
 4, 0, 0, 0, 0, 0, 0, 0, 0, 0, 0, 0, 0, 0, 0, 0, 0, 0, 0, 0, 4, 4,20,20,20,20,20,20,20,20,20, 4,
 4, 4, 4, 4, 4, 4, 4, 4, 4, 4, 4, 4, 4, 4, 4, 4, 4, 4, 4, 0, 4, 4,20,20,20,20,20,20,20,20,20, 4,
 4, 4, 4, 0, 4, 0, 4, 0, 4, 0, 4, 0, 4, 0, 4, 0, 4, 0, 0, 0, 4, 4,20,14,20,20,20,20,20,20,20, 4,
 4, 4, 0, 4, 0, 4, 0, 4, 0, 4, 0, 4, 0, 4, 0, 4, 0, 4, 4, 4, 4, 4,20,20,20,20,20,20,20,20,20, 4,
 4, 0, 4, 4, 4, 4, 4, 4, 4, 4, 4, 4, 4, 4, 4, 4, 4, 4, 4, 4, 4, 4,20,20,20,20,20,20,20,20,20, 4,
 4, 0, 0, 0, 0, 0, 0, 0, 0, 0, 1, 0, 0, 0, 0, 0, 0, 0, 0, 0, 4, 4,20,20,20,20,20,20,20,20,20, 4,
 4, 0, 0, 0, 0, 0, 0, 0, 0, 0, 0, 0, 0, 0, 0, 0, 4, 4, 0, 0, 4, 4,20,20,20,20,20,20,20,20,20, 4,
 4, 0, 1, 0, 0, 0, 1, 1, 1,30, 4, 1, 1, 1, 1, 0, 0, 0, 0, 1, 4, 4,20,20,20,20,20,20,20,20,20, 4,
 4, 4, 4, 4, 4, 4, 4, 4, 4, 4, 4, 4, 4, 4, 4, 4, 4, 4, 4, 4, 4, 4, 4, 4, 4, 4, 4, 4, 4, 4, 4, 4,
 4, 4, 4, 4, 4, 4, 4, 4, 4, 4, 4, 4, 4, 4, 4, 4, 4, 4, 4, 4, 4, 4, 4, 4, 4, 4, 4, 4, 4, 4, 4, 4
],
"tiles":"tilestengudream_x.png",
"water":"waterdream.png",
"entrance":[10,29],
"multiexit":[[31,31],[23,24]],
"mobs" : [
{"kind":"Tengu","x":7,"y":11},
{"kind":"Tengu","x":28,"y":25},
{"kind":"Tengu","x":27,"y":25},
{"kind":"Tengu","x":23,"y":24},
{"kind":"Tengu","x":24,"y":24},
{"kind":"SpiderMind2","x":10,"y":11},
{"kind":"Tengu","x":13,"y":11}
],
"items": [
{"kind":"PotionOfHealing","x":9,"y":29,"quantity":20},
{"kind":"PotionOfLevitation","x":30,"y":1},
{"kind":"Ankh","x":30,"y":1},
{"kind":"Ration","x":30,"y":1},
{"kind":"WarHammer","x":9,"y":29,"identified": true},
{"kind":"PotionOfLevitation","x":9,"y":29,"level":"-2"}
],
"objects" : [
{"kind":"Sign", "x":30, "y":1, "text":"Dep20t_Text"}
]
}