﻿{
"width":43,
"height":43,
"map":[ 4, 4, 4, 4, 4, 4, 4, 4, 4, 4, 4, 4, 4, 4, 4, 4, 4, 4, 4, 4, 4, 4, 4, 4, 4, 4, 4, 4, 4, 4, 4, 4, 4, 4, 4, 4, 4, 4, 4, 4, 4, 4, 4,
 4, 7, 4, 1, 1, 1, 4, 1, 1, 1, 1, 1, 1, 1, 4, 1, 1, 1, 1, 1, 4, 1, 1, 1, 1, 1, 1, 1, 1, 1, 4, 1, 1, 1, 1, 1, 1, 1, 1, 1, 4, 1, 4,
 4, 1, 4, 1, 4, 1, 4, 1, 4, 1, 4, 4, 4, 1, 4, 1, 4, 4, 4, 1, 4, 4, 4, 4, 4, 1, 4, 1, 4, 1, 4, 1, 4, 1, 4, 4, 4, 4, 4, 1, 4, 1, 4,
 4, 1, 4, 1, 4, 1, 1, 1, 4, 1,16, 1, 4, 1, 1, 1, 4, 1, 1, 1, 4, 1, 1, 1, 4, 1, 4, 1, 4, 1, 4, 1, 4, 1, 1, 1, 1, 1, 4, 1, 1, 1, 4,
 4, 1, 4, 1, 4, 4, 4, 4, 4, 4, 4, 1, 4, 4, 4, 4, 4, 1, 4, 4, 4, 1, 4, 1, 4, 4, 4, 1, 4, 4, 4, 1, 4, 4, 4, 4, 4, 1, 4, 4, 4, 4, 4,
 4, 1, 4, 1, 1, 1, 4, 1, 1, 1, 1, 1, 4, 1, 1, 1, 4, 1, 4, 1, 1, 1, 4, 1, 1, 1, 4, 1, 1, 1, 1, 1, 4, 1, 1, 1, 4, 1, 1, 1, 1, 1, 4,
 4, 1, 4, 4, 4, 1, 4, 1, 4, 4, 4, 4, 4, 1, 4, 1, 4, 1, 4, 1, 4, 4, 4, 4, 4, 1, 4, 4, 4, 4, 4, 1, 4,16, 4, 1, 4, 4, 4, 4, 4, 1, 4,
 4, 1, 4, 1, 1, 1, 4, 1, 4, 1, 1, 1, 1, 1, 4, 1, 4, 1, 4, 1, 4, 1, 1, 1, 4, 1, 4, 1, 1, 1, 4, 1, 1, 1, 4, 1, 1, 1, 1, 1, 4, 1, 4,
 4, 1, 4, 1, 4, 4, 4, 1, 4, 1, 4, 4, 4, 4, 4, 1, 4, 1, 4, 1, 4, 4, 4, 1, 4, 1, 4, 1, 4, 1, 4, 4, 4, 4, 4, 4, 4, 1, 4, 4, 4, 1, 4,
 4, 1, 4, 1, 1, 1, 4, 1, 4, 1, 1,20, 4, 1, 4, 1, 4, 1, 4, 1, 1, 1, 4, 1, 4, 1, 1, 1, 4, 1, 4, 1, 1, 1,18, 1, 4, 1, 4,28, 1, 1, 4,
 4, 1, 4, 1, 4, 4, 4, 1, 4, 1, 4, 1, 4, 1, 4, 1, 4, 1, 4, 4, 4, 1, 4, 1, 4, 4, 4, 4, 4, 1, 4, 4, 4, 4, 4, 1, 4, 1, 4, 1, 4, 1, 4,
 4, 1, 4, 1, 4, 1, 1, 1, 4, 1, 4, 1, 4, 1, 1, 1, 4, 1, 1, 1, 4, 1, 4, 1, 1, 1, 1, 1, 4, 1, 4, 1, 1, 1, 4, 1, 1, 1, 4, 1, 4, 1, 4,
 4, 1, 4, 4, 4, 1, 4, 4, 4, 1, 4, 1, 4, 4, 4, 4, 4, 4, 4, 1, 4,16, 4, 4, 4, 4, 4, 1, 4, 1, 4, 1, 4, 1, 4, 4, 4, 4, 4, 1, 4, 1, 4,
 4, 1, 1,16, 1, 1, 4, 1, 4, 1, 4, 1, 1, 1, 4, 1, 1, 1, 4, 1, 1, 1, 4, 1, 1, 1, 1, 1, 4, 1, 1, 1, 4, 1, 1, 1, 4, 1, 1, 1, 4, 1, 4,
 4, 4, 4, 4, 4, 4, 4, 1, 4, 1, 4, 4, 4, 1, 4,38, 4, 1, 4, 4, 4, 4, 4, 1, 4, 4,12, 1, 4, 4, 4, 4, 4, 4, 4, 1, 4, 1, 4, 4, 4, 1, 4,
 4, 1, 1, 1, 1, 1, 1, 1, 4,28, 1, 1, 4, 1, 1, 1, 4, 1, 1, 1, 1, 1, 1, 1, 4, 1, 1, 1, 4, 1, 1,20, 1, 1, 4, 1, 4, 1, 4, 1, 1, 1, 4,
 4, 4, 4, 1, 4, 4, 4, 4, 4, 4, 4, 1, 4, 4, 4, 4, 4, 4, 4, 4, 4, 4, 4, 1, 4, 1, 4, 4, 4, 4, 4, 1, 4, 4, 4, 1, 4, 1, 4, 1, 4, 4, 4,
 4, 1, 1, 1, 4, 1, 1, 1, 1, 1, 4, 1, 4, 1, 1, 1, 1, 1, 1, 1, 1, 1, 4, 1, 4, 1, 1, 1, 1, 1, 1, 1, 4, 1, 1, 1, 4, 1, 4, 1, 1, 1, 4,
 4, 1, 4, 1, 4, 1, 4, 4, 4, 1, 4, 1, 4, 1, 4, 4, 4, 4, 4, 4, 4, 1, 4, 1, 4, 4, 4, 4, 4, 4, 4, 4, 4, 1, 4, 4, 4, 1, 4, 4, 4, 1, 4,
 4, 1, 4,16, 4, 1, 1,20, 4, 1, 1, 1, 4, 1, 4, 1, 1, 1, 4, 1, 1, 1, 4, 1, 1, 1, 1, 1, 1, 1, 1, 1, 4, 1, 4, 1, 1, 1, 4, 1, 4, 1, 4,
 4, 1, 4, 4, 4, 4, 4, 1, 4, 4, 4, 4, 4, 1, 4, 1, 4, 1, 4, 1, 4, 4, 4, 4, 4, 4, 4, 4, 4, 4, 4, 1, 4, 1, 4, 1, 4, 4, 4, 1, 4, 1, 4,
 4,18, 1, 1, 1, 1, 4, 1, 4, 1, 1, 1, 1, 1, 1, 1, 4, 1, 4, 1, 1, 1, 1, 1, 1, 1, 4, 1, 1, 1, 4, 1, 1, 1, 4, 1, 1, 1, 4, 1, 1, 1, 4,
 4, 1, 4, 1, 4, 4, 4, 1, 4, 4, 4, 4, 4, 4, 4, 4, 4, 1, 4, 4, 4, 4, 4, 4, 4, 1, 4, 4, 4, 1, 4, 4, 4, 4, 4, 4, 4, 1, 4, 4, 4, 4, 4,
 4, 1, 4, 1,38, 1, 4, 1, 4, 1, 1, 1, 1, 1, 1, 1, 1, 1, 4, 1, 0, 1, 1, 1, 4, 1, 4, 1, 1, 1, 1, 1, 4, 1, 1, 1, 4, 1, 1, 1, 1, 1, 4,
 4, 1, 4, 4, 4,33, 4, 1, 4, 1, 4, 4, 4, 4, 4, 4, 4, 4, 4, 1, 4, 1, 4, 4, 4, 1, 4, 1, 4, 4, 4, 1, 4, 1, 4, 1, 4, 4, 4, 4, 4, 1, 4,
 4, 1, 4, 1, 4, 1, 1, 1, 4, 1, 4, 4, 4, 4, 4, 4, 4, 4, 4, 5, 4, 1, 1, 1, 4, 1, 1, 1, 4,18, 1, 1, 4, 1, 4, 1, 1, 1, 1, 1, 1, 1, 4,
 4, 1, 4, 1, 4, 4, 4, 4, 4, 1, 4, 8, 1, 1, 1, 1, 1, 1, 1, 1, 4, 4, 4, 1, 4, 4, 4, 4, 4, 1, 4, 4, 4, 1, 4, 4, 4, 4, 4, 4, 4, 1, 4,
 4, 1, 1, 1, 1, 1, 1, 1, 1, 1, 4, 1, 1, 1, 1, 1, 1, 1, 1, 1, 4, 4, 4, 1, 1, 1, 4, 1, 1, 1, 4, 1, 1, 1, 1,16, 1, 1, 1, 1, 4, 1, 4,
 4, 4, 4, 4, 4, 4, 4, 4, 4, 4, 4, 4, 4, 4, 4, 4, 4, 4, 4, 4, 4, 4, 4, 1, 4, 1, 4, 1, 4, 4, 4, 4, 4, 4, 4, 4, 4, 4, 4, 1, 4, 4, 4,
 4, 1, 1, 1, 4, 1, 1, 1, 1, 1, 1, 1, 1, 1, 4, 4, 4, 1, 1, 1, 4,20, 1, 1, 4, 1, 4, 1, 4, 1, 1, 1, 1, 1, 1, 1, 1, 1, 4, 1, 1, 1, 4,
 4, 1, 4, 4, 4, 1, 4, 1, 4, 4, 4, 4, 4, 1, 4, 4, 4, 1, 4, 1, 4, 1, 4, 4, 4, 4, 4, 1, 4, 1, 4, 1, 4, 4, 4, 4, 4, 1, 4, 4, 4, 1, 4,
 4, 1, 4, 1, 1, 1, 4, 1, 4, 1, 1, 1, 4, 1, 1, 1, 4, 1, 4, 1, 4, 1, 1, 1, 1, 1, 4, 1, 4, 1, 4, 1, 4, 1, 4, 1, 1, 1, 4, 1, 1, 1, 4,
 4, 1, 4, 1, 4, 4, 4, 1, 4, 1, 4, 4, 4, 4, 4, 1, 4, 1, 4, 4, 4, 4, 4, 4, 4, 1, 4, 1, 4, 1, 4, 1, 4, 1, 4, 1, 4, 4, 4, 1, 4, 4, 4,
 4, 1, 4, 1, 4, 1, 1, 1, 4, 1, 1, 1, 1, 1, 1, 1, 1, 1, 1, 1, 1, 1, 1, 1, 1, 1, 4, 1, 4, 1, 4, 1, 4, 1, 4, 1, 1, 1, 4, 1, 1, 1, 4,
 4, 1, 4, 1, 4, 1, 4, 4, 4, 4, 4, 4, 4, 4, 4, 4, 4, 4, 4, 4, 4, 4, 4, 4, 4, 4, 4, 1, 4, 4, 4, 1, 4, 1, 4, 4, 4, 1, 4, 4,12, 1, 4,
 4, 1, 1, 1, 4, 1, 1, 1, 1, 1, 1, 1, 1, 1, 4, 1, 1, 1, 1, 1, 1, 1, 1, 1, 1, 1, 4, 1, 1, 1, 4, 1, 4, 1, 1, 1, 4, 1, 1, 1,16, 1, 4,
 4, 1, 4, 4, 4, 4, 4, 4, 4, 4, 4, 4, 4, 1, 4, 1, 4, 4, 4, 4, 4, 4, 4, 4, 4, 1, 4, 4, 4, 1, 4, 1, 4, 1,12, 4, 4, 4, 4, 4, 4, 1, 4,
 4, 1, 1, 1, 4, 1, 1, 1, 1, 1,38, 1, 4, 1, 4, 1, 1, 1, 1, 1, 1, 1, 4, 1, 4, 1, 1, 1, 4, 1, 1, 1, 4, 1, 1, 1, 1, 1, 4, 8, 4, 1, 4,
 4, 4, 4, 1, 4, 1, 4, 4, 4, 4, 4, 4, 4, 1, 4, 4, 4, 4, 4, 4, 4, 1, 4, 1, 4, 4, 4, 1, 4, 4, 4, 4, 4, 1, 4, 1, 4, 1, 4, 1, 4, 1, 4,
 4, 1, 4,33, 4, 1, 1, 1, 4, 1, 1, 1, 1, 1, 4, 1, 1, 1, 4, 1, 1, 1, 4, 1, 1, 1, 4, 1, 4, 1, 1, 1, 4, 1, 4, 1, 4, 1, 1, 1, 4,18, 4,
 4, 1, 4, 1, 4, 4, 4, 1, 4, 1, 4, 4, 4, 4, 4, 1, 4, 1, 4, 1, 4, 4, 4, 4, 4, 1, 4, 1, 4, 1, 4, 1, 4, 1, 4, 1, 4, 4, 4, 4, 4, 1, 4,
 4, 1, 1, 1, 1,16, 1, 1, 4, 1, 1, 1, 1, 1, 1, 1, 4, 1,33, 1, 1, 1, 1, 1, 1, 1, 4, 1, 1, 1, 4, 1, 1, 1, 4, 1, 1, 1, 1, 1, 1, 1, 4,
 4, 4, 4, 4, 4, 4, 4, 4, 4, 4, 4, 4, 4, 4, 4, 4, 4, 4, 4, 4, 4, 4, 4, 4, 4, 4, 4, 4, 4, 4, 4, 4, 4, 4, 4, 4, 4, 4, 4, 4, 4, 4, 4
],
"tiles":"tiles_depth_26_x.png",
"water":"water_spider_nest.png",
"entrance":[1,1],
"multiexit":[[39,37],[11,26]],
"mobs" : [
{"kind":"G4","x":11,"y":27},
{"kind":"G0","x":12,"y":26},
{"kind":"G2","x":13,"y":27},
{"kind":"G1","x":14,"y":26},
{"kind":"G0","x":15,"y":27},
{"kind":"G3","x":16,"y":26},
{"kind":"G3","x":17,"y":27},
{"kind":"G1","x":18,"y":26},
{"kind":"G1","x":19,"y":27}
],
"items": [
{"kind":"PotionOfLiquidFlame","x":41,"y":1},
{"kind":"PotionOfMight", "x":1,"y":39}
],
"objects" : [
{"kind" : "Sign", "x" : 39, "y" : 38, "text" : "Dep26_Text"}
]
}