﻿{
"width":42,
"height":42,
"map":[ 4, 4, 4, 4, 4, 4, 4, 4, 4, 4, 4, 4, 4, 4, 4, 4, 4, 4, 4, 4, 4, 4, 4, 4, 4, 4, 4, 4, 4, 4, 4, 4, 4, 4, 4, 4, 4, 4, 4, 4, 4, 4,
 4, 7, 4, 1, 1, 1, 1, 1, 1, 1, 4, 1, 1, 4, 1, 1, 4, 1, 1, 1, 1, 4, 1, 1, 4, 1, 1, 1, 4, 1, 1, 1, 4, 1, 1, 1, 1, 4, 1, 1, 1, 4,
 4, 1, 1, 1, 4, 1, 4, 4, 4, 1, 4, 1, 1, 1, 1, 1, 4, 1, 1, 4, 1, 4, 1, 1, 1, 1, 4, 1, 4, 1, 4, 1, 4, 1, 4, 4, 1, 4, 1, 4, 1, 4,
 4, 4, 1, 4, 4, 1, 4, 1, 1, 1, 4, 1, 4, 4, 4, 1, 1, 1, 4, 4, 1, 4, 1, 4, 4, 4, 4, 1, 4, 4, 4, 1, 4, 1, 1, 4, 1, 4, 1, 4, 1, 4,
 4, 1, 1, 1, 4, 1, 4, 1, 4, 1, 4, 1, 1, 1, 4, 1, 4, 1, 1, 1, 1, 4, 1, 4, 1, 1, 1, 1, 4, 1, 1, 1, 4, 4, 4, 4, 1, 4, 1, 4, 1, 4,
 4, 1, 4, 4, 4, 1, 4, 1, 4, 1, 4, 1, 4, 4, 4, 1, 4, 1, 4, 1, 4, 4, 1, 4, 1, 4, 4, 4, 4, 4, 1, 4, 4, 1, 1, 1, 1, 4, 1, 4, 1, 4,
 4, 1, 1, 1, 1, 1, 1, 1, 1, 1, 1, 1, 1, 1, 1, 1, 4, 1, 4, 1, 1, 1, 1, 4, 1, 4, 1, 4, 1, 4, 1, 4, 1, 1, 4, 1, 4, 4, 1, 1, 1, 4,
 4, 4, 4, 4, 1, 4, 4, 1, 4, 4, 4, 4, 4, 1, 4, 1, 4, 1, 4, 4, 1, 4, 1, 1, 1, 1, 1, 1, 1, 1, 1, 4, 1, 4, 4, 1, 4, 1, 4, 4, 4, 4,
 4, 1, 1, 1, 1, 1, 1, 1, 4, 1, 1, 1, 1, 1, 4, 1, 1, 1, 1, 1, 1, 4, 1, 4, 4, 4, 4, 4, 4, 1, 4, 4, 1, 4, 1, 1, 4, 1, 1, 1, 1, 4,
 4, 1, 4, 4, 4, 1, 4, 1, 4, 1, 1, 4, 4, 1, 4, 4, 4, 4, 1, 4, 1, 4, 1, 1, 4, 1, 1, 1, 1, 1, 1, 1, 1, 4, 1, 4, 4, 4, 4, 4, 1, 4,
 4, 1, 1, 1, 1, 1, 4, 1, 1, 1, 1, 1, 4, 1, 1, 1, 4, 1, 1, 4, 1, 4, 4, 1, 4, 1, 4, 4, 4, 4, 1, 4, 1, 4, 1, 4, 1, 1, 1, 4, 1, 4,
 4, 4, 4, 4, 4, 4, 4, 4, 4, 4, 4, 1, 1, 1, 4, 1, 4, 1, 1, 4, 1, 1, 1, 1, 4, 1, 4, 1, 4, 1, 1, 4, 1, 4, 1, 1, 1, 4, 1, 4, 1, 4,
 4, 1, 4, 1, 1, 1, 4, 1, 1, 1, 4, 1, 4, 4, 4, 1, 4, 1, 4, 4, 4, 4, 4, 4, 4, 1, 4, 1, 1, 1, 1, 1, 1, 1, 1, 4, 1, 4, 1, 4, 1, 4,
 4, 1, 1, 1, 4, 1, 1, 1, 4, 1, 1, 1, 4, 1, 1, 1, 1, 1, 4, 1, 1, 1, 4, 1, 4, 1, 4, 1, 4, 4, 1, 4, 1, 4, 1, 4, 1, 4, 1, 4, 1, 4,
 4, 1, 4, 4, 4, 4, 4, 4, 4, 4, 4, 4, 4, 4, 4, 4, 4, 4, 4, 4, 4, 1, 4, 1, 1, 1, 1, 1, 1, 4, 1, 4, 1, 4, 1, 4, 1, 4, 1, 4, 1, 4,
 4, 1, 1, 1, 4, 4, 4, 1, 1, 1, 4, 4, 1, 1, 1, 1, 1, 1, 1, 4, 4, 1, 4, 4, 1, 4, 4, 4, 1, 4, 1, 4, 1, 4, 1, 4, 1, 4, 1, 4, 1, 4,
 4, 1, 4, 1, 1, 1, 1, 1, 4, 1, 1, 1, 1, 4, 4, 4, 4, 4, 1, 1, 4, 1, 1, 4, 1, 4, 1, 4, 1, 4, 1, 4, 1, 4, 1, 1, 1, 1, 1, 4, 1, 4,
 4, 1, 4, 1, 4, 1, 4, 1, 4, 4, 1, 4, 1, 4, 1, 4, 1, 1, 1, 4, 4, 4, 1, 4, 1, 4, 1, 1, 1, 4, 1, 1, 1, 4, 1, 4, 1, 4, 4, 4, 1, 4,
 4, 1, 4, 1, 4, 1, 4, 1, 4, 1, 1, 4, 1, 4, 1, 1, 1, 4, 1, 1, 4, 1, 1, 1, 1, 4, 4, 4, 4, 4, 4, 4, 4, 4, 1, 4, 1, 4, 1, 1, 1, 4,
 4, 1, 4, 1, 4, 1, 4, 1, 4, 4, 1, 4, 1, 4, 4, 4, 4, 4, 4, 4, 4, 4, 4, 4, 1, 4, 1, 1, 1, 1, 4, 1, 4, 1, 1, 4, 1, 4, 1, 4, 1, 4,
 4, 1, 4, 1, 4, 1, 4, 1, 1, 1, 1, 4, 1, 1, 1, 4, 1, 1, 1, 1, 4, 1, 4, 1, 1, 4, 1, 1, 4, 1, 1, 1, 4, 4, 4, 4, 1, 4, 1, 4, 1, 4,
 4, 1, 4, 1, 1, 1, 4, 4, 4, 4, 4, 4, 4, 1, 1, 1, 1, 4, 4, 1, 4, 1, 4, 1, 1, 1, 1, 1, 4, 1, 4, 1, 4, 1, 1, 1, 1, 4, 1, 4, 1, 4,
 4, 1, 4, 4, 4, 1, 1, 1, 1, 4, 1, 4, 4, 1, 4, 1, 4, 4, 1, 1, 4, 1, 1, 1, 4, 1, 4, 1, 4, 1, 4, 1, 4, 4, 4, 4, 4, 4, 4, 4, 1, 4,
 4, 1, 1, 1, 4, 4, 4, 4, 1, 4, 1, 1, 4, 1, 1, 1, 4, 1, 1, 4, 4, 4, 4, 4, 4, 1, 4, 1, 1, 1, 4, 1, 1, 1, 1, 1, 4, 1, 1, 4, 1, 4,
 4, 1, 4, 1, 4, 1, 1, 1, 1, 4, 4, 1, 4, 4, 4, 4, 4, 1, 4, 4, 1, 4, 1, 1, 1, 1, 4, 1, 4, 1, 4, 1, 4, 1, 4, 1, 4, 1, 4, 4, 1, 4,
 4, 1, 4, 1, 4, 4, 1, 4, 1, 1, 1, 1, 4, 1, 1, 1, 4, 1, 1, 1, 1, 4, 1, 4, 4, 4, 4, 1, 4, 1, 4, 1, 4, 4, 4, 1, 4, 1, 1, 4, 1, 4,
 4, 1, 4, 1, 1, 1, 1, 4, 4, 4, 4, 4, 4, 1, 4, 4, 4, 4, 4, 4, 1, 4, 1, 1, 1, 1, 1, 1, 4, 1, 1, 1, 4, 1, 1, 1, 4, 1, 1, 1, 1, 4,
 4, 1, 4, 4, 4, 4, 4, 4, 1, 4, 1, 1, 1, 1, 1, 4, 1, 1, 1, 1, 1, 4, 4, 4, 4, 4, 4, 1, 4, 1, 4, 4, 4, 4, 1, 1, 4, 1, 4, 1, 4, 4,
 4, 1, 1, 1, 1, 1, 1, 1, 1, 4, 1, 4, 1, 4, 1, 4, 1, 4, 4, 4, 4, 4, 1, 4, 1, 1, 1, 1, 1, 1, 1, 1, 1, 4, 4, 1, 4, 1, 4, 1, 1, 4,
 4, 4, 4, 4, 4, 4, 4, 4, 1, 4, 1, 4, 4, 4, 1, 1, 1, 1, 1, 1, 1, 4, 1, 1, 1, 4, 1, 4, 1, 4, 1, 4, 1, 1, 1, 1, 1, 1, 4, 1, 4, 4,
 4, 1, 1, 1, 1, 4, 1, 1, 1, 1, 1, 1, 1, 1, 1, 4, 4, 4, 4, 4, 1, 4, 4, 4, 4, 4, 4, 4, 4, 4, 4, 4, 4, 4, 4, 4, 4, 4, 4, 1, 1, 4,
 4, 1, 4, 4, 4, 4, 1, 4, 4, 4, 4, 4, 1, 4, 4, 4, 1, 1, 1, 4, 1, 1, 1, 4, 1, 1, 1, 1, 1, 4, 1, 1, 1, 4, 1,13, 2, 2, 4, 1, 4, 4,
 4, 1, 4, 1, 1, 4, 1, 1, 1, 1, 1, 1, 1, 1, 4, 4, 1, 4, 1, 4, 4, 4, 1, 4, 4, 1, 4, 4, 1, 4, 4, 4, 1, 4, 4, 4, 4, 2, 4, 1, 1, 4,
 4, 1, 4, 4, 1, 4, 4, 4, 1, 4, 4, 4, 4, 1, 4, 1, 1, 4, 1, 1, 4, 1, 1, 4, 1, 1, 1, 4, 1, 1, 1, 1, 1, 1, 1, 1, 4, 2, 4, 4, 1, 4,
 4, 1, 1, 1, 1, 1, 1, 1, 1, 4, 1, 1, 1, 1, 4, 4, 4, 4, 1, 4, 4, 4, 4, 4, 1, 4, 1, 4, 4, 4, 4, 4, 4, 4, 4, 1, 4, 1, 4, 1, 1, 4,
 4, 4, 4, 4, 4, 4, 4, 1, 4, 4, 1, 4, 4, 4, 4, 1, 1, 1, 1, 1, 1, 1, 1, 4, 1, 4, 1, 1, 1, 1, 1, 4, 4, 1, 4, 1, 4, 1, 4, 1, 4, 4,
 4, 1, 4, 1, 1, 1, 1, 1, 1, 1, 1, 1, 1, 1, 1, 1, 1, 4, 4, 4, 4, 4, 1, 4, 4, 4, 4, 4, 4, 4, 1, 1, 4, 1, 1, 1, 1, 2, 4, 1, 1, 4,
 4, 1, 1, 1, 1, 4, 4, 4, 4, 4, 1, 4, 4, 4, 4, 4, 1, 4, 1, 4, 4, 1, 1, 1, 1, 1, 4, 1, 1, 1, 1, 4, 4, 4, 4, 4, 4, 2, 4, 4, 4, 4,
 4, 1, 4, 4, 4, 4, 1, 1, 1, 4, 1, 4, 1, 1, 1, 4, 1, 4, 1, 1, 4, 1, 4, 4, 4, 1, 4, 1, 4, 4, 4, 4, 1, 1,13, 8, 4, 1, 2, 2, 2, 4,
 4, 1, 1, 1, 1, 4, 4, 4, 1, 4, 1, 4, 4, 4, 1, 4, 1, 4, 4, 1, 4, 1, 4, 1, 4, 1, 4, 1, 1, 1, 4, 4, 1, 4, 4, 4, 4, 4, 1, 4,10, 4,
 4, 1, 4, 1, 1, 1, 1, 1, 1, 4, 1, 1, 1, 1, 1, 4, 1, 1, 1, 1, 4, 1, 1, 1, 4, 1, 1, 1, 4, 1, 1, 4, 1, 1, 1, 1, 1, 1, 1, 4,20, 4,
 4, 4, 4, 4, 4, 4, 4, 4, 4, 4, 4, 4, 4, 4, 4, 4, 4, 4, 4, 4, 4, 4, 4, 4, 4, 4, 4, 4, 4, 4, 4, 4, 4, 4, 4, 4, 4, 4, 4, 4, 4, 4
],
"tiles":"tiles_spiders_nest_x.png",
"water":"water_spider_nest.png",
"entrance":[1,1],
"multiexit":[[41,41],[35,38]],
"items": [
{"kind":"IronKey","x":40,"y":1},
{"kind":"PotionOfMight","x":6,"y":38},
{"kind":"PotionOfLiquidFlame","x":34,"y":31}
]
}
