﻿{
"width":27,
"height":27,
"map":[ 4, 4, 4, 4, 4, 4, 4, 4, 4, 4, 4, 4, 4, 4, 4, 4, 4, 4, 4, 4, 4, 4, 4, 4, 4, 4, 4,
 4, 4, 4, 4, 4, 4, 4, 4, 4, 4, 4, 4, 4, 4, 4, 4, 4, 4, 4, 4, 4, 4, 4, 4, 4, 4, 4,
 4, 4, 1, 1, 1, 1, 1, 4, 4, 4, 1, 1, 1, 1, 1, 4, 4, 4, 4, 4, 4, 4, 4, 4, 4, 4, 4,
 4, 4, 1, 1, 1, 1, 1, 4, 4, 4, 1, 1, 1, 1, 1, 4, 4, 4, 4, 4, 4, 1, 1, 1, 4, 4, 4,
 4, 4, 1, 1, 1, 1, 1, 4, 4, 4, 1, 1, 1, 1, 1, 4, 4, 4, 4, 4, 4, 1,11, 1, 4, 4, 4,
 4, 4, 1, 1, 1, 1, 1, 4, 4, 4, 1, 1, 1, 1, 1, 4, 4, 4, 4, 4, 4, 1, 1, 1, 4, 4, 4,
 4, 4, 4, 4,13, 4, 4, 4, 4, 4, 4, 4,13, 4, 4, 4, 4, 4, 4, 4, 4, 4, 4, 4, 4, 4, 4,
 4, 2, 2, 2, 2, 1, 1, 1, 1, 1, 1, 1, 2, 2, 2, 2, 4, 4, 4, 4, 4, 4, 4, 4, 4, 4, 4,
 4, 2, 1, 1, 1, 1, 1, 1, 1, 1, 1, 1, 1, 1, 1, 2, 4, 4, 4, 4, 4, 4, 4, 4, 4, 4, 4,
 4, 2, 1, 1, 1, 1, 1, 1, 1, 1, 1, 1, 1, 1, 1, 2, 4, 4, 4, 4, 4, 4, 4, 4, 4, 4, 4,
 4, 2, 1, 1, 1, 1, 1, 1, 1, 1, 1, 1, 1, 1, 1, 2, 4,63,63,63, 4, 4, 4, 4, 4, 4, 4,
 4, 2, 1, 1, 1, 1, 1, 1, 1, 1, 1, 1, 1, 1, 1, 2, 4,63, 4,63, 4, 4, 4, 4, 4, 4, 4,
 4, 2, 1, 1, 1, 1, 1, 1, 1, 1, 1, 1, 1, 1, 1, 2, 4, 0, 4, 1, 4, 1, 1, 1, 1, 1, 4,
 4, 2, 1, 1, 1, 1, 1, 1, 1, 1, 1, 1, 1, 1, 1, 2, 4, 0, 4, 1, 4, 1, 1, 1, 1, 1, 4,
 4, 2, 1, 1, 1, 1, 1, 1, 1, 1, 1, 1, 1, 1, 1, 2, 4, 0, 4, 1, 4, 1, 1,11, 1, 1, 4,
 4, 2, 1, 1, 1, 1, 1, 4, 4, 4, 1, 1, 1, 1, 1, 2, 1, 1, 4,13, 4, 1, 1, 1, 1, 1, 4,
 4, 2, 1, 1, 1, 1, 1, 4, 7, 4, 1, 1, 1, 1, 1, 2, 4, 4, 4, 4, 4, 1, 1, 1, 1, 1, 4,
 4, 2, 1, 1, 1, 1, 1, 4, 2, 4, 1, 1, 1, 1, 1, 2, 4, 4, 4, 4, 4, 4, 4, 4, 4,10, 4,
 4, 2, 1, 1, 1, 1, 1,13,13,13, 1, 1, 1, 1, 1, 2, 4, 4, 1, 1, 1, 1, 1, 1, 1, 1, 4,
 4, 2, 1, 1, 1, 1, 1,13,19,13, 1, 1, 1, 1, 1, 2, 4, 4, 1, 1,14,14,14,14, 1, 1, 4,
 4, 2, 1, 1, 1, 1, 1,13,19,13, 1, 1, 1, 1, 1, 2, 4, 4, 1,14,14,14,14,14,14, 1, 4,
 4, 2, 1, 1, 1, 1, 1,13,13,13, 1, 1, 1, 1, 1, 2, 4, 4, 1,14,11,14,14,11,14, 1, 4,
 4, 2, 1, 2, 2, 2, 1,35,10,35, 1, 2, 2, 2, 1, 2, 4, 4, 1,14,14,14,14,14,14, 1, 4,
 4, 2, 1, 2, 1, 2, 1,35, 1,35, 1, 2, 1, 2, 1, 2, 4, 4, 1, 1,14,14,14,14, 1, 1, 4,
 4, 2, 2, 2, 1, 2, 2,13, 2,13, 2, 2, 1, 2, 2, 2, 4, 4, 1, 1,14, 1, 1,14, 1, 1, 4,
 4, 1, 1, 1, 1, 1, 1, 4, 4, 4, 1, 1, 1, 1, 1, 1,16, 1, 1, 1, 1, 1, 1, 1, 1, 1, 4,
 4, 4, 4, 4, 4, 4, 4, 4, 4, 4, 4, 4, 4, 4, 4, 4, 4, 4, 4, 4, 4, 4, 4, 4, 4, 4, 4
],
"tiles":"tiles_spiders_nest_x.png",
"water":"water_spider_nest.png",
"entrance":[8,16],
"multiexit":[[26,0],[8,16],[19,15]],
"objects" : [
{"kind":"Sign", "x":8, "y":17, "text":"Dep30s_S1_Text"},
{"kind":"Sign", "x":6, "y":21, "text":"Dep30s_S2_Text"},
{"kind":"Sign", "x":19, "y":14, "text":"Hidden_stairs_Text"}
],
"items" : [
{"kind":"DwarfToken", "x":22, "y":4},
{"kind":"Ankh", "x":19, "y":15},
{"kind":"Firebloom.Seed", "x":8, "y":24},
{"kind":"ScrollOfLullaby", "x":23, "y":21},
{"kind":"PotionOfMight", "x":23, "y":14,"quantity":2},
{"kind":"PotionOfHealing", "x":23, "y":14,"quantity":2},
{"kind":"PotionOfHealing", "x":20, "y":21,"quantity":3}
],
"mobs" : [
{"kind":"SpiderNest", "x":3, "y":5},
{"kind":"SpiderNest", "x":4, "y":4},
{"kind":"SpiderNest", "x":7, "y":7},
{"kind":"SpiderNest", "x":8, "y":7},
{"kind":"SpiderNest", "x":9, "y":7},
{"kind":"SpiderNest", "x":5, "y":5},
{"kind":"SpiderQueen", "x":4, "y":5, "loot":{"kind":"IronKey"}},
{"kind":"SpiderQueen", "x":12, "y":5, "loot":{"kind":"IronKey"}},
{"kind":"SpiderNest", "x":11, "y":5},
{"kind":"SpiderNest", "x":12, "y":4},
{"kind":"SpiderNest", "x":13, "y":5},
{"kind":"SpiderEgg", "x":8, "y":19, "loot":{"kind":"Gold"}},
{"kind":"SpiderNest", "x":10, "y":21},
{"kind":"SpiderExploding", "x":3, "y":4,"var":3},
{"kind":"SpiderExploding", "x":5, "y":4,"var":3},
{"kind":"SpiderExploding", "x":11, "y":4,"var":3},
{"kind":"SpiderExploding", "x":13, "y":4,"var":3}
]
}