﻿{
"width":20,
"height":20,
"map":[ 4, 4, 4, 4, 4, 4, 4, 4, 4, 4, 4, 4, 4, 4, 4, 4, 4, 4, 4, 4,
 4, 4, 4, 4, 4, 4, 4, 0, 0, 0, 0, 0, 4, 4, 4, 4, 4, 4, 4, 4,
 4, 4, 4, 4, 4, 4, 4, 0, 0, 0, 0, 0, 4, 4, 4, 4, 4, 4, 4, 4,
 4, 4, 4, 4, 4, 4, 4, 0, 0, 0, 0, 0, 4, 4, 4, 4, 4, 4, 4, 4,
 4, 4, 4, 4, 4, 4, 4, 0, 0, 0, 0, 0, 4, 4, 4, 4, 4, 4, 4, 4,
 4, 4, 4, 4, 4, 4, 4, 0, 0, 0, 0, 0, 4, 4, 4, 4, 4, 4, 4, 4,
 4, 4, 4, 4, 4,35, 4, 4, 4,10, 4, 4, 4,35, 4, 4, 4, 4, 4, 4,
 4, 4, 4, 4, 2, 2, 2, 2, 2, 2, 2, 2, 2, 2, 2, 4, 4, 4, 4, 4,
 4, 4, 4,35, 2, 0, 0, 0, 2,35, 2, 0, 0, 0, 2,35, 4, 4, 4, 4,
 4, 4, 4,35, 2, 0, 0, 0, 2,35, 2, 0, 0, 0, 2,35, 4, 4, 4, 4,
 4, 4, 4,35, 2, 0, 0, 0, 2,35, 2, 0, 0, 0, 2,35, 4, 4, 4, 4,
 4, 4, 4,35, 2, 2, 2, 2, 2, 2, 2, 2, 2, 2, 2,35, 4, 4, 4, 4,
 4, 4, 4, 4, 2,35,35,35, 2,11, 2,35,35,35, 2, 4, 4, 4, 4, 4,
 4, 4, 4,35, 2, 2, 2, 2, 2, 2, 2, 2, 2, 2, 2,35, 4, 4, 4, 4,
 4, 4, 4,35, 2, 0, 0, 0, 2,35, 2, 0, 0, 0, 2,35, 4, 4, 4, 4,
 4, 4, 4,35, 2, 0, 0, 0, 2,35, 2, 0, 0, 0, 2,35, 4, 4, 4, 4,
 4, 4, 4,35, 2, 0, 0, 0, 2,35, 2, 0, 0, 0, 2,35, 4, 4, 4, 4,
 4, 4, 4, 4, 2, 2, 2, 2, 2, 7, 2, 2, 2, 2, 2, 4, 4, 4, 4, 4,
 4, 4, 4, 4, 4,35,35,35,35, 4,35,35,35,35, 4, 4, 4, 4, 4, 4,
 4, 4, 4, 4, 4, 4, 4, 4, 4, 4, 4, 4, 4, 4, 4, 4, 4, 4, 4, 4
],
"tiles":"tiles_shadow_lord.png",
"water":"water2.png",
"entrance":[9,17],
"exit":[19,19],
"mobs" : [
{"kind":"SwapShadow","x":5,"y":8},
{"kind":"SwapShadow","x":6,"y":8},
{"kind":"SwapShadow","x":7,"y":8},
{"kind":"SwapShadow","x":5,"y":9},
{"kind":"SwapShadow","x":6,"y":9},
{"kind":"SwapShadow","x":7,"y":9},
{"kind":"SwapShadow","x":5,"y":10},
{"kind":"SwapShadow","x":6,"y":10},
{"kind":"SwapShadow","x":7,"y":10},
{"kind":"SwapShadow","x":11,"y":8},
{"kind":"SwapShadow","x":12,"y":8},
{"kind":"SwapShadow","x":13,"y":8},
{"kind":"SwapShadow","x":11,"y":9},
{"kind":"SwapShadow","x":12,"y":9},
{"kind":"SwapShadow","x":13,"y":9},
{"kind":"SwapShadow","x":11,"y":10},
{"kind":"SwapShadow","x":12,"y":10},
{"kind":"SwapShadow","x":13,"y":10},
{"kind":"SwapShadow","x":5,"y":14},
{"kind":"SwapShadow","x":6,"y":14},
{"kind":"SwapShadow","x":7,"y":14},
{"kind":"SwapShadow","x":5,"y":15},
{"kind":"SwapShadow","x":6,"y":15},
{"kind":"SwapShadow","x":7,"y":15},
{"kind":"SwapShadow","x":5,"y":16},
{"kind":"SwapShadow","x":6,"y":16},
{"kind":"SwapShadow","x":7,"y":16},
{"kind":"SwapShadow","x":11,"y":14},
{"kind":"SwapShadow","x":12,"y":14},
{"kind":"SwapShadow","x":13,"y":14},
{"kind":"SwapShadow","x":11,"y":15},
{"kind":"SwapShadow","x":12,"y":15},
{"kind":"SwapShadow","x":13,"y":15},
{"kind":"SwapShadow","x":11,"y":16},
{"kind":"SwapShadow","x":12,"y":16},
{"kind":"SwapShadow","x":13,"y":16},
{"kind":"MimicAmulet","x":9,"y":3}
],
"items" = [
{"kind"="ScrollOfDomination", "x"=9, "y"=12}
]
}