﻿{
"width":42,
"height":42,
"map":[ 4, 4, 4, 4, 4, 4, 4, 4, 4, 4, 4, 4, 4, 4, 4, 4, 4, 4, 4, 4, 4, 4, 4, 4, 4, 4, 4, 4, 4, 4, 4, 4, 4, 4, 4, 4, 4, 4, 4, 4, 4, 4,
 4, 1, 1, 1, 1, 1, 1, 4, 1, 1, 1, 1, 4, 1, 1, 4, 1, 1, 1, 4, 1, 1, 1, 1, 4, 1, 1, 1, 1, 1, 1, 1, 4, 1, 4, 1, 1, 1, 4, 1, 1, 4,
 4, 1, 1, 4, 4, 4, 1, 4, 1, 1, 4, 1, 1, 1, 4, 4, 1, 4, 1, 4, 1, 4, 4, 4, 4, 1, 4, 4, 4, 4, 4, 1, 4, 1, 1, 1, 4, 1, 1, 1, 4, 4,
 4, 4, 1, 4, 1, 1, 1, 4,13, 4, 4, 4, 4, 4, 4, 4, 1, 4, 4, 4, 1, 1, 1, 1, 1, 1, 4, 1, 1, 1, 1, 1, 4, 1, 4, 4, 4, 1, 4, 4, 4, 4,
 4, 1, 1, 4, 4, 4, 4, 4, 1, 4, 1, 4, 1, 1, 1,10, 1, 1, 1, 1, 1, 4, 4, 4, 4, 1, 4, 1, 4, 4, 4, 1, 1, 1, 4, 1, 1, 1, 4, 1, 4, 4,
 4, 1, 4, 4, 1, 1, 1, 1, 1, 4, 1, 4, 1, 4, 4, 4, 4, 4, 4, 4, 1, 4, 1, 1, 1, 1, 4, 1, 4, 1, 4, 4, 4, 4, 4, 1, 4, 4, 4, 1, 1, 4,
 4, 1, 4, 1, 1, 1, 4, 1, 1, 4, 1, 1, 1, 1, 1, 4, 1, 1, 1, 4, 1, 4, 1, 4, 4, 4, 4, 4, 4, 1, 1, 1, 1, 1, 4, 1, 1, 1, 4, 4, 1, 4,
 4, 1, 4, 1, 4, 4, 4, 4, 4, 4, 4, 4, 4, 1, 4, 4, 1, 4, 4, 4, 1, 4, 1, 4, 1, 1, 1, 1, 4, 1, 4, 4, 1, 4, 4, 4, 4, 1, 4, 1, 1, 4,
 4, 1, 1, 1, 4, 1, 4, 1, 4, 1, 1, 1, 1, 1, 1, 4, 1, 4, 1, 1, 1, 4, 1, 4, 1, 4, 4, 1, 4, 1, 1, 4, 1, 4, 1, 1, 1, 1, 1, 1, 4, 4,
 4, 4, 4, 1, 4, 1, 4, 1, 1, 1, 4, 1, 4, 4, 4, 4, 1, 4, 1, 4, 1, 4, 1, 4, 1, 1, 4, 1, 4, 1, 4, 4, 1, 4, 1, 4, 4, 4, 4, 4, 4, 4,
 4, 1, 4, 1, 1, 1, 4, 4, 4, 4, 4, 1, 4, 1, 1, 4, 1, 1, 1, 4, 1, 4, 1, 4, 4, 1, 4, 1, 4, 4, 4, 4, 1, 4, 1, 1, 1, 1, 1, 1, 1, 4,
 4, 1, 4, 1, 4, 1, 4, 1, 4, 1, 1, 1, 4, 4, 1, 4, 4, 4, 4, 4, 1, 1, 1, 1, 1, 1, 4, 1, 1, 1, 1, 1, 1, 4, 1, 4, 1, 4, 4, 4, 1, 4,
 4, 1, 1, 1, 4, 1, 4, 1, 4, 1, 4, 4, 4, 1, 1, 4, 1, 4, 1, 1, 1, 1, 4, 4, 4, 4, 4, 4, 4, 4, 4, 1, 1, 4, 4, 4, 1, 4, 1, 4, 1, 4,
 4, 4, 4, 4, 4, 1, 4, 1, 4, 1, 1, 1, 4, 1, 4, 4, 1, 4, 1, 4, 1, 4, 4, 1, 1, 1, 1, 1, 1, 1, 4, 4, 4, 4, 1, 1, 1, 4, 1, 4, 1, 4,
 4, 1, 1, 1, 1, 1, 1, 1, 1, 1, 4, 1, 1, 1, 1, 4, 1, 4, 4, 4, 1, 4, 1, 1, 4, 4, 4, 4, 4, 1, 4, 1, 1, 1, 1, 4, 1, 4, 1, 1, 1, 4,
 4, 4, 4, 4, 4, 4, 4, 4, 4, 4, 4, 4, 4, 4, 4, 4, 1, 1, 1, 1, 1, 4, 1, 4, 4, 1, 1, 1, 4, 1, 4, 1, 4, 4, 1, 4, 1, 4, 4, 4, 4, 4,
 4, 1, 1, 1, 4, 1, 1, 1, 1, 1, 1, 1, 1, 1, 1, 4, 1, 4, 4, 4, 4, 4, 1, 4, 1, 1, 4, 1, 4, 1, 1, 1, 4, 1, 1, 4, 1, 1, 1, 1, 4, 4,
 4, 4, 4, 1, 4, 1, 4, 4, 4, 4, 1, 4, 4, 4, 4, 4, 1, 1, 1, 1, 1, 4, 1, 1, 1, 4, 4, 1, 4, 4, 4, 1, 4, 1, 4, 4, 4, 4, 4, 1, 1, 4,
 4, 1, 1, 1, 4, 1, 4, 1, 1, 4, 1, 1, 1, 1, 1, 4, 4, 4, 4, 4, 1, 1, 1, 4, 1, 1, 4, 1, 4, 1, 4, 1, 4, 1, 1, 1, 4, 1, 4, 4, 1, 4,
 4, 1, 4, 4, 4, 1, 4, 1, 4, 4, 4, 4, 4, 1, 4, 4, 1, 1, 1, 4, 1, 1, 4, 4, 4, 4, 4, 1, 1, 1, 4, 1, 4, 1, 4, 1, 1, 1, 1, 1, 1, 4,
 4, 1, 4, 1, 1, 1, 4, 1, 1, 1, 1, 1, 4, 1, 1, 4, 0, 4, 1, 4, 1, 4, 4, 1, 1, 1, 1, 1, 4, 4, 4, 1, 4, 1, 4, 1, 4, 1, 4, 4, 1, 4,
 4, 1, 1, 1, 4, 1, 1, 1, 1, 4, 4, 1, 4, 4, 1, 4, 0, 4, 1, 4, 1, 4, 1, 1, 4, 4, 4, 1, 4, 1, 1, 1, 4, 1, 4, 1, 4, 1, 4, 1, 1, 4,
 4, 4, 4, 4, 4, 1, 4, 1, 1, 1, 4, 1, 4, 1, 1, 4, 0, 4, 4, 4, 1, 4, 1, 4, 4, 1, 4, 1, 4, 4, 1, 4, 4, 1, 4, 1, 4, 1, 4, 1, 4, 4,
 4, 1, 1, 1, 1, 1, 4, 4, 4, 1, 4, 1, 4, 1, 4, 4, 1, 1, 1, 1, 1, 4, 1, 1, 1, 1, 4, 1, 4, 1, 1, 1, 1, 1, 4, 1, 4, 1, 1, 1, 4, 4,
 4, 4, 4, 4, 4, 4, 4, 1, 1, 1, 4, 1, 4, 1, 1, 4, 4, 4, 4, 4, 4, 4, 4, 4, 4,10, 4, 4, 4, 4, 4, 4, 4, 4, 4, 4, 4, 4, 4, 4, 4, 4,
 4, 1, 1, 4, 4, 1, 1, 1, 4, 4, 4, 1, 1, 1, 1, 1, 1, 1, 1, 1, 1, 1, 1, 1, 1, 1, 4, 1, 1, 1, 1, 1, 1, 1, 1, 4, 1, 4, 1, 4, 1, 4,
 4, 4, 1, 4, 1, 1, 4, 4, 4, 1, 4, 4, 4, 4, 4, 4, 1, 4, 4, 1, 4, 1, 4, 4, 4, 1, 4, 1, 4, 4, 1, 4, 4, 4, 1, 4, 1, 1, 1, 4, 1, 4,
 4, 1, 1, 4, 1, 4, 4, 4, 1, 1, 1, 1, 1, 1, 4, 1, 1, 4, 1, 1, 4, 1, 1, 1, 4, 1, 4, 1, 1, 4, 1, 4, 1, 1, 1, 4, 1, 4, 1, 4, 1, 4,
 4, 1, 4, 4, 1, 4, 1, 1, 1, 4, 1, 4, 4, 4, 4, 1, 4, 4, 4, 4, 4, 1, 4, 4, 4, 4, 4, 4, 4, 4, 1, 4, 1, 4, 4, 4, 1, 4, 1, 4, 1, 4,
 4, 1, 1, 1, 1, 1, 1, 4, 1, 4, 1, 4, 1, 1, 4, 1, 1, 1, 1, 1, 1, 1, 4, 1, 1, 1,16, 1, 1, 4, 1, 4, 1, 1, 1, 1, 1, 4, 1, 1, 1, 4,
 4, 4, 1, 4, 4, 4, 4, 4, 1, 4, 1, 4, 1, 4, 4, 4, 4, 1, 4, 4, 4, 4, 4, 1, 4, 4, 4, 1, 4, 4, 1, 4, 1, 4, 4, 4, 4, 4, 4, 4, 1, 4,
 4, 4, 4, 4, 1, 1, 1, 1, 1, 4, 1, 4, 1, 4, 1, 1, 4, 1, 4, 1, 1, 1, 1, 1, 1, 1, 4, 1, 1, 1, 1, 4, 1, 1, 1, 1, 1, 1, 1, 1, 1, 4,
 4, 1, 1, 4, 1, 4, 4, 4, 4, 4, 1, 1, 1, 4, 4, 1, 4, 4, 4, 1, 4, 1, 1, 4, 4, 1, 4, 1, 4, 1, 1, 4, 1, 4, 4, 1, 4, 4, 4, 4, 4, 4,
 4, 1, 4, 4, 1, 1, 1, 4, 1, 1, 1, 4, 1, 1, 1, 1, 1, 1, 1, 1, 4, 1, 1, 1, 4, 1, 4, 4, 4, 4, 1, 4, 1, 1, 4, 1, 4, 1, 1, 1, 1, 4,
 4, 1, 1, 1, 1, 4, 1, 4, 1, 4, 1, 4, 1, 4, 1, 4, 4, 4, 4, 1, 4, 1, 4, 4, 4, 1, 4, 1, 1, 1, 1, 4, 4, 1, 4, 1, 4, 4, 4, 4, 1, 4,
 4, 4, 4, 4, 4, 4, 1, 4, 1, 4, 1, 4, 1, 4, 1, 4, 1, 1, 1, 1, 4, 1, 1, 1, 4, 1, 4, 4, 1, 4, 4, 4, 4, 1, 4, 1, 1, 1, 1, 1, 1, 4,
 4, 1, 1, 1, 1, 1, 1, 1, 1, 4, 1, 4, 4, 4, 1, 4, 4, 1, 4, 4, 4, 4, 1, 1, 1, 1, 4, 1, 1, 4, 1, 1, 4, 1, 4, 1, 4, 4, 4, 4, 4, 4,
 4, 1, 4, 4, 4, 4, 4, 4, 1, 4, 1, 4, 1, 1, 1, 1, 4, 1, 4, 1, 1, 1, 1, 4, 4, 1, 4, 4, 1, 1, 1, 4, 4, 1, 1, 1, 1, 1, 1, 1, 1, 4,
 4, 1, 4, 1, 1, 1, 1, 1, 1, 4, 1, 1, 1, 4, 4, 1, 4, 1, 4, 1, 4, 1, 1, 4, 1, 1, 1, 4, 1, 4, 4, 4, 4, 1, 4, 4, 4, 4, 4, 4, 4, 4,
 4, 1, 4, 4, 4, 4, 4, 1, 4, 4, 1, 4, 4, 4, 1, 1, 4, 1, 4, 1, 4, 1, 4, 4, 4, 4, 4, 4, 1, 4, 1, 1, 4, 1, 4, 1, 1, 1, 7, 1, 1, 4,
 4, 1, 1, 1, 1, 1, 1, 1, 4, 1, 1, 1, 1, 1, 1, 4, 4, 1, 1, 1, 4, 1, 1, 1, 1, 1, 1,13, 1, 1, 1, 4, 4, 1, 1, 1, 4, 4, 4, 4, 4, 4,
 4, 4, 4, 4, 4, 4, 4, 4, 4, 4, 4, 4, 4, 4, 4, 4, 4, 4, 4, 4, 4, 4, 4, 4, 4, 4, 4, 4, 4, 4, 4, 4, 4, 4, 4, 4, 4, 4, 4, 4, 4, 4
],
"tiles":"tilesd.png",
"water":"water2.png",
"entrance":[38,39],
"multiexit":[[41,41],[40,1]],
"items": [
{"kind":"PotionOfMight","x":18,"y":21},
{"kind":"IronKey","x":2,"y":32},
{"kind":"Firebloom.Seed","x":37,"y":33},
{"kind":"IronKey","x":39,"y":4},
{"kind":"Codex","x":40,"y":1,"text":"Hidden_stairs_Text"}
]
}