﻿{
"width":27,
"height":27,
"map":[ 4, 4, 4, 4, 4, 4, 4, 4, 4, 4, 4, 4, 4, 4, 4, 4, 4, 4, 4, 4, 4, 4, 4, 4, 4, 4, 4,
 4, 1, 1, 1, 1, 1, 1, 4, 1, 4, 1, 4, 1, 4, 7, 4, 1, 1, 4, 1, 1, 4, 4, 1, 4, 1, 4,
 4, 4, 4, 4, 4, 4, 4,16, 1, 4, 1, 4, 1, 4, 1, 4, 1, 4, 1, 4, 1, 4, 1, 4, 1, 4, 4,
 4, 1, 1, 1, 1, 1, 1, 4, 1, 4, 1,16, 1, 4, 1, 4, 4, 4, 4, 1, 4, 1, 4, 4, 4, 4, 4,
 4, 4, 4,16, 4, 4, 4, 4, 1, 4, 1, 4, 1, 4, 1, 4, 4, 1, 1, 4, 1, 4, 1, 1, 1, 1, 4,
 4, 4, 1, 4, 1,16, 1, 4, 1, 4, 1, 4, 1,16, 1, 4, 4, 1, 4, 4, 1, 4, 4, 4, 4, 4, 4,
 4, 1, 4, 4, 4, 4, 4, 4, 1,16, 1, 4, 1, 4, 1, 4, 1, 4, 1, 1, 4, 1, 1, 4, 1, 1, 4,
 4, 4, 1, 4, 1, 4, 1, 4, 1, 4, 1, 4, 1, 4, 1, 4, 4, 4, 1, 1, 4, 4, 4, 1, 4, 4, 4,
 4, 1, 4, 1, 4, 1, 4, 4, 1, 4, 1, 4, 1, 4, 1,16, 1, 4, 4, 4, 1, 1, 1, 4,16, 1, 4,
 4, 4, 4, 4, 4, 4, 4, 4, 4, 4, 1, 4, 4, 4, 1, 4, 1, 4, 1, 1, 4, 4, 4, 4, 4, 4, 4,
 4, 4, 4, 4, 4, 4, 4, 4, 1, 4, 1, 1, 1, 4, 1, 4, 1, 4, 1, 4, 4, 4, 4, 4, 4, 4, 4,
 4, 1, 1, 8, 1, 1, 4, 4, 1, 4,16, 4, 4, 4, 1, 4, 1, 1, 4, 1, 4, 1, 1, 1, 1, 1, 4,
 4, 1, 1, 1, 1, 1, 4, 4, 1, 1, 1, 1, 1, 4,10, 4, 1, 4, 1, 1, 4, 1, 1, 1, 1, 1, 4,
 4, 1, 1, 1, 1, 1, 4, 4, 4, 4, 4, 4, 4, 4, 0, 4, 4, 4, 4, 4, 4, 1, 1, 1, 1, 1, 4,
 4, 1, 1, 1, 1, 1, 1, 1, 1, 1, 1, 1, 1, 1, 1, 1, 1, 1, 1, 1, 1, 1, 1, 1, 1, 1, 4,
 4, 4, 4, 4, 4, 4, 4, 4, 4, 4, 4, 4, 4, 4, 4, 4, 4, 4, 4, 4, 4, 4, 4, 4, 4, 4, 4,
 4, 4, 4, 4, 4, 4, 4, 4, 4, 4, 4, 4, 4, 4, 4, 4, 4, 4, 4, 4, 4, 4, 4, 4, 4, 4, 4,
 4, 4, 4, 4, 4, 4, 4, 4, 4, 4, 4, 4, 4, 4, 4, 4, 4, 4, 4, 4, 4, 4, 4, 4, 4, 4, 4,
 4, 4, 4, 4, 4, 4, 4, 4, 4, 4, 4, 4, 4, 4, 4, 4, 4, 4, 4, 4, 4, 4, 4, 4, 4, 4, 4,
 4, 4, 4, 4, 4, 4, 4, 4, 4, 4, 4, 4, 4, 4, 4, 4, 4, 4, 4, 4, 4, 4, 4, 4, 4, 4, 4,
 4, 4, 4, 4, 4, 4, 4, 4, 4, 4, 4, 4, 4, 4, 4, 4, 4, 4, 4, 4, 4, 4, 4, 4, 4, 4, 4,
 4, 4, 4, 4, 4, 4, 4, 4, 4, 4, 4, 4, 4, 4, 4, 4, 4, 4, 4, 4, 4, 4, 4, 4, 4, 4, 4,
 4, 4, 4, 4, 4, 4, 4, 4, 4, 4, 4, 4, 4, 4, 4, 4, 4, 4, 4, 4, 4, 4, 4, 4, 4, 4, 4,
 4, 4, 4, 4, 4, 4, 4, 4, 4, 4, 4, 4, 4, 4, 4, 4, 4, 4, 4, 4, 4, 4, 4, 4, 4, 4, 4,
 4, 4, 4, 4, 4, 4, 4, 4, 4, 4, 4, 4, 4, 4, 4, 4, 4, 4, 4, 4, 4, 4, 4, 4, 4, 4, 4,
 4, 4, 4, 4, 4, 4, 4, 4, 4, 4, 4, 4, 4, 4, 4, 4, 4, 4, 4, 4, 4, 4, 4, 4, 4, 4, 4,
 4, 4, 4, 4, 4, 4, 4, 4, 4, 4, 4, 4, 4, 4, 4, 4, 4, 4, 4, 4, 4, 4, 4, 4, 4, 4, 4
],
"tiles":"tiles0.png",
"water":"water0.png",
"entrance":[14,1],
"multiexit":[[26,26],[3,11]],
"mobs" : [
{"kind":"G0","x":6,"y":14, "loot":{"kind":"Codex","text":"Dep7_Text"}}
],
"items": [
{"kind":"IronKey","x":6,"y":5},
{"kind":"PotionOfLevitation","x":25,"y":8,"level":"-3"},
{"kind":"PotionOfMight","x":3,"y":12}
]
}