﻿{
"width":8,
"height":8,
"map":[ 4, 4, 4, 4, 4, 4, 4, 4,
 4, 4, 4, 4, 4, 4, 7, 4,
 4, 0, 0, 0, 4, 4, 4, 4,
 4, 0, 0, 0, 4, 1, 4, 4,
 4, 0, 8, 0, 0, 4, 1, 4,
 4, 0, 0, 0, 4, 1, 4, 4,
 4, 0, 0, 0, 4, 4, 4, 4,
 4, 4, 4, 4, 4, 4, 4, 4
],
"tiles":"tiles4.png",
"water":"water4.png",
"entrance":[6,1],
"multiexit":[[7,7],[2,4]],
"mobs" : [
{"kind":"G3","x":6,"y":4},
{"kind":"AirElemental","x":1,"y":2, "level":400},
{"kind":"AirElemental","x":2,"y":2, "level":400},
{"kind":"AirElemental","x":3,"y":2, "level":400},
{"kind":"AirElemental","x":1,"y":6, "level":400},
{"kind":"AirElemental","x":2,"y":6, "level":400},
{"kind":"AirElemental","x":3,"y":6, "level":400}
],
"boss_level":true
}