{
   "SewerLevel":{
      "1":{"Rat":1,"Gnoll":0.5,"Albino":0.03},
      "2":{"Rat":1,"Gnoll":1,"Crab":0.5,"Albino":0.03},
      "3":{"Rat":2,"Gnoll":4,"Crab":2,"Swarm":0.04,"Albino":0.06,"Woodlouise":1},
      "4":{"Rat":1,"Woodlouise":1,"Gnoll":2,"Crab":2,"Swarm":0.02,"Skeleton":0.01,"Thief":0.01,"Albino":0.03}
   },
   "SewerBossLevel":{
      "any":{"Goo":1}
   },
   "PrisonLevel":{
      "6":{"Skeleton":4,"Thief":2,"Swarm":1,"Shaman":0.2,"Bandit":0.06},
      "7":{"Skeleton":3,"Thief":1,"Swarm":1,"Shaman":1,"Shadow":1,"Bandit":0.03},
      "8":{"Skeleton":3,"Shaman":2,"Thief":1,"Swarm":1,"Shadow":1,"Bat":0.02,"Bandit":0.03},
      "9":{"Skeleton":3,"Shaman":3,"Thief":1,"Swarm":1,"Shadow":1,"Bat":0.02,"Brute":0.01,"Bandit":0.03}
   },
   "PrisonBossLevel":{
      "any":{"Tengu":1}
   },
   "CavesLevel":{
      "11":{"Bat":1,"Brute":1},
      "12":{"Bat":1,"Brute":1,"Spinner":1,"Shielded":0.03},
      "13":{"Bat":1,"Brute":3,"Spinner":2,"Shaman":1,"FireElemental":0.02,"Shielded":0.5},
      "14":{"Bat":1,"Brute":2,"Spinner":3,"Shaman":1,"FireElemental":0.02,"Monk":0.01,"Shielded":1}
   },
   "CavesBossLevel":{
      "any":{"DM300":1}
   },
   "CityLevel":{
      "16":{"FireElemental":1,"Monk":0.5,"Warlock":1},
      "17":{"FireElemental":1,"Monk":1,"Warlock":1,"Senior":0.5},
      "18":{"FireElemental":1,"Monk":2,"Warlock":2,"Golem":1,"Senior":1},
      "19":{"FireElemental":1,"Monk":2,"Warlock":2,"Golem":3,"Succubus":0.02,"Senior":1}
   },
   "CityBossLevel":{
      "any":{"King":1}
   },
   "HallsLevel":{
      "22":{"Succubus":1,"Eye":1},
      "23":{"Succubus":1,"Eye":2,"Scorpio":1,"Acidic":0.1},
      "24":{"Succubus":1,"Eye":2,"Scorpio":3,"Acidic":0.5}
   },
   "ShadowLordLevel":{
      "any":{"ShadowLord":1}
   },
   "GutsLevel":{
      "26":{"SuspiciousRat":1,"ZombieGnoll":2,"Worm":0.3,"Succubus":0.02},
      "27":{"SuspiciousRat":2,"ZombieGnoll":1,"Worm":1,"Eye":1},
      "28":{"SuspiciousRat":1,"ZombieGnoll":1,"Worm":2,"FireElemental":0.02},
	  "29":{"SuspiciousRat":2,"ZombieGnoll":1,"Worm":2},
      "30":{"SuspiciousRat":1,"ZombieGnoll":1,"Worm":2}
   },
   "SpiderLevel":{
      "6s":{"SpiderServant":1,"SpiderGuard":0.1},
      "7s":{"SpiderServant":1,"SpiderExploding":0.5,"SpiderGuard":0.5},
      "8s":{"SpiderServant":3,"SpiderExploding":0.5,"SpiderMind":0.2,"SpiderGuard":1,"SpiderMindAmber":0.05},
      "9s":{"SpiderServant":1,"SpiderExploding":1,"SpiderMind":0.5,"SpiderGuard":1,"SpiderMindAmber":0.1},
      "10s":{"SpiderServant":1,"SpiderExploding":1,"SpiderMind":0.5,"SpiderGuard":1,"SpiderMindAmber":0.5}
   },
   "NecroLevel":{
      "necro1":{"Zombie":1, "Skeleton":1, "EnslavedSoul":1},
      "necro2":{"Zombie":1, "ExplodingSkull":0.6, "EnslavedSoul":1, "DeathKnight":0.5,"DreadKnight":0.01},
      "necro3":{"Zombie":2, "ExplodingSkull":1.2, "EnslavedSoul":1, "DeathKnight":1,"DreadKnight":0.05},
      "necro4":{"ExplodingSkull":1.5, "EnslavedSoul":0.5, "DeathKnight":1.5,"DreadKnight":0.1}
   },
   "NecroBossLevel":{
      "any":{"Lich":1}
   },
   "IceCavesLevel":{
      "ice1":{"Kobold":1,"ColdSpirit":2,"IceElemental":0.3},
      "ice2":{"Kobold":2,"KoboldIcemancer":1,"IceElemental":0.5},
      "ice3":{"Kobold":2,"KoboldIcemancer":1.2,"ColdSpirit":1.2,"IceElemental":1},
      "ice4":{"Kobold":2,"KoboldIcemancer":1.6,"ColdSpirit":2,"IceElemental":1.5}
   },
   "IceCavesBossLevel":{
      "any":{"IceGuardianCore":1}
   },
  "RandomLevel":{
    "any":{"Gnoll":1},
    "test_random":{"Swarm":0.01}
  },
  "PredesignedLevel":{
    "any":{"Rat":1}
  },
  "Feelings":{
    "Chance":0.3,
    "CHASM":{"AirElemental":1},
    "WATER":{"WaterElemental":1},
    "GRASS":{"EarthElemental":1}
  }
}