{ "baseTileVar":[8, 8, 8, 8, 8, 8, 8, 8, 8, 8, 8, 8, 1, 1, 1, 1, 61, 1, 1, 1, 1, 8, 8, 16, 16, 16, 16, 16, 16, 16, 16, 16, 8, 8, 16, 16, 16, 16, 16, 16, 16, 16, 16, 8, 8, 16, 16, 16, 16, 16, 16, 16, 16, 16, 8, 8, 16, 16, 16, 16, 26, 16, 16, 16, 16, 8, 8, 16, 16, 16, 16, 26, 16, 16, 16, 16, 8, 8, 16, 16, 16, 16, 26, 16, 16, 16, 16, 8, 8, 16, 16, 16, 16, 26, 16, 16, 16, 16, 8, 8, 16, 16, 16, 16, 26, 16, 16, 16, 16, 8, 8, 16, 16, 16, 16, 26, 16, 16, 16, 16, 8, 8, 16, 16, 16, 16, 26, 16, 16, 16, 16, 8, 8, 16, 16, 16, 16, 26, 16, 16, 16, 16, 8, 8, 16, 16, 16, 16, 16, 16, 16, 16, 16, 8, 8, 1, 1, 1, 1, 1, 1, 1, 1, 1, 8],
 "customTiles":true,
 "decoDesc":["", "", "", "", "", "", "", "", "", "", "", "", "", "", "", "", "", "", "", "", "", "", "", "", "", "", "", "", "", "", "", "", "", "", "", "", "", "", "", "", "", "", "", "", "", "", "", "", "", "", "", "", "", "", "", "", "", "", "", "", "", "", "", ""],
 "decoName":["", "", "", "", "", "", "", "", "", "", "", "", "", "", "", "", "", "", "", "", "", "", "", "", "", "", "", "", "", "", "", "", "", "", "", "", "", "", "", "", "", "", "", "", "", "", "", "", "", "", "", "", "", "", "", "", "", "", "", "", "", "", "", ""],
 "decoTileVar":[4, -1, -1, -1, -1, -1, -1, -1, -1, -1, 5, 20, 42, 55, -1, 60, -1, 62, -1, 55, 43, 21, 22, -1, -1, -1, -1, -1, -1, -1, -1, -1, 23, 22, -1, -1, -1, -1, 56, -1, -1, -1, -1, 23, 22, -1, -1, -1, -1, 24, -1, -1, -1, -1, 23, 22, -1, -1, -1, -1, -1, -1, -1, -1, -1, 23, 22, 57, 58, 58, 59, -1, 57, 58, 58, 59, 23, 22, -1, -1, -1, -1, -1, -1, -1, -1, -1, 23, 22, 57, 58, 58, 59, -1, 57, 58, 58, 59, 23, 22, -1, -1, -1, -1, -1, -1, -1, -1, -1, 23, 22, 57, 58, 58, 59, -1, 57, 58, 58, 59, 23, 22, -1, -1, -1, -1, -1, -1, -1, -1, -1, 23, 22, 57, 58, 58, 59, -1, 57, 58, 58, 59, 23, 22, -1, -1, -1, -1, 25, -1, -1, -1, -1, 23, 36, -1, 55, -1, -1, 54, -1, -1, 55, -1, 37],
"entrance":[5,13],
 "height":15,
 "map":[4, 4, 4, 4, 4, 4, 4, 4, 4, 4, 4, 4, 4, 4, 4, 4, 4, 4, 4, 4, 4, 4, 4, 1, 1, 1, 1, 1, 1, 1, 1, 1, 4, 4, 1, 1, 1, 1, 1, 1, 1, 1, 1, 4, 4, 1, 1, 1, 1, 1, 1, 1, 1, 1, 4, 4, 1, 1, 1, 1, 1, 1, 1, 1, 1, 4, 4, 4, 4, 4, 4, 1, 4, 4, 4, 4, 4, 4, 1, 1, 1, 1, 1, 1, 1, 1, 1, 4, 4, 4, 4, 4, 4, 1, 4, 4, 4, 4, 4, 4, 1, 1, 1, 1, 1, 1, 1, 1, 1, 4, 4, 4, 4, 4, 4, 1, 4, 4, 4, 4, 4, 4, 1, 1, 1, 1, 1, 1, 1, 1, 1, 4, 4, 4, 4, 4, 4, 1, 4, 4, 4, 4, 4, 4, 1, 1, 1, 1, 1, 1, 1, 1, 1, 4, 4, 4, 4, 4, 4, 7, 4, 4, 4, 4, 4],
 "multiexit":[],
 "tiles":"New_Tile.png",
 "tiles_base":"New_Tile.png",
 "tiles_deco":"New_Tile.png",
 "tiles_logic":"tiles0.png",
 "water":"water0.png",
"mobs":[
        {
         "kind":"HealerNPC",
         "x":5,
         "y":2
        }],
"objects":[
    {
         "kind":"Deco",
         "object_desc":"candle",
         "x":6,
         "y":3
        },
        {
"kind":"Trap",
"x":9,
"y":9,
"uses":1,
"trapKind":"scriptFile",
"script":"scripts/traps/CutScene"
},
    {
         "kind":"Deco",
         "object_desc":"candle",
         "x":7,
         "y":2
        }, 
    {
         "kind":"Deco",
         "object_desc":"candle",
         "x":4,
         "y":3
        }, 
    {
         "kind":"Deco",
         "object_desc":"candle",
         "x":3,
         "y":2
        }],
 "width":11
}