{
  "RandomLevel":{
"End":{"Rat":1},
"City4":{"FireElemental":1,"Monk":2,"Warlock":1,"Golem":3,"Succubus":0.02,"Senior":0.06,"EpicSummoner":3},
 "Shad1":{"Shadow":1,"ShadowScorpio":1, "BlackGuard":1},
 "Shad2":{"Shadow":1,"ShadowScorpio":1,"BlackGuard":1 },
 "Shad3":{"Shadow":1,"ShadowScorpio":1,"BlackGuard":1 },
 "Shad4":{"Shadow":1,"ShadowScorpio":1,"BlackGuard":1 },
"Water1":{"Hydra":1,"GnollLiber":1,"Bat":1},
"Water2":{"Hydra":1,"GnollLiber":1,"Bat":1,"WaterElemental":1},
"Water3":{"Hydra":1,"GnollLiber":1,"Bat":1, "LightingElemental":1},
"Water4":{"Hydra":1,"GnollLiber":1,"Bat":1, "LightingElemental":1},
"Light1":{"MagicGhost":1,"MagicEye":1,"MagicGuard":1,"GhostAngel":1}, 
"Light2":{ "MagicGhost":1,"MagicEye":1,"MagicGuard":1,"Angel":5 }, 
"Light3":{ "MagicGhost":1,"MagicEye":1,"MagicGuard":1,"GhostAngel":1, "LightCrystal":1 }, 
"Light4":{ "MagicGhost":1,"MagicEye":1,"MagicGuard":1,"LightCrystal":1 },
"HallCastle1":{"FireNefrit":0.5,"SpiritOfDark":1,"ShadowSpider":1,"WitherSkeleton":1},
"HallCastle2":{"FireNefrit":0.5,"SpiritOfDark":1,"ShadowSpider":1,"AlbinoFireNefrit":1,"WitherSkeleton":1},
"Blue1":{"BlueHeart":1,"BlueBall":1,"BlueZombie":1,"BlueAngel":1},
"Blue2":{"BlueHeart":1,"BlueBall":1,"BlueZombie":1,"BlueAngel":1},
"Blue3":{"BlueHeart":1,"BlueBall":1,"BlueZombie":1 ,"BlueAngel":1},
"Blue4":{"BlueHeart":1,"BlueBall":1,"BlueZombie":1 ,"BlueAngel":1},
"Goo1":{"GooBall":1,"GooGoo":1,"Sloth":1,"GooAngel":1},
"Goo2":{"GooBall":1,"GooGoo":1,"Sloth":1,"Goo":0.5 ,"GooAngel":1},
"Goo3":{"GooBall":1,"GooGoo":1,"Sloth":1,"Goo":1 ,"GooAngel":0.5},
"Goo4":{"GooBall":1,"GooGoo":1,"Sloth":1,"Goo":1},
"Crab1":{"CheldedCrab":1,"Crab":1},
"Crab2":{"CheldedCrab":1,"Crab":1},
"Crab3":{"CheldedCrab":1,"Crab":1},
"Crab4":{"CheldedCrab":1,"Crab":1},
"Bandit1":{"GaurdMonk":1,"Bandit":1},
"Bandit2":{"GaurdMonk":1,"Bandit":1},
"Bandit3":{"GaurdMonk":1,"Bandit":1},
"Bandit4":{"GaurdMonk":1,"Bandit":1},
"Skeleton1":{"Fallen":1,"PcevdoMage":1,"MagicGolem":1,"PalrleZombie":1,"Lich2.0":1 ,"CursetKnight":1},
"Skeleton2":{"Fallen":1,"PcevdoMage":1,"PalrleZombie":1,"Lich2.0":1,"CursetKnight":1,"MagicGolem":1},
"Skeleton3":{"Fallen":1,"PcevdoMage":1,"PalrleZombie":1,"Lich2.0":1,"CursetKnight":1,"MagicGolem":1},
"Skeleton4":{"Fallen":1,"PcevdoMage":1,"PalrleZombie":1,"Lich2.0":1 ,"CursetKnight":1,"MagicGolem":1},
"Magic1":{"PcevdoExplodingSkull":1,"CheldedCrystalCrab":1,"CrystalCrab":1,"CrystalSpider":1,"CrystalAngel":1},
"Magic2":{"PcevdoExplodingSkull":1,"CheldedCrystalCrab":1,"CrystalCrab":1,"CrystalSpider":1 ,"CrystalAngel":1},
"Magic3":{"PcevdoExplodingSkull":1,"CheldedCrystalCrab":1,"CrystalCrab":1,"CrystalSpider":1 ,"CrystalAngel":1},
"Magic4":{"PcevdoExplodingSkull":1,"CheldedCrystalCrab":1,"CrystalCrab":1,"CrystalSpider":1 ,"CrystalAngel":1},
"Rat1":{"Rat":1,"RatGuard":1,"RatArcher":1,"RatMage":1,"Albino":0.5},
"Rat2":{"Rat":1,"RatGuard":1,"RatArcher":1,"RatMage":1,"Albino":0.5},
"Rat3":{"Rat":1,"RatGuard":1,"RatArcher":1,"RatMage":1,"Albino":0.9},
"Rat4":{"Rat":1,"RatGuard":1,"RatArcher":1,"RatMage":1,"Albino":0.5}, 
"Skvern":{"SkvernKnight":1,
"SkvernSoul":1,"Zombie":2, "ExplodingSkull":1.2},
"Spider1":{"ShadowSpiderEgg":1,"ShadowSpiderNest":1,"ShadowWallSpider":1,"MagicShadowSpider":1,"WarlokSpider":1,"ShadowSpider":1,"DarkAngel":0.31},
"Spider2":{"ShadowSpiderEgg":1,"ShadowSpiderNest":1,"ShadowWallSpider":1,"MagicShadowSpider":1,"WarlokSpider":1,"ShadowSpider":1 ,"DarkAngel":0.31},
"Spider3":{"ShadowSpiderEgg":1,"ShadowSpiderNest":1,"ShadowWallSpider":1,"MagicShadowSpider":1,"WarlokSpider":1,"ShadowSpider":1 ,"DarkAngel":0.31},
"Spider4":{"ShadowSpiderEgg":1,"ShadowSpiderNest":1,"ShadowWallSpider":1,"MagicShadowSpider":1,"WarlokSpider":1,"ShadowSpider":1 ,"DarkAngel":0.41},
"Castle1":{"IceCrystal":1,"IceStatue":1,"IceGolem":1,"IceElemental":1,"IceAngel":1},
"Castle2":{"IceCrystal":1,"IceStatue":1,"IceGolem":1,"IceElemental":1 ,"IceAngel":1},
"Castle3":{"IceCrystal":1,"IceStatue":1,"IceGolem":1,"IceElemental":1 ,"IceAngel":1},
"Castle4":{"IceCrystal":1,"IceStatue":1,"IceGolem":1,"IceElemental":1 ,"IceAngel":1},      "Night1":{"NightmareSpiritMaster":1,"NightmareSpirit":1,"NightmareDarkMaster":1},
"Night2":{"NightmareSpiritMaster":1,"NightmareSpirit":1,"NightmareDarkMaster":1},
"Night3":{"NightmareSpiritMaster":1,"NightmareSpirit":1,"NightmareDarkMaster":1},
"Night4":{"NightmareSpiritMaster":1,"NightmareSpirit":1,"NightmareDarkMaster":1},
"Library1":{"Rat":0},
"Library2":{"Rat":0},
"Library3":{"Rat":0},
"Library4":{"Rat":0}
},
   "SewerLevel":{
"Sewer1":{"Rat":1,"Albino":0.03},
"Sewer2":{"Rat":1,"Gnoll":1,"Albino":0.03},
"Sewer3":{"Rat":1,"Gnoll":2,"Crab":1,"Swarm":0.02,"Albino":0.03},
"Sewer4":{"Rat":1,"Gnoll":2,"Crab":1,"Swarm":0.02,"Skeleton":0.01,"Thief":0.01,"Albino":0.03}
},
"SewerBossLevel":{
      "any":{"Goo":1}
},
"PrisonLevel":{
"Prison1":{"Skeleton":3,"Thief":1,"Swarm":1,"Shaman":1,"Shadow":1,"Bandit":0.03}, 
"Prison2":{"Skeleton":4,"Thief":2,"Swarm":1,"Shaman":0.2,"Bandit":0.06,"Summoner":0.5},
"Prison3":{"Skeleton":3,"Shaman":2,"Thief":1,"Swarm":1,"Shadow":1,"Bat":0.02,"Bandit":0.03,"Summoner":1,"Guard":0.5},
"Prison4":{"Skeleton":3,"Shaman":3,"Thief":1,"Swarm":1,"Shadow":1,"Bat":0.02,"Brute":0.01,"Bandit":0.03,"Summoner":1,"Guard":1}
},
"PrisonBossLevel":{
"any":{"Tengu":1}
},
"CavesLevel":{
"Caves1":{"Bat":1,"Brute":0.2},
"Caves2":{"Bat":1,"Brute":1,"Spinner":0.2,"Shielded":0.03},
"Caves3":{"Bat":1,"Brute":3,"Spinner":1,"Shaman":1,"FireElemental":0.02,"Shielded":0.1},
"Caves4":{"Bat":1,"Brute":3,"Mirrorer":4,"Shaman":1,"Monk":0.01,"Shielded":0.1}
},
"CavesBossLevel":{
"any":{"DM300":1}
},
"CityLevel":{
"City1":{"FireElemental":1,"Monk":0.2,"Warlock":1 ,"GoldenGolem":0.1},
"City2":{"FireElemental":1,"Monk":1,"Warlock":1,"Senior":0.03 ,"GoldenGolem":0.1},
"City3":{"FireElemental":1,"Monk":2,"Warlock":1,"Golem":1,"Senior":0.06,"GoldenGolem":0.1},
"City4":{"FireElemental":1,"Monk":2,"Warlock":1,"Golem":1,"Senior":0.06,"GoldenGolem":0.1,"EpicSummoner":1}
},
"CityBossLevel":{
"any":{"King":1}
},
"FakeLastLevel":
{"any":{"Rat":0.1}
},
"HallsLevel":{
"Halls2":{"Succubus":1,"Eye":1},
"Halls3":{"Succubus":1,"Eye":2,"Scorpio":1,"Acidic":0.03,"ShadowScorpio":0.2 },
"Halls4":{"Succubus":1,"Eye":2,"Scorpio":3,"Acidic":0.09,"ShadowScorpio":0.5},
"Halls2_p":{"Succubus":1,"Eye":1},
"Halls3_p":{"Succubus":1,"Eye":2,"Scorpio":1,"Acidic":0.03,"ShadowScorpio":0.2 },
"Halls4_p":{"Succubus":1,"Eye":2,"Scorpio":3,"Acidic":0.09,"ShadowScorpio":0.5}
},
"HallsBossLevel":{
"any":{"Yog":1,"YogsBrain":1,"YogsEye":1,"YogsHeart":1,"YogsTeeth":1}
},
"GutsLevel":{
"Guts1":{"SuspiciousRat":1,"ZombieGnoll":2,"Worm":0.3,"ShadowScorpio":0.02,"ChaosKnight":1 ,"ChaosAngel":1},
"Guts2":{"SuspiciousRat":2,"ZombieGnoll":1,"Worm":1,"Eye":1,"ChaosKnight":1  ,"ChaosAngel":1},
"Guts3":{"SuspiciousRat":1,"ZombieGnoll":1,"Worm":2,"FireElemental":0.02 ,"ChaosKnight":1,"ChaosAngel":1},
"Guts4":{"SuspiciousRat":2,"ZombieGnoll":1,"Worm":2 ,"ChaosKnight":1  ,"ChaosAngel":1}
},
"SpiderLevel":{
"Nest1":{"SpiderServant":1,"SpiderGuard":0.03},
"Nest2":{"SpiderServant":1,"SpiderExploding":0.5,"SpiderGuard":0.03, "IceSpider":0.5},
"Nest3":{"SpiderServant":1,"SpiderExploding":0.5,"SpiderMind":0.2,"SpiderGuard":0.03,"IceSpider":1},
"Nest4":{"SpiderServant":1,"SpiderExploding":1,"SpiderMind":0.3,"SpiderGuard":0.03,"SpiderMindAmber":0.012}
},
   "NecroLevel":{
"Necro1":{"Zombie":1, "Skeleton":1, "EnslavedSoul":0.9},
"Necro2":{"Zombie":1, "ExplodingSkull":0.6, "EnslavedSoul":0.9, "DeathKnight":0.5,"DreadKnight":0.015},
"Necro3":{"Zombie":2, "ExplodingSkull":1.2, "EnslavedSoul":0.9, "DeathKnight":0.5,"DreadKnight":0.015}
},
"NecroBossLevel":{
"any":{"bosses/IceNecromanter":0.5,"Lich":0.5}
},
"IceCavesLevel":{    
"Ice1":{"Kobold":1,"ColdSpirit":2,"IceElemental":0.1,"IceNefrit":0.5},
"Ice2":{"Kobold":2,"KoboldIcemancer":1,"IceElemental":0.2,"IceNefrit":1,"Thimagor1":0.5 },
"Ice3":{"Kobold":2,"KoboldIcemancer":1,"IceElemental":0.3,"IceNefrit":1,"Thimagor2":0.5,"Thimagor1":1 },
"Ice4":{"Kobold":2,"KoboldIcemancer":1,"ColdSpirit":1,"IceNefrit":1,"Thimagor1":1,"Thimagor2":0.5,"Thimagor3":0.05 }
},
"IceCavesBossLevel":{
"any":{"IceGuardianCore":1}
},
"PredesignedLevel":{
"Nest5":{"SpiderServant":1,"SpiderExploding":1,"SpiderMind":0.5,"SpiderGuard":0.03,"SpiderMindAmber":0.018, "IceSpider":1}
},
  "Feelings":{
    "Chance":0,
    "CHASM":{"AirElemental":0},
    "WATER":{"WaterElemental":0},
    "GRASS":{"EarthElemental":0}
  }
}
