{
  "RandomLevel":{

      "19":{"FireElemental":1,"Monk":2,"Warlock":1,"Golem":3,"Succubus":0.02,"Senior":0.06,"EpicSummoner":3},
 "Shad1":{"Shadow":1,"ShedowScorpio":1, "BlackGuard":1},
 "Shad2":{"Shadow":1,"ShedowScorpio":1,"BlackGuard":1 },
 "Shad3":{"Shadow":1,"ShedowScorpio":1,"BlackGuard":1 },
 "Shad4":{"Shadow":1,"ShedowScorpio":1,"BlackGuard":1 },
"Water1":{"Hydra":1,"GnollLiber":1,"Bat":1,"WaterZimbie":1},
"Water2":{"Hydra":1,"GnollLiber":1,"Bat":1,"WaterZimbie":1},
"Water3":{"Hydra":1,"GnollLiber":1,"Bat":1, "LightingElemental":1 ,"WaterZimbie":1 },
"Water4":{"Hydra":1,"GnollLiber":1,"Bat":1, "LightingElemental":1, "WaterZimbie":1 },
"26":{"MagicGhost":1,"MagicEye":1,"MagicGuard":1,"GhostAngel":1}, 
"27":{ "MagicGhost":1,"MagicEye":1,"MagicGuard":1,"Angel":5 }, 
"28":{ "MagicGhost":1,"MagicEye":1,"MagicGuard":1,"GhostAngel":1, "LightCrystal":1 }, 
"29":{ "MagicGhost":1,"MagicEye":1,"MagicGuard":1,"LightCrystal":1 },
"31":{"FireNefrit":0.5,"SpirtOfDark":1,"Crystal":1,"ShadowSpider":1,"WitherSkeleton":1},
"32":{"FireNefrit":0.5,"SpirtOfDark":1,"Crystal":1,"ShadowSpider":1,"AldinoFireNefrit":1,"WitherSkeleton":1},
"RandomTown":{"Rat":0.000001},
"Blue1":{"BlueHeart":1,"BlueBall":1,"BlueZombie":1,"BlueAngel":1},
"Blue2":{"BlueHeart":1,"BlueBall":1,"BlueZombie":1,"BlueAngel":1},
"Blue3":{"BlueHeart":1,"BlueBall":1,"BlueZombie":1 ,"BlueAngel":1},
"Blue4":{"BlueHeart":1,"BlueBall":1,"BlueZombie":1 ,"BlueAngel":1},
"Goo1":{"GooBall":1,"GooGoo":1,"Sloth":1,"GooAngel":1},
"Goo2":{"GooBall":1,"GooGoo":1,"Sloth":1,"Goo":0.5 ,"GooAngel":1},
"Goo3":{"GooBall":1,"GooGoo":1,"Sloth":1,"Goo":1 ,"GooAngel":0.5},
"Goo4":{"GooBall":1,"GooGoo":1,"Sloth":1,"Goo":1},
      "Crab1":{"CheldedCrab":1,"Crab":1},
      "Crab2":{"CheldedCrab":1,"Crab":1},
      "Bandit1":{"GaurdMonk":1,"Bandit":1},
      "Bandit2":{"GaurdMonk":1,"Bandit":1},
      "34":{"Fallen":1,"PcevdoMage":1,"MagicGolem":1,"PalrleZombie":1,"Lich2.0":1 ,"CursetKnight":1},
      "35":{"Fallen":1,"PcevdoMage":1,"PalrleZombie":1,"Lich2.0":1,"CursetKnight":1,"MagicGolem":1},
      "36":{"Fallen":1,"PcevdoMage":1,"PalrleZombie":1,"Lich2.0":1,"CursetKnight":1,"MagicGolem":1},
      "37":{"Fallen":1,"PcevdoMage":1,"PalrleZombie":1,"Lich2.0":1 ,"CursetKnight":1,"MagicGolem":1},
      "Magic1":{"PcevdoExplodingSkull":1,"CheldedCrystalCrab":1,"CrystalCrab":1,"CrystalSpider":1,"CrystalAngel":1},
      "Magic2":{"PcevdoExplodingSkull":1,"CheldedCrystalCrab":1,"CrystalCrab":1,"CrystalSpider":1 ,"CrystalAngel":1},
      "Magic3":{"PcevdoExplodingSkull":1,"CheldedCrystalCrab":1,"CrystalCrab":1,"CrystalSpider":1 ,"CrystalAngel":1},
      "Magic4":{"PcevdoExplodingSkull":1,"CheldedCrystalCrab":1,"CrystalCrab":1,"CrystalSpider":1 ,"CrystalAngel":1},
      "Rat1":{"Rat":1,"RatGuard":1,"RatArcher":1,"RatMage":1,"Albino":0.5},
      "Rat2":{"Rat":1,"RatGuard":1,"RatArcher":1,"RatMage":1,"Albino":0.5},
      "Rat3":{"Rat":1,"RatGuard":1,"RatArcher":1,"RatMage":1,"Albino":0.5},
      "Rat4":{"Rat":1,"RatGuard":1,"RatArcher":1,"RatMage":1,"Albino":0.5}, 
      "Skvern":{"SkvernKnight":1,
"SkvernSoul":1,"Zombie":2, "ExplodingSkull":1.2},
      "Spider1":{"ShadowSpiderEgg":1,"ShadowSpiderNest":1,"ShadowWallSpider":1,"MagicShadowSpider":1,"WarlokSpider":1,"ShadowSpider":1,"DarkAngel":0.31},
      "Spider2":{"ShadowSpiderEgg":1,"ShadowSpiderNest":1,"ShadowWallSpider":1,"MagicShadowSpider":1,"WarlokSpider":1,"ShadowSpider":1 ,"DarkAngel":0.31},
      "Spider3":{"ShadowSpiderEgg":1,"ShadowSpiderNest":1,"ShadowWallSpider":1,"MagicShadowSpider":1,"WarlokSpider":1,"ShadowSpider":1 ,"DarkAngel":0.31},
      "Spider4":{"ShadowSpiderEgg":1,"ShadowSpiderNest":1,"ShadowWallSpider":1,"MagicShadowSpider":1,"WarlokSpider":1,"ShadowSpider":1 ,"DarkAngel":0.41},
      "Castle1":{"IceCrystal":1,"IceStatue":1,"IceGolem":1,"IceElemental":1,"IceAngel":1},
      "Castle2":{"IceCrystal":1,"IceStatue":1,"IceGolem":1,"IceElemental":1 ,"IceAngel":1},
      "Castle3":{"IceCrystal":1,"IceStatue":1,"IceGolem":1,"IceElemental":1 ,"IceAngel":1},
      "Castle4":{"IceCrystal":1,"IceStatue":1,"IceGolem":1,"IceElemental":1 ,"IceAngel":1},      "Night1":{"NightmareSpiritMaster":1,"NightmareSpirit":1,"NightmareDarkMaster":1},
      "Night2":{"NightmareSpiritMaster":1,"NightmareSpirit":1,"NightmareDarkMaster":1},
      "Night3":{"NightmareSpiritMaster":1,"NightmareSpirit":1,"NightmareDarkMaster":1},
      "Night4":{"NightmareSpiritMaster":1,"NightmareSpirit":1,"NightmareDarkMaster":1}
  },
   "SewerLevel":{  
 "1":{"Rat":1,"Albino":0.03},
"2":{"Rat":1,"Gnoll":1,"Albino":0.03},
"3":{"Rat":1,"Gnoll":2,"Crab":1,"Swarm":0.02,"Albino":0.03},
   "4":{"Rat":1,"Gnoll":2,"Crab":1,"Swarm":0.02,"Skeleton":0.01,"Thief":0.01,"Albino":0.03}
     },
   "SewerBossLevel":{
      "any":{"Goo":1}
   },
   "PrisonLevel":{
 "7":{"Skeleton":3,"Thief":1,"Swarm":1,"Shaman":1,"Shadow":1,"Bandit":0.03}, 
      "6":{"Skeleton":4,"Thief":2,"Swarm":1,"Shaman":0.2,"Bandit":0.06,"Summoner":0.5},
            "8":{"Skeleton":3,"Shaman":2,"Thief":1,"Swarm":1,"Shadow":1,"Bat":0.02,"Bandit":0.03,"Summoner":1,"Guard":0.5},
      "9":{"Skeleton":3,"Shaman":3,"Thief":1,"Swarm":1,"Shadow":1,"Bat":0.02,"Brute":0.01,"Bandit":0.03,"Summoner":1,"Guard":1}
   },
   "PrisonBossLevel":{
      "any":{"Tengu":1}
   },
   "CavesLevel":{
      "11":{"Bat":1,"Brute":0.2},
  "12":{"Bat":1,"Brute":1,"Spinner":0.2,"Shielded":0.03},
         "13":{"Bat":1,"Brute":3,"Spinner":1,"Shaman":1,"FireElemental":0.02,"Shielded":0.1},
      "14":{"Bat":1,"Brute":3,"Mirrorer":4,"Shaman":1,"Monk":0.01,"Shielded":0.1}
   },
   "CavesBossLevel":{
      "any":{"DM300":1}
   },
   "CityLevel":{
      "16":{"FireElemental":1,"Monk":0.2,"Warlock":1 ,"GoldenGolem":0.1},
      "17":{"FireElemental":1,"Monk":1,"Warlock":1,"Senior":0.03 ,"GoldenGolem":0.1},
      "18":{"FireElemental":1,"Monk":2,"Warlock":1,"Golem":1,"Senior":0.06,"GoldenGolem":0.1}
   },
   "CityBossLevel":{
      "any":{"King":1}
   },
   "FakeLastLevel":
   {"any":{"Rat":0.1}
   },
   "HallsLevel":{
      "22":{"Succubus":1,"Eye":1},
      "23":{"Succubus":1,"Eye":2,"Scorpio":1,"Acidic":0.03,"ShedowScorpio":0.2 },
      "24":{"Succubus":1,"Eye":2,"Scorpio":3,"Acidic":0.09,"ShedowScorpio":0.5}
   },
   "HallsBossLevel":{
      "any":{"Yog":1,"YogsBrain":1,"YogsEye":1,"YogsHeart":1,"YogsTeeth":1}
   },
   "GutsLevel":{
      "40":{"SuspiciousRat":1,"ZombieGnoll":2,"Worm":0.3,"ShedowScorpio":0.02,"ChaosKnight":1 ,"ChaosAngel":1},
      "41":{"SuspiciousRat":2,"ZombieGnoll":1,"Worm":1,"Eye":1,"ChaosKnight":1  ,"ChaosAngel":1},
      "42":{"SuspiciousRat":1,"ZombieGnoll":1,"Worm":2,"FireElemental":0.02 ,"ChaosKnight":1,"ChaosAngel":1},
	  "43":{"SuspiciousRat":2,"ZombieGnoll":1,"Worm":2 ,"ChaosKnight":1  ,"ChaosAngel":1}
   },
   "SpiderLevel":{
      "6s":{"SpiderServant":1,"SpiderGuard":0.03},
      "7s":{"SpiderServant":1,"SpiderExploding":0.5,"SpiderGuard":0.03, "IceSpider":0.5},
      "8s":{"SpiderServant":1,"SpiderExploding":0.5,"SpiderMind":0.2,"SpiderGuard":0.03,"IceSpider":1},
      "9s":{"SpiderServant":1,"SpiderExploding":1,"SpiderMind":0.3,"SpiderGuard":0.03,"SpiderMindAmber":0.012},
      "10s":{"SpiderServant":1,"SpiderExploding":1,"SpiderMind":0.5,"SpiderGuard":0.03,"SpiderMindAmber":0.018, "IceSpider":1}
   },
   "NecroLevel":{
      "necro1":{"Zombie":1, "Skeleton":1, "EnslavedSoul":0.9},
      "necro2":{"Zombie":1, "ExplodingSkull":0.6, "EnslavedSoul":0.9, "DeathKnight":0.5,"DreadKnight":0.015},
      "necro3":{"Zombie":2, "ExplodingSkull":1.2, "EnslavedSoul":0.9, "DeathKnight":0.5,"DreadKnight":0.015}
   },
   "NecroBossLevel":{
      "necro5":{"Lich":1}
   },
   "IceCavesLevel":{    
      "ice1":{"Kobold":1,"ColdSpirit":2,"IceElemental":0.1,"IceNefrit":0.5},
       "ice2":{"Kobold":2,"KoboldIcemancer":1,"IceElemental":0.2,"IceNefrit":1,"Thimagor1":0.5 },
      "ice3":{"Kobold":2,"KoboldIcemancer":1,"IceElemental":0.3,"IceNefrit":1,"Thimagor2":0.5,"Thimagor1":1 },
      "ice4":{"Kobold":2,"KoboldIcemancer":1,"ColdSpirit":1,"IceNefrit":1,"Thimagor1":1,"Thimagor2":0.5,"Thimagor3":0.05 }
   },
   "IceCavesBossLevel":{
      "ice5":{"IceGuardianCore":1}

   },
  "PredesignedLevel":{
    "any":{"Rat":1}
  },
  "Feelings":{
    "Chance":0.2,
    "CHASM":{"AirElemental":1},
    "WATER":{"WaterElemental":1},
    "GRASS":{"EarthElemental":1}
  }
}