{
"baseTileVar":[
-1, -1, -1, -1, -1, -1, -1, -1, -1, 170, 170, 170, 170, 170, 170, 170, 170, 170, 170, 111, 111, 111, 111, 111, 111, 111, 170, 170, 111, 154, 154, 154, 154, 154, 111, 170, 170, 111, 154, 154, 154, 154, 154, 111, 170, 170, 111, 154, 154, 154, 154, 154, 111, 170, 170, 111, 154, 154, 154, 154, 154, 111, 170, 170, 111, 111, 73, -1, 73, 111, 111, 170, -1, -1, -1, -1, -1, -1, -1, -1, 0
],
"customTiles":true,
"decoTileVar":[
-1, -1, -1, -1, -1, -1, -1, -1, -1, -1, 167, 169, 151, 153, 153, 169, 169, -1, -1, -1, -1, -1, -1, -1, 140, 125, -1, -1, 134, -1, -1, -1, -1, -1, -1, -1, -1, -1, -1, -1, -1, -1, 150, -1, -1, -1, -1, -1, -1, -1, -1, -1, -1, -1, -1, -1, -1, -1, -1, -1, -1, 88, -1, -1, 112, 112, -1, -1, -1, 112, 112, -1, -1, -1, -1, -1, -1, -1, -1, -1, 0
],
"map":[
4, 4, 4, 4, 4, 4, 4, 4, 4, 4, 4, 4, 4, 4, 4, 4, 4, 4, 4, 1, 1, 1, 1, 1, 1, 1, 4, 4, 1, 1, 1, 1, 1, 1, 1, 4, 4, 1, 1, 1, 1, 1, 1, 1, 4, 4, 1, 1, 1, 1, 1, 1, 1, 4, 4, 1, 1, 1, 1, 1, 1, 1, 4, 4, 4, 4, 4, 5, 4, 4, 4, 4, 4, 4, 4, 4, 4, 4, 4, 4, 4
],
 "entrance":[4,6],
 "tiles":"tiles_city_of_tears.png",
 "tiles_base":"tiles_city_of_tears.png",
 "tiles_deco":"tiles_city_of_tears.png",
 "tiles_logic":"tiles_city_of_tears.png",
 "water":"water_city_of_tears.png",
 "width":9,
 "height":9,
 "mobs":[
        {
         "kind":"CandleKeeperNPC",
         "x":4,
         "y":4
        }
]
}