{ "baseTileVar":[4, 4, 4, 4, 4, 4, 4, 4, 4, 4, 4, 4, 4, 4, 4, 4, 1, 1, 1, 1, 4, 68, 68, 68, 4, 14, 14, 14, 14, 4, 4, 1, 1, 1, 1, 12, 68, 68, 68, 4, 14, 14, 14, 14, 4, 12, 1, 1, 1, 1, 4, 68, 68, 68, 4, 14, 14, 14, 14, 12, 4, 1, 1, 1, 1, 4, 68, 68, 68, 4, 14, 14, 14, 14, 4, 4, 1, 1, 1, 1, 95, 4, 5, 4, 64, 65, 4, 5, 4, 4, 4, 1, 1, 1, 1, 1, 1, 1, 1, 1, 1, 1, 1, 1, 4, 4, 8, 1, 1, 1, 1, 85, 1, 1, 1, 1, 1, 1, 7, 4, 4, 1, 1, 1, 1, 1, 1, 1, 1, 1, 1, 1, 1, 1, 4, 4, 1, 1, 1, 1, 1, 1, 1, 1, 1, 1, 1, 1, 1, 4, 4, 1, 1, 1, 1, 4, 1, 1, 5, 4, 4, 1, 1, 5, 4, 4, 1, 1, 1, 1, 4, 68, 68, 68, 68, 4, 67, 67, 67, 12, 12, 1, 1, 1, 1, 4, 68, 68, 68, 68, 4, 67, 67, 67, 4, 4, 1, 1, 1, 1, 4, 68, 68, 68, 68, 4, 67, 67, 67, 4, 4, 4, 4, 4, 4, 4, 4, 4, 4, 4, 4, 4, 12, 4, 4],
 "customTiles":true,
 "deco2TileVar":[-1, -1, -1, -1, -1, -1, -1, -1, -1, -1, -1, -1, -1, -1, -1, -1, -1, -1, -1, -1, -1, -1, -1, -1, -1, -1, -1, -1, -1, -1, -1, -1, -1, -1, -1, -1, 80, -1, 81, -1, 80, -1, -1, 81, -1, -1, -1, -1, -1, -1, -1, -1, -1, -1, -1, -1, -1, -1, -1, -1, -1, -1, -1, -1, -1, -1, -1, -1, -1, -1, -1, -1, -1, -1, -1, -1, -1, -1, -1, -1, -1, -1, -1, -1, -1, -1, -1, -1, -1, -1, -1, -1, -1, -1, -1, -1, -1, -1, -1, -1, -1, -1, -1, -1, -1, -1, -1, -1, -1, -1, -1, -1, -1, -1, -1, -1, -1, -1, -1, -1, -1, -1, -1, -1, -1, -1, -1, -1, -1, -1, -1, -1, -1, -1, -1, -1, -1, -1, -1, -1, -1, -1, -1, -1, -1, -1, -1, -1, -1, -1, -1, -1, -1, -1, -1, -1, -1, -1, -1, -1, -1, -1, -1, -1, -1, -1, -1, -1, -1, -1, -1, -1, -1, -1, -1, -1, -1, -1, -1, -1, -1, -1, -1, -1, -1, -1, -1, -1, -1, -1, -1, -1, -1, -1, -1, -1, -1, -1, -1, -1, -1, -1, -1, -1, -1, -1, -1, -1, -1, -1, -1, -1, -1, -1, -1, -1, -1, -1, -1, -1, -1, -1, -1, -1, -1],
 "decoDesc":["", "", "", "", "", "", "", "", "", "", "", "", "", "", "", "", "", "", "", "", "", "", "", "", "", "", "", "", "", "", "", "", "", "", "", "", "", "", "", "", "", "", "", "", "", "", "", "", "", "", "", "", "", "", "", "", "", "", "", "", "", "", "", "", "", "", "", "", "", "", "", "", "", "", "", "", "", "", "", "", "", "", "", "", "", "", "", "", "", "", "", "", "", "", "", "", "", "", "", "", "", "", "", "", "", "", "", "", "", "", "", ""],
 "decoName":["", "", "", "", "", "", "", "", "", "", "", "", "", "", "", "", "", "", "", "", "", "", "", "", "", "", "", "", "", "", "", "", "", "", "", "", "", "", "", "", "", "", "", "", "", "", "", "", "", "", "", "", "", "", "", "", "", "", "", "", "", "", "", "", "", "", "", "", "", "", "", "", "", "", "", "", "", "", "", "", "", "", "", "", "", "", "", "", "", "", "", "", "", "", "", "", "", "", "", "", "", "", "", "", "", "", "", "", "", "", "", ""],
 "decoTileVar":[-1, -1, -1, -1, -1, -1, -1, -1, -1, -1, 86, 87, 88, 87, -1, -1, 70, -1, 15, 15, -1, 99, 100, 101, 91, 102, 103, 104, 103, -1, -1, -1, -1, 82, 15, -1, 78, 93, 79, -1, 78, 93, 93, 94, -1, -1, -1, -1, 98, -1, -1, -1, -1, -1, 96, -1, -1, -1, 74, -1, -1, -1, -1, -1, -1, -1, 72, -1, -1, -1, 71, -1, -1, 90, -1, -1, -1, -1, -1, -1, -1, -1, -1, -1, -1, -1, -1, -1, -1, -1, -1, -1, -1, -1, -1, -1, 69, -1, -1, -1, -1, -1, -1, -1, -1, -1, -1, -1, -1, -1, -1, -1, -1, -1, -1, -1, -1, -1, -1, -1, -1, -1, -1, -1, -1, -1, -1, -1, -1, -1, -1, -1, -1, -1, -1, -1, -1, -1, -1, -1, -1, -1, -1, -1, -1, -1, -1, -1, -1, -1, -1, -1, -1, -1, -1, -1, 97, 97, -1, -1, -1, 97, 97, -1, -1, -1, -1, -1, -1, -1, 92, -1, -1, -1, -1, -1, 73, -1, -1, -1, -1, -1, 83, 84, -1, -1, -1, -1, -1, 77, -1, -1, -1, -1, -1, -1, -1, -1, -1, -1, -1, -1, -1, -1, 89, -1, -1, -1, 75, -1, -1, -1, -1, -1, -1, -1, -1, -1, -1, -1, -1, -1, -1, -1, -1],
 "entrance":[13, 7],
 "height":15,
 "map":[4, 4, 4, 4, 4, 4, 4, 4, 4, 4, 4, 4, 4, 4, 4, 4, 1, 1, 15, 15, 4, 35, 35, 35, 4, 35, 35, 35, 35, 4, 4, 1, 1, 4, 15, 12, 1, 1, 1, 4, 1, 1, 1, 1, 4, 12, 1, 1, 4, 1, 4, 1, 1, 1, 4, 1, 1, 1, 1, 12, 4, 1, 1, 1, 1, 4, 35, 1, 1, 4, 35, 1, 1, 35, 4, 4, 1, 1, 1, 1, 4, 4, 5, 4, 4, 4, 4, 5, 4, 4, 4, 1, 1, 1, 1, 1, 1, 1, 1, 1, 1, 1, 1, 1, 4, 4, 8, 1, 1, 1, 1, 35, 1, 1, 1, 1, 1, 1, 7, 4, 4, 1, 1, 1, 1, 1, 1, 1, 1, 1, 1, 1, 1, 1, 4, 4, 1, 1, 1, 1, 1, 1, 1, 1, 1, 1, 1, 1, 1, 4, 4, 1, 1, 1, 1, 4, 4, 4, 5, 4, 4, 4, 4, 5, 4, 4, 1, 1, 1, 1, 4, 1, 1, 1, 1, 4, 35, 1, 1, 12, 12, 1, 4, 4, 1, 4, 1, 1, 1, 35, 4, 1, 1, 1, 4, 4, 1, 1, 1, 1, 4, 1, 1, 1, 35, 4, 1, 1, 35, 4, 4, 4, 4, 4, 4, 4, 4, 4, 4, 4, 4, 4, 12, 4, 4],
 "mobs":[
        {
         "kind":"TownShopkeeper",
         "x":12,
         "y":1
        }, 
        {
         "kind":"TownShopkeeper",
         "x":7,
         "y":1
        }, 
        {
         "kind":"NecromanterNPC",
         "x":7,
         "y":8
        }, 
        {
         "kind":"TownShopkeeper",
         "x":6,
         "y":13
        }, 
        {
         "kind":"TownShopkeeper",
         "x":11,
         "y":13
        }],
 "multiexit":[[1, 7]],
 "tiles":"tiles_darck_shop.png",
 "tiles_base":"tiles_darck_shop.png",
 "tiles_deco":"tiles_darck_shop.png",
 "tiles_deco2":"tiles_darck_shop.png",
 "tiles_logic":"tiles_darck_shop.png",
 "tiles_mobs":"Mobs.png",
 "water":"water0.png",
 "width":15
}