{
"baseTileVar":[
-1, -1, -1, -1, -1, -1, -1, -1, -1, -1, -1, -1, -1, -1, -1, 110, 110, 110, 110, 110, -1, -1, 110, 110, 110, 110, 110, -1, -1, 110, 110, 110, 110, 110, -1, -1, 110, 110, 110, 110, 110, -1, -1, 110, 110, 110, 110, 110, -1, -1, 110, 110, 110, 110, 110, -1, -1, -1, -1, -1, -1, -1, -1, -1, -1, -1, -1, -1, -1, -1
],
"customTiles":true,
"decoTileVar":[
-1, -1, -1, -1, -1, -1, -1, -1, 119, 120, 121, 92, 124, -1, -1, 135, 136, 137, -1, -1, -1, -1, 107, -1, -1, -1, -1, -1, -1, 123, -1, -1, -1, -1, 92, -1, -1, -1, 109, -1, -1, -1, -1, -1, -1, -1, -1, -1, -1, -1, -1, -1, -1, -1, 108, -1, -1, -1, -1, -1, -1, -1, -1, -1, -1, -1, -1, -1, -1, -1
],
"map":[
4,4,4,4,4,4,4,
4,4,4,4,4,4,4,
4,1,1,1,1,1,4,
4,1,1,1,1,1,4,
4,1,1,1,1,1,4,
4,1,1,1,1,1,5,
4,1,1,1,1,1,4,
4,1,1,1,1,1,4,
4,4,4,4,4,4,4,
4,4,4,4,4,4,4
],
 "entrance":[5,5],
 "tiles":"tiles_city_of_tears.png",
 "tiles_base":"tiles_city_of_tears.png",
 "tiles_deco":"tiles_city_of_tears.png",
 "tiles_logic":"tiles_city_of_tears.png",
 "water":"water_city_of_tears.png",
 "width":7,
 "height":10,
 "mobs":[
        {
         "kind":"TearsFutureTellerNPC",
         "x":2,
         "y":5
        },
        {
         "kind":"WhiteCat",
         "x":5,
         "y":2
        }
]
}