{
   "Levels":{
      "0":{"kind":"SewerLevel", "depth":0,        "size":[0,0]},
      "empty_interior":{"kind":"PredesignedLevel", "depth":0,  "size":[32,32], "isSafe":true, "file":"levelsDesc/empty_interior.json", "music":"ost_town_1.mp3"},
      "vwArena":{"kind":"PredesignedLevel", "depth":0, "isSafe":true, "file":"levelsDesc/vwArena.json"},

      "library":{"kind":"PredesignedLevel", "depth":0,  "size":[32,32], "noFogOfWar":true, "isStatic":true, "isSafe":true, "file":"levelsDesc/WandShop.json", "music":"ost_town_1.mp3"},
      "WandShop":{"kind":"PredesignedLevel", "depth":0,  "size":[32,32], "noFogOfWar":true, "isStatic":true, "isSafe":true, "file":"levelsDesc/WandShopLevel2.json", "music":"ost_town_1.mp3", "script":"scripts/actors/WandShopEffect"},
      "church":{"kind":"PredesignedLevel", "depth":0,  "size":[32,32], "isSafe":true,"noFogOfWar":true, "isStatic":true, "file":"levelsDesc/Church.json", "music":"ost_town_1.mp3"},
      "inn":{"kind":"PredesignedLevel", "depth":0,  "size":[32,32], "isSafe":true,"noFogOfWar":true, "isStatic":true, "file":"levelsDesc/emptiy_interor.json", "music":"ost_town_1.mp3"},
      "movie_theater":{"kind":"PredesignedLevel", "depth":0,  "size":[12,8], "isSafe":true,"noFogOfWar":true, "file":"levelsDesc/Cinema.json", "music":"ost_town_1.mp3"},
      "town":{"kind":"PredesignedLevel", "depth":0, "file":"levelsDesc/Town.json", "noFogOfWar":true, "isSafe":true, "isStatic":true, "music":"ost_town_1.mp3" },
      "town_shop":{"kind":"PredesignedLevel", "depth":0, "size":[14,14], 
"file":"levelsDesc/Shop_Town.json","isSafe":true,"noFogOfWar":true, "music":"ost_town_1.mp3"},
      "fortune_shop":{"kind":"PredesignedLevel", "depth":0, "file":"levelsDesc/Fortune.json", "noFogOfWar":true, "isSafe":true, "isStatic":true, "music":"ost_town_1.mp3"},
      
      "portal_room_lvl5":{"kind":"PredesignedLevel" , "depth":5 , "file":"levelsDesc/LevelPortal.json", "isSafe":true},
      "portal_room_lvl10":{"kind":"PredesignedLevel", "depth":10, "file":"levelsDesc/LevelPortal.json", "isSafe":true},
      "portal_room_lvl15":{"kind":"PredesignedLevel", "depth":15, "file":"levelsDesc/LevelPortal.json", "isSafe":true},
      "portal_room_lvl20":{"kind":"PredesignedLevel", "depth":20, "file":"levelsDesc/LevelPortal.json", "isSafe":true},
      "portal_room_lvl25":{"kind":"PredesignedLevel", "depth":25, "file":"levelsDesc/LevelPortal.json", "isSafe":true},
      "portal_room_lvl30":{"kind":"PredesignedLevel", "depth":30, "file":"levelsDesc/LevelPortal.json", "isSafe":true},
      "portal_room_lvl33":{"kind":"PredesignedLevel", "depth":33, "file":"levelsDesc/LevelPortal.json", "isSafe":true},  
      "portal_room_lvl36":{"kind":"PredesignedLevel", "depth":35, "file":"levelsDesc/LevelPortal.json", "isSafe":true},  
      "portal_room_lvl38":{"kind":"PredesignedLevel", "depth":38, "file":"levelsDesc/LevelPortal.json", "isSafe":true},
      "portal_room_lvl44":{"kind":"PredesignedLevel", "depth":44, "file":"levelsDesc/LevelPortal.json", "isSafe":true},

      "shadow_lord_level":{"kind":"ShadowLordLevel", "depth":25, "size":[20,20]},

      "6s":{"kind":"SpiderLevel", "depth":6,      "size":[20,20], "feeling":"CHASM","music":"SpiderLevel.ogg"},
      "7s":{"kind":"SpiderLevel", "depth":7,      "size":[32,32],"music":"SpiderLevel.ogg"},
      "8s":{"kind":"SpiderLevel", "depth":8,      "size":[40,40],"music":"SpiderLevel.ogg"},
      "9s":{"kind":"SpiderLevel", "depth":9,      "size":[48,48],
"music":"SpiderLevel.ogg"},
      "10s":{"kind":"SpiderLevel", "depth":10,    "size":[64,64],"music":"SpiderLevel.ogg"},

      "necro1":{"kind":"NecroLevel", "depth":8,      "size":[32,32],
"music":"Necro.ogg"},
      "necro2":{"kind":"NecroLevel", "depth":9,      "size":[32,32],
"music":"Necro.ogg"},
      "necro3":{"kind":"NecroLevel", "depth":10,     "size":[32,32],
"music":"Necro.ogg"},
      "necro4":{"kind":"PredesignedLevel", "depth":11, "file":"levelsDesc/DarckShop.json","script":"scripts/actors/CandleEffect",
"music":"Necro.ogg"
      },
      "necro5":{"kind":"NecroBossLevel", "depth":12, "size":[32,32]    },

      "ice1": {"kind":"IceCavesLevel", "depth":15,
"music":"ost_ice_caves.mp3", "maxBrightness":1.05},
      "ice2":{"kind":"IceCavesLevel", "depth":16,      "size":[32,32], "music":"ost_ice_caves.mp3", "maxBrightness":1.05},
      "ice3":{"kind":"IceCavesLevel", "depth":17,     "size":[32,32], "music":"ost_ice_caves.mp3", "maxBrightness":1.05},
      "ice4":{"kind":"IceCavesLevel", "depth":18,     "size":[32,32], "music":"ost_ice_caves.mp3", "maxBrightness":1.05},
      "ice5":{"kind":"IceCavesBossLevel", "depth":19, "size":[32,32], "music":"ost_ice_caves.mp3", "maxBrightness":1.05},
      
      "DworfTown":{"kind":"PredesignedLevel", "depth":21, "file":"levelsDesc/DworfTown.json", "music":"DworfTown.ogg","noFogOfWar":true, "isSafe":true, "isStatic":true},

      "Skvern":{"kind":"RandomLevel", "depth":11, "file":"levelsDesc/SkvernNecropolis.json", "music":"SkvernLevel.ogg"},

      "Shad1":{"kind":"RandomLevel", "depth":20, "file":"levelsDesc/ShadowLevel.json", "music":"Shadow.ogg"},
      "Shad2":{"kind":"RandomLevel", "depth":10, "file":"levelsDesc/ShadowLevel.json", "music":"Shadow.ogg"},
      "Shad3":{"kind":"RandomLevel", "depth":3, "file":"levelsDesc/ShadowLevel.json", "music":"Shadow.ogg"},
      "Shad4":{"kind":"RandomLevel", "depth":20, "file":"levelsDesc/ShadowLevel.json", "music":"Shadow.ogg"},
      "Shad5":{"kind":"PredesignedLevel", "depth":20, "file":"levelsDesc/ShadowBossLevel.json", "music":"Shadow.ogg"},

      "Water1":{"kind":"RandomLevel", "depth":19, "file":"levelsDesc/WaterCavesLevel.json", "feeling":"WATER", "music":"Water.ogg"},
      "Water2":{"kind":"RandomLevel", "depth":20, "file":"levelsDesc/WaterCavesLevel.json", "feeling":"WATER", "music":"Water.ogg"},
      "Water3":{"kind":"RandomLevel", "depth":21, "file":"levelsDesc/WaterCavesLevel.json", "feeling":"WATER", "music":"Water.ogg"},
      "Water4":{"kind":"RandomLevel", "depth":22, "file":"levelsDesc/WaterCavesLevel.json", "feeling":"WATER", "music":"Water.ogg"},
      "Water5":{"kind":"PredesignedLevel", "depth":24, "file":"levelsDesc/WaterCavesBossLevel.json", "music":"Water.ogg"},
      
      "RandomTown":{"kind":"RandomLevel", "depth":0, "file":"levelsDesc/RandomTown.json"},
      

      "Blue1":{"kind":"RandomLevel", "depth":35, "file":"levelsDesc/BlueWombLevel.json", "music":"BlueWomb.ogg"},
      "Blue2":{"kind":"RandomLevel", "depth":36, "file":"levelsDesc/BlueWombLevel.json", "music":"BlueWomb.ogg"},
      "Blue3":{"kind":"RandomLevel", "depth":37, "file":"levelsDesc/BlueWombLevel.json", "music":"BlueWomb.ogg"},
      "Blue4":{"kind":"RandomLevel", "depth":38, "file":"levelsDesc/BlueWombLevel.json", "music":"BlueWomb.ogg"},
      "Blue5":{"kind":"PredesignedLevel", "depth":39, "file":"levelsDesc/BlueWombBossLevel.json", "music":"BlueWombBossLevel.ogg"},

      "Spider1":{"kind":"RandomLevel", "depth":32, "file":"levelsDesc/SpiderCastelLevel.json", "feeling":"CHASM", "music":"SpiderCastelLevel.ogg"},
      "Spider2":{"kind":"RandomLevel", "depth":33, "file":"levelsDesc/SpiderCastelLevel.json", "feeling":"CHASM", "music":"SpiderCastelLevel.ogg"},
      "Spider3":{"kind":"RandomLevel", "depth":34, "file":"levelsDesc/SpiderCastelLevel.json", "feeling":"CHASM", "music":"SpiderCastelLevel.ogg"},
      "Spider4":{"kind":"RandomLevel", "depth":35, "file":"levelsDesc/SpiderCastelLevel.json", "feeling":"CHASM", "music":"SpiderCastelLevel.ogg"},
      "Spider5":{"kind":"PredesignedLevel", "depth":36, "file":"levelsDesc/SpiderCastelBossLevel.json", "music":"SpiderCastelLevel.ogg"},

      "Crab1":{"kind":"RandomLevel", "depth":6, "file":"levelsDesc/CrabLevel.json", "music":"CrabLevel.ogg"},
      "Crab2":{"kind":"RandomLevel", "depth":7, "file":"levelsDesc/CrabLevel.json", "music":"CrabLevel.ogg"},
      "Crab3":{"kind":"PredesignedLevel", "depth":8, "file":"levelsDesc/CrabBossLevel.json", "music":"CrabLevel.ogg"},

      "Goo1":{"kind":"RandomLevel", "depth":28, "file":"levelsDesc/GooLevel.json", "music":"GooLevel.ogg","script":"scripts/actors/GooLevel"},
      "Goo2":{"kind":"RandomLevel", "depth":29, "file":"levelsDesc/GooLevel.json", "music":"GooLevel.ogg","script":"scripts/actors/GooLevel"},
      "Goo3":{"kind":"RandomLevel", "depth":30, "file":"levelsDesc/GooLevel.json", "music":"GooLevel.ogg","script":"scripts/actors/GooLevel"},
      "Goo4":{"kind":"RandomLevel", "depth":31, "file":"levelsDesc/GooLevel.json", "music":"GooLevel.ogg","script":"scripts/actors/GooLevel"},
      "Goo5":{"kind":"PredesignedLevel", "depth":32, "file":"levelsDesc/GooBossLevel.json", "music":"GooLevel.ogg","script":"scripts/actors/GooLevel"},

      "Bandit1":{"kind":"RandomLevel", "depth":11, "file":"levelsDesc/BanditLevel.json", "music":"BanditLevel.ogg"},
      "Bandit2":{"kind":"RandomLevel", "depth":12, "file":"levelsDesc/BanditLevel.json", "music":"BanditLevel.ogg"},
      "Bandit3":{"kind":"PredesignedLevel", "depth":13, "file":"levelsDesc/BanditBossLevel.json", "music":"BanditLevel.ogg"},
      "GooHash":{"kind":"PredesignedLevel", "depth":0, "file":"levelsDesc/GooHashBossLevel.json", "music":"GooHashLevel.ogg"},
      
      "Magic1":{"kind":"RandomLevel", "depth":16, "file":"levelsDesc/MagicCavesLevel.json", "music":"MagicCavesLevel.ogg"},
      "Magic2":{"kind":"RandomLevel", "depth":17, "file":"levelsDesc/MagicCavesLevel.json", "music":"MagicCavesLevel.ogg"},
      "Magic3":{"kind":"RandomLevel", "depth":18, "file":"levelsDesc/MagicCavesLevel.json", "music":"MagicCavesLevel.ogg"},
      "Magic4":{"kind":"RandomLevel", "depth":19, "file":"levelsDesc/MagicCavesLevel.json", "music":"MagicCavesLevel.ogg"},
      "Magic5":{"kind":"PredesignedLevel", "depth":20, "file":"levelsDesc/MagicCavesBossLevel.json", "music":"MagicCavesBossLevel.ogg"},
      "Rat1":{"kind":"RandomLevel", "depth":6, "file":"levelsDesc/RatLevel.json", "music":"RatLevel.ogg"},
      "Rat2":{"kind":"RandomLevel", "depth":7, "file":"levelsDesc/RatLevel.json", "music":"RatLevel.ogg"},
      "Rat3":{"kind":"RandomLevel", "depth":8, "file":"levelsDesc/RatLevel.json", "music":"RatLevel.ogg"},
      "Rat4":{"kind":"RandomLevel", "depth":9, "file":"levelsDesc/RatLevel.json", "music":"RatLevel.ogg"},
      "Rat5":{"kind":"PredesignedLevel", "depth":10, "file":"levelsDesc/RatBossLevel.json", "music":"RatBossLevel.ogg"},
      "Castle1":{"kind":"RandomLevel", "depth":31, "file":"levelsDesc/IceCastleLevel.json", "music":"IceCastleLevel.ogg"},
      "Castle2":{"kind":"RandomLevel", "depth":32, "file":"levelsDesc/IceCastleLevel.json", "music":"IceCastleLevel.ogg"},
      "Castle3":{"kind":"RandomLevel", "depth":33, "file":"levelsDesc/IceCastleLevel.json", "music":"IceCastleLevel.ogg"},
      "Castle4":{"kind":"RandomLevel", "depth":34, "file":"levelsDesc/IceCastleLevel.json", "music":"IceCastleLevel.ogg"},
      "Castle5":{"kind":"PredesignedLevel", "depth":35, "file":"levelsDesc/IceCastleBossLevel.json", "music":"IceCastleBossLevel.ogg"},

      "Night1":{"kind":"RandomLevel", "depth":26, "file":"levelsDesc/NightmareLevel.json", "music":"NightmareLevel.ogg"},
      "Night2":{"kind":"RandomLevel", "depth":27, "file":"levelsDesc/NightmareLevel.json", "music":"NightmareLevel.ogg"},
      "Night3":{"kind":"RandomLevel", "depth":28, "file":"levelsDesc/NightmareLevel.json", "music":"NightmareLevel.ogg"},
      "Night4":{"kind":"RandomLevel", "depth":29, "file":"levelsDesc/NightmareLevel.json", "music":"NightmareLevel.ogg"},
      "Night5":{"kind":"PredesignedLevel", "depth":30, "file":"levelsDesc/NightmareBossLevel.json", "music":"NightmareBossLevel.ogg"},
 
      "1":{"kind":"SewerLevel", "depth":1,     "size":[32,32]},
      "2":{"kind":"SewerLevel", "depth":2,        "size":[32,32]},
      "3":{"kind":"SewerLevel", "depth":3,        "size":[32,32]},
      "4":{"kind":"SewerLevel", "depth":4,"size":[32,32]},
      "5":{"kind":"SewerBossLevel", "depth":5,    "size":[32,32], "music":"ost_boss_1_ambient.mp3"},
      "6":{"kind":"PrisonLevel", "depth":6,       "size":[32,32], "music":"PrisonLevel.ogg" },
      "7":{"kind":"PrisonLevel", "depth":7,  "music":"PrisonLevel.ogg", "size":[32,32]},
      "8":{"kind":"PrisonLevel", "depth":8,       "size":[32,32], "music":"PrisonLevel.ogg"},
      "9":{"kind":"PrisonLevel", "depth":9,       "size":[32,32], "music":"PrisonLevel.ogg"},
      "10":{"kind":"PrisonBossLevel", "depth":10, "size":[32,32], "music":"PrisonLevel.ogg"},
      "11":{"kind":"CavesLevel", "depth":11,      "size":[32,32], "music":"ost_caves.mp3"},
      "12":{"kind":"CavesLevel", "depth":12, "music":"ost_caves.mp3","size":[32,32]},
      "13":{"kind":"CavesLevel", "depth":13,      "size":[32,32], "music":"ost_caves.mp3"},
      "14":{"kind":"CavesLevel", "depth":14,      "size":[32,32], "music":"ost_caves.mp3"},
      "15":{"kind":"CavesBossLevel", "depth":15,  "size":[32,32], "music":"ost_caves.mp3"},
      "16":{"kind":"CityLevel", "depth":16,       "size":[32,32], "music":"CityLevel.ogg"},
      "17":{"kind":"CityLevel", "depth":17,       "size":[32,32], "music":"CityLevel.ogg"},
      "18":{"kind":"CityLevel", "depth":18,       "size":[32,32], "music":"CityLevel.ogg"},
      "19":{"kind":"RandomLevel", "depth":19, "file":"levelsDesc/CityLibrary.json", "music":"DworfLibrary.ogg", "script":"scripts/actors/CityLibrary"},
      "20":{"kind":"CityBossLevel", "depth":20,   "size":[32,32], "music":"CityLevel.ogg"},
      "21":{"kind":"LastShopLevel", "depth":21,   "size":[32,32]},
      "22":{"kind":"HallsLevel", "depth":22,      "size":[32,32],"music":"HallsLevel.ogg"},
      "23":{"kind":"HallsLevel", "depth":23,      "size":[32,32],"music":"HallsLevel.ogg"},
      "24":{"kind":"HallsLevel", "depth":24,      "size":[32,32],"music":"HallsLevel.ogg"},
      "25":{"kind":"PredesignedLevel", "depth":25, "file":"levelsDesc/ShadowLordLevel.json","music":"HallsLevel.ogg"},
      "26":{"kind":"RandomLevel", "depth":26, "file":"levelsDesc/LightLevel.json", "script":"scripts/actors/WndStoryLight"
, "music":"Light.ogg"},
      "27":{"kind":"RandomLevel", "depth":27, "file":"levelsDesc/LightLevel.json", "music":"Light.ogg"},
      "28":{"kind":"RandomLevel", "depth":28, "file":"levelsDesc/LightLevel.json", "music":"Light.ogg"},
      "29":{"kind":"RandomLevel", "depth":29, "file":"levelsDesc/LightLevel.json", "music":"Light.ogg"},
       "30":{"kind":"PredesignedLevel", "depth":30, "file":"levelsDesc/LightBossLevel.json" , "script":"scripts/actors/MagicCandleEffect", "music":"Light.ogg"},
      "31":{"kind":"RandomLevel", "depth":31, "file":"levelsDesc/NetherCastleLevel.json", "feeling":"CHASM", "music":"CastleLevel.ogg", "script":"scripts/actors/WndStoryCastle"},
      "32":{"kind":"RandomLevel", "depth":32, "file":"levelsDesc/NetherCastleLevel2.json", "feeling":"CHASM", "music":"CastleLevel.ogg"},
    "33":{"kind":"PredesignedLevel", "depth":33, "file":"levelsDesc/CastleBossLevel.json", "music":"CastleLevel.ogg"},
      "34":{"kind":"RandomLevel", "depth":34, "file":"levelsDesc/SkeletonLevel.json", "script":"scripts/actors/WndStorySkeleton"
, "music":"SkeletonLevel.ogg"},
      "35":{"kind":"RandomLevel", "depth":35, "file":"levelsDesc/SkeletonLevel.json", "script":"scripts/actors/SkeletonLevelEffect"
, "music":"SkeletonLevel.ogg"},
      "36":{"kind":"RandomLevel", "depth":36, "file":"levelsDesc/SkeletonLevel.json", "script":"scripts/actors/SkeletonLevelEffect"
, "music":"SkeletonLevel.ogg"},
      "37":{"kind":"RandomLevel", "depth":37, "file":"levelsDesc/SkeletonLevel.json", "script":"scripts/actors/SkeletonLevelEffect"
, "music":"SkeletonLevel.ogg"},
      "38":{"kind":"PredesignedLevel", "depth":38, "file":"levelsDesc/SkeletonBossLevel.json"
, "music":"SkeletonLevel.ogg"},
      "39":{"kind":"FakeLastLevel", "depth":39,   "size":[32,32]},
      "40":{"kind":"GutsLevel", "depth":40,  "size":[48,48], "music":"Guts.ogg"},
      "41":{"kind":"GutsLevel", "depth":41, "size":[48,48], "music":"Guts.ogg"},
      "42":{"kind":"GutsLevel", "depth":42, "size":[48,48], "music":"Guts.ogg"},
      "43":{"kind":"GutsLevel", "depth":43,  "size":[48,48], "music":"Guts.ogg"},
      "44":{"kind":"HallsBossLevel", "depth":44,  "size":[32,32], "music":"ost_boss_1_fight.mp3"},
      "45":{"kind":"LastLevel", "depth":45,       "size":[32,32], "music":"theme.mp3"}},
   "Graph":{
      "0":[["town"],[]],
      "RandomTown":[[],[]],
      "town_shop":[[],["town"]],
      "movie_theater":[[],["town"]],
      "church":[[],["town"]],
      "library":[["WandShop"],["town"]],
      "WandShop":[[],["library"]],      "fortune_shop":[[],["town"]],
      "portal_shrine":[[],["town"]],
      "inn":[[],["town"]],
      "town":[["church", "movie_theater", "1","library", "town_shop" ,"fortune_shop"],[]],
"1":[["2"],["town"]],
"2":[["3"],["1"]],
"3":[["4"],["2"]],
"4":[["5"],["3"]],
"5":[["portal_room_lvl5","6s","Rat1"],["4"]],
"Rat1":[["Rat2"],["5"]],
"Rat2":[["Rat3"],["Rat1"]],
"Rat3":[["Rat4"],["Rat2"]],
"Rat4":[["Rat5"],["Rat3"]],
"Rat5":[["Rat1"],["Rat4"]],
"portal_room_lvl5":[["6","Crab1"],["5"]],
 "Crab1":[["Crab2"],["portal_room_lvl5"]], 
"Crab2":[["Crab3"],["Crab1"]],
"Crab3":[["Crab1"],["Crab2"]],
"6":[["7"],["portal_room_lvl5"]],
"7":[["8", "necro1"],["6"]],
"8":[["9"],["7"]],
"9":[["10"],["8"]],
"10":[["portal_room_lvl10"],["9"]],
"portal_room_lvl10":[["11","Bandit1"],["10"]],
"Bandit1":[["Bandit2"],["portal_room_lvl10"]],
"Bandit2":[["Bandit3"],["Bandit1"]],
"Bandit3":[["Bandit1"],["Bandit2"]],
"11":[["12"],["portal_room_lvl10"]],
"12":[["13"],["11"]],
"13":[["14"],["12"]],
"14":[["15","ice1"],["13"]],
"15":[["portal_room_lvl15"],["14"]],
"portal_room_lvl15":[["16","GooHash"],["15"]],
"GooHash":[["portal_room_lvl15"],["portal_room_lvl15"]],
"16":[["17"],["portal_room_lvl15"]],
"17":[["18"],["16"]],
"18":[["19", "Water1"],["17"]],
"Water1":[["Water2"],["18"]],
"Water2":[["Water3"],["Water1"]],
"Water3":[["Water4"],["Water2"]],
"Water4":[["Water5"],["Water3"]],
"Water5":[["Water1"],["Water4"]],
"19":[["20"],["18"]],
"20":[["portal_room_lvl20"],["19"]],
"portal_room_lvl20":[["21","DworfTown"],["20"]],
"DworfTown":[["3"],["portal_room_lvl20"]],
"21":[["22"],["portal_room_lvl20"]],
"22":[["23"],["21"]],
"23":[["24","Shad1"],["22"]],
"Shad1":[["Shad2"],["23"]],
"Shad2":[["Shad3"],["Shad1"]],
"Shad3":[["Shad4"],["Shad2"]],
"Shad4":[["Shad5"],["Shad3"]],
"Shad5":[["Shad1"],["Shad4"]],
"24":[["25"],["23"]],
"25":[["portal_room_lvl25"],["24"],["25"]],
"portal_room_lvl25":[["26","Night1"],["25"]],
"Night1":[["Night2"],["portal_room_lvl25"]],
"Night2":[["Night3"],["Night1"]],
"Night3":[["Night4"],["Night3"]],
"Night4":[["Night5"],["Night3"]],
"Night5":[["Night1"],["Night4"]],
"26":[["27"],["portal_room_lvl25"]],
"27":[["28","Goo1"],["26"]],
"Goo1":[["Goo2"],["27"]],
"Goo2":[["Goo3"],["Goo1"]],
"Goo3":[["Goo4"],["Goo2"]],
"Goo4":[["Goo5"],["Goo3"]], 
"Goo5":[["Goo1"],["Goo4"]],       "28":[["29"],["27"]],
"29":[["30"],["28"]],
"30":[["portal_room_lvl30"],["29"]],
"portal_room_lvl30":[["31","Castle1"],["30"]],
"Castle1":[["Castle2"],["portal_room_lvl30"]],
"Castle2":[["Castle3"],["Castle1"]],
"Castle3":[["Castle4"],["Castle2"]],
"Castle4":[["Castle5"],["Castle3"]],
"Castle5":[["Castle1"],["Castle4"]],
"31":[["32","Spider1"],["portal_room_lvl30"]],
"Spider1":[["Spider2"],["31"]],
"Spider2":[["Spider3"],["Spider1"]],
"Spider3":[["Spider4"],["Spider2"]],
"Spider4":[["Spider5"],["Spider4"]],
"Spider5":[["Spider1"],["Spider4"]],
"32":[["33"],["31"]],
"33":[["portal_room_lvl33"],["32"]],
"portal_room_lvl33":[["34"],["33"]],
"34":[["35"],["portal_room_lvl33"]],
"35":[["36"],["34"]],
"36":[["37","Magic1"],["35"]],
"Magic1":[["Magic2"],["36"]],
"Magic2":[["Magic3"],["Magic1"]],
"Magic3":[["Magic4"],["Magic2"]],
"Magic4":[["Magic5"],["Magic3"]],
"Magic5":[["Magic1"],["Magic4"]],
"37":[["38"],["36"]],
"38":[["portal_room_lvl38"],["37"]],
"portal_room_lvl38":[["39"],["38"]],
"39":[["40"],["portal_room_lvl38"]],
"40":[["41","Blue1"],["39"]],
"Blue1":[["Blue2"],["40"]],
"Blue2":[["Blue3"],["Blue1"]],
"Blue3":[["Blue4"],["Blue2"]],
"Blue4":[["Blue5"],["Blue3"]],
"Blue5":[["Blue1"],["Blue4"]],  
"41":[["42"],["40"]],
"42":[["43"],["41"]],
"43":[["44"],["42"]],
"44":[["portal_room_lvl44"],["45"]],
"portal_room_lvl44":[["45"],["44"]],
"45":[[],["portal_room_lvl44"]],
"6s":[["7s"],["5"],[2]],
"7s":[["8s"],["6s"]],
"8s":[["9s"],["7s"]],
"9s":[["10s"],["8s"]],
"10s":[["6s"],["9s"]],
"necro1":[["necro2"],["7"],[2]],
"necro2":[["necro3"],["necro1"]],
"necro3":[["necro4","Skvern"],["necro2"]],
"necro4":[["necro5"],["necro3"]],
"Skvern":[["necro4"],["necro4"]],
"necro5":[["necro1"],["necro4"]],
"ice1":[["ice2"],["14"]],
"ice2":[["ice3"],["ice1"]],
"ice3":[["ice4"],["ice2"]],
"ice4":[["ice5"],["ice3"]],
"ice5":[["ice1"],["ice4"]]
   },
   "Entrance":"0"
}
