{
"Levels":{

"0":{"kind":"SewerLevel", "depth":0,        "size":[0,0]},

"Inn":{"kind":"PredesignedLevel", "depth":-1, "file":"levelsDesc/Inn_2021_03.json","noFogOfWar":"true", "isSafe":true, "music":"ost_town_1","script":"scripts/actors/town/TownInn"},

"Test":{"kind":"TestLevel"},

"TownLibrary":{"kind":"PredesignedLevel", "depth":1,  "size":[32,32], "noFogOfWar":true, "isStatic":true, "isSafe":true,"music":"ost_town_1.ogg", "file":"levelsDesc/WandShop.json"},
      
"ModRoom":{"kind":"PredesignedLevel", "depth":1,  "size":[32,32], "noFogOfWar":true, "isStatic":true, "isSafe":true, "file":"levelsDesc/ModRoom.json", "music":"ost_town_1.ogg", "script":"scripts/actors/town/ModRoom"},
      
"TownChurch":{"kind":"PredesignedLevel", "depth":1,  "size":[32,32], "isSafe":true,"noFogOfWar":true, "isStatic":true, "file":"levelsDesc/Church.json", "music":"ost_town_1.ogg","script":"scripts/actors/town/TownChurch"},
      
"TownMovieTheater":{"kind":"PredesignedLevel", "depth":1,  "size":[12,8], "isSafe":true,"noFogOfWar":true, "file":"levelsDesc/Cinema.json", "music":"ost_town_1.ogg"},
      
"Town":{"kind":"PredesignedLevel", "depth":1, "file":"levelsDesc/Town.json", "noFogOfWar":true, "isSafe":true, "isStatic":false, "music":"ost_town_1.ogg","script":"scripts/actors/town/Compass"},
      
"TownShop":{"kind":"PredesignedLevel", "depth":1, "size":[14,14],"file":"levelsDesc/Shop_Town.json","noFogOfWar":true, "music":"Shop.ogg","script":"scripts/actors/town/TownShop"},
      
"FortuneShop":{"kind":"PredesignedLevel", "depth":1, "file":"levelsDesc/Fortune.json", "noFogOfWar":true, "isSafe":true, "isStatic":true, "music":"ost_town_1.ogg","script":"scripts/actors/town/TownFortuneShop"},
      
 

"portal_room_lvl5":{"kind":"PredesignedLevel" , "depth":5 , "file":"levelsDesc/LevelPortal.json", "isSafe":true, "music":"ost_portal_level"},

"portal_room_lvl10":{"kind":"PredesignedLevel", "depth":10, "file":"levelsDesc/LevelPortal.json", "isSafe":true , "music":"ost_portal_level" },

"portal_room_lvl15":{"kind":"PredesignedLevel", "depth":15, "file":"levelsDesc/LevelPortal.json", "isSafe":true , "music":"ost_portal_level" },

"portal_room_lvl20":{"kind":"PredesignedLevel", "depth":20, "file":"levelsDesc/LevelPortal.json", "isSafe":true , "music":"ost_portal_level" },

"portal_room_lvl25":{"kind":"PredesignedLevel", "depth":25, "file":"levelsDesc/LevelPortal.json", "isSafe":true , "music":"ost_portal_level" },

"portal_room_lvl30":{"kind":"PredesignedLevel", "depth":30, "file":"levelsDesc/LevelPortal.json", "isSafe":true , "music":"ost_portal_level" },

"portal_room_lvl33":{"kind":"PredesignedLevel", "depth":33, "file":"levelsDesc/LevelPortal.json", "isSafe":true , "music":"ost_portal_level" },  



"Sewer1":{"kind":"SewerLevel", "depth":1,     "size":[32,32],"script":"scripts/actors/Levels/SewerLevel", "music":"SewerLevel.ogg", "noBuild":true},
      
"Sewer2":{"kind":"SewerLevel", "depth":2,      "size":[32,32],"script":"scripts/actors/Levels/SewerLevel", "music":"SewerLevel.ogg", "noBuild":true},
      
"Sewer3":{"kind":"SewerLevel", "depth":3,  "size":[32,32],"script":"scripts/actors/Levels/SewerLevel", "music":"SewerLevel.ogg", "noBuild":true },
      
"Sewer4":{"kind":"SewerLevel", "depth":4,"size":[32,32],"script":"scripts/actors/Levels/SewerLevel", "music":"SewerLevel.ogg", "noBuild":true },
      
"Sewer5":{"kind":"PredesignedLevel", "depth":5, "file":"LevelsDesc/BossLevel/SewerBossLevel.json", "music":"ost_boss_1_ambient.ogg","script":"scripts/actors/Levels/SewerLevel"},



"Prison1":{"kind":"PrisonLevel", "depth":6,       "size":[32,32], "music":"PrisonLevel.ogg","script":"scripts/actors/Levels/PrisonLevel", "noBuild":true },
      
"Prison2":{"kind":"PrisonLevel", "depth":7,  "music":"PrisonLevel.ogg", "size":[32,32] ,"script":"scripts/actors/Levels/PrisonLevel", "noBuild":true },
      
"Prison3":{"kind":"PrisonLevel", "depth":8,       "size":[32,32], "music":"PrisonLevel.ogg" ,"script":"scripts/actors/Levels/PrisonLevel", "noBuild":true },
      
"Prison4":{"kind":"PrisonLevel", "depth":9,       "size":[32,32], "music":"PrisonLevel.ogg" ,"script":"scripts/actors/Levels/PrisonLevel", "noBuild":true},
      
"Prison5":{"kind":"PredesignedLevel", "depth":10, "file":"LevelsDesc/BossLevel/PrisonBossLevel.json", "music":"PrisonLevel.ogg","script":"scripts/actors/Levels/PrisonLevel"},
      


"Caves1":{"kind":"CavesLevel", "depth":11,      "size":[32,32], "music":"ost_caves.ogg","script":"scripts/actors/Levels/CavesLevel", "noBuild":true},
      
"Caves2":{"kind":"CavesLevel", "depth":12, "music":"ost_caves.ogg","size":[32,32],"script":"scripts/actors/Levels/CavesLevel", "noBuild":true},
      
"Caves3":{"kind":"CavesLevel", "depth":13,      "size":[32,32], "music":"ost_caves.ogg","script":"scripts/actors/Levels/CavesLevel", "noBuild":true},
      
"Caves4":{"kind":"CavesLevel", "depth":14,      "size":[32,32], "music":"ost_caves.ogg" ,"script":"scripts/actors/Levels/CavesLevel", "noBuild":true},
      
"Caves5":{"kind":"PredesignedLevel", "depth":15, "file":"LevelsDesc/BossLevel/CavesBossLevel.json", "music":"ost_caves.ogg","script":"scripts/actors/Levels/CavesLevel"},
      


"City1":{"kind":"CityLevel", "depth":16,       "size":[32,32], "music":"CityLevel.ogg","script":"scripts/actors/Levels/CityLevel", "noBuild":true},
      
"City2":{"kind":"CityLevel", "depth":17,       "size":[48,48], "music":"CityLevel.ogg","script":"scripts/actors/Levels/CityLevel", "noBuild":true},
      
"City3":{"kind":"CityLevel", "depth":18,       "size":[64,64], "music":"CityLevel.ogg","script":"scripts/actors/Levels/CityLevel", "noBuild":true},
      
"City4":{"kind":"CityLevel", "depth":19, "music":"DworfLibrary.ogg", "script":"scripts/actors/Levels/CityLevel","tiles":"tiles_dworf_library.png", "noBuild":true},
      
"City5":{"kind":"CityBossLevel", "depth":20,   "size":[32,32], "music":"CityLevel.ogg","script":"scripts/actors/Levels/CityLevel"},
      


"Imp":{"kind":"LastShopLevel", "depth":21,   "size":[32,32],"script":"scripts/actors/Levels/ImpLevel"},
      
"Halls2":{"kind":"HallsLevel", "depth":22,      "size":[32,32],"music":"HallsLevel.ogg","script":"scripts/actors/Levels/HallsLevel", "noBuild":true},
      
"Halls3":{"kind":"HallsLevel", "depth":23,      "size":[32,32],"music":"HallsLevel.ogg","script":"scripts/actors/Levels/HallsLevel", "noBuild":true},
      
"Halls4":{"kind":"HallsLevel", "depth":24,      "size":[32,32],"music":"HallsLevel.ogg","script":"scripts/actors/Levels/HallsLevel", "noBuild":true},
      
"Halls5":{"kind":"PredesignedLevel", "depth":25, "file":"levelsDesc/BossLevel/ShadowLordLevel.json","music":"HallsLevel.ogg","script":"scripts/actors/Levels/HallsLevel"},

"Halls2_p":{"kind":"HallsLevel", "depth":22,      "size":[32,32],"music":"HallsLevel.ogg","script":"scripts/actors/Levels/HallsLevel_p", "noBuild":true},
      
"Halls3_p":{"kind":"HallsLevel", "depth":23,      "size":[32,32],"music":"HallsLevel.ogg","script":"scripts/actors/Levels/HallsLevel_p", "noBuild":true},
      
"Halls4_p":{"kind":"HallsLevel", "depth":24,      "size":[32,32],"music":"HallsLevel.ogg","script":"scripts/actors/Levels/HallsLevel_p", "noBuild":true},


"Light1":{"kind":"RandomLevel", "depth":26, "file":"LevelsDesc/KindLevel/LightLevel.json", "script":"scripts/actors/Levels/LightLevel"
, "music":"Light.ogg", "noBuild":true},
      
"Light2":{"kind":"RandomLevel", "depth":27, "file":"LevelsDesc/KindLevel/LightLevel.json",  "music":"Light.ogg", "script":"scripts/actors/Levels/LightLevel", "noBuild":true},
      
"Light3":{"kind":"RandomLevel", "depth":28, "file":"LevelsDesc/KindLevel/LightLevel.json", "music":"Light.ogg","script":"scripts/actors/Levels/LightLevel", "noBuild":true},
      
"Light4":{"kind":"RandomLevel", "depth":29, "file":"LevelsDesc/KindLevel/LightLevel.json", "music":"Light.ogg","script":"scripts/actors/Levels/LightLevel", "noBuild":true},
       
"Light5":{"kind":"PredesignedLevel", "depth":30, "file":"LevelsDesc/BossLevel/LightBossLevel.json", "music":"Light.ogg","script":"scripts/actors/Levels/LightLevel"},
      


"HallCastle1":{"kind":"RandomLevel", "depth":31, "file":"LevelsDesc/KindLevel/NetherCastleLevel.json", "music":"CastleLevel.ogg", "script":"scripts/actors/Levels/HallCastleLevel", "noBuild":true},
      
"HallCastle2":{"kind":"RandomLevel", "depth":32, "file":"LevelsDesc/KindLevel/NetherCastleLevel2.json", "music":"Lava.ogg" , "script":"scripts/actors/Levels/HallCastleLevel" , "noBuild":true},
    
"HallCastle3":{"kind":"PredesignedLevel", "depth":33, "file":"levelsDesc/BossLevel/CastleBossLevel.json", "music":"CastleLevel.ogg","script":"scripts/actors/Levels/HallCastleLevel"},



"LastLevel":{"kind":"LastLevel", "depth":45,       "size":[32,32], "music":"theme.ogg","script":"scripts/actors/Levels/LastLevel"},





"portal_room_lvl5_s":{"kind":"PredesignedLevel", "depth":5, "file":"levelsDesc/LevelPortal.json", "isSafe":true , "music":"ost_portal_level" }, 
      
"portal_room_lvl10_s":{"kind":"PredesignedLevel", "depth":10, "file":"levelsDesc/LevelPortal.json", "isSafe":true , "music":"ost_portal_level" },
      
"portal_room_lvl15_s":{"kind":"PredesignedLevel", "depth":15, "file":"levelsDesc/LevelPortal.json", "isSafe":true , "music":"ost_portal_level" },

"portal_room_lvl20_s":{"kind":"PredesignedLevel", "depth":20, "file":"levelsDesc/LevelPortal.json", "isSafe":true , "music":"ost_portal_level" },

"portal_room_lvl25_s":{"kind":"PredesignedLevel", "depth":25, "file":"levelsDesc/LevelPortal.json", "isSafe":true , "music":"ost_portal_level" },

"portal_room_lvl30_s":{"kind":"PredesignedLevel", "depth":30, "file":"levelsDesc/LevelPortal.json", "isSafe":true , "music":"ost_portal_level" },

"portal_room_lvl35_s":{"kind":"PredesignedLevel", "depth":35, "file":"levelsDesc/LevelPortal.json", "isSafe":true , "music":"ost_portal_level" },

"portal_room_lvl40_s":{"kind":"PredesignedLevel", "depth":40, "file":"levelsDesc/LevelPortal.json", "isSafe":true , "music":"ost_portal_level" },

"portal_room_lvl45_s":{"kind":"PredesignedLevel", "depth":15, "file":"levelsDesc/LevelPortal.json", "isSafe":true , "music":"ost_portal_level" },



"Rat1":{"kind":"RandomLevel", "depth":6, "file":"levelsDesc/KindLevel/RatLevel.json", "music":"RatLevel.ogg","script":"scripts/actors/Levels/RatLevel", "noBuild":true},
      
"Rat2":{"kind":"RandomLevel", "depth":7, "file":"levelsDesc/KindLevel/RatLevel.json", "music":"RatLevel.ogg","script":"scripts/actors/Levels/RatLevel", "noBuild":true},
      
"Rat3":{"kind":"RandomLevel", "depth":8, "file":"levelsDesc/KindLevel/RatLevel.json", "music":"RatLevel.ogg","script":"scripts/actors/Levels/RatLevel", "noBuild":true, "size":[32,32] },
      
"Rat4":{"kind":"RandomLevel", "depth":9, "file":"levelsDesc/KindLevel/RatLevel.json", "music":"RatLevel.ogg","script":"scripts/actors/Levels/RatLevel", "noBuild":true},
      
"Rat5":{"kind":"PredesignedLevel", "depth":10, "file":"levelsDesc/BossLevel/RatBossLevel.json", "music":"RatBossLevel.ogg", "noFogOfWar":true ,"script":"scripts/actors/Levels/RatLevel"},



"Nest1":{"kind":"SpiderLevel", "depth":11,      "size":[20,20], "feeling":"CHASM","music":"SpiderLevel.ogg" ,"script":"scripts/actors/Levels/NestLevel", "noBuild":true},
      
"Nest2":{"kind":"SpiderLevel", "depth":12,      "size":[32,32],"music":"SpiderLevel.ogg","script":"scripts/actors/Levels/NestLevel", "noBuild":true},
      
"Nest3":{"kind":"SpiderLevel", "depth":13,      "size":[40,40],"music":"SpiderLevel.ogg","script":"scripts/actors/Levels/NestLevel", "noBuild":true},
      
"Nest4":{"kind":"SpiderLevel", "depth":14,      "size":[48,48],
"music":"SpiderLevel.ogg","script":"scripts/actors/Levels/NestLevel", "noBuild":true},
      
"Nest5":{"kind":"PredesignedLevel", "depth":15, "file":"LevelsDesc/BossLevel/NestBossLevel.json", "music":"SpiderLevel.ogg","script":"scripts/actors/Levels/NestLevel"},



"Water1":{"kind":"RandomLevel", "depth":16, "file":"levelsDesc/KindLevel/WaterCavesLevel.json", "feeling":"WATER", "music":"Water.ogg","script":"scripts/actors/Levels/WaterCavesLevel", "noBuild":true},
      
"Water2":{"kind":"RandomLevel", "depth":17, "file":"levelsDesc/KindLevel/WaterCavesLevel.json", "feeling":"WATER", "music":"Water.ogg","script":"scripts/actors/Levels/WaterCavesLevel", "noBuild":true},
      
"Water3":{"kind":"RandomLevel", "depth":18, "file":"levelsDesc/KindLevel/WaterCavesLevel.json", "feeling":"WATER", "music":"Water.ogg","script":"scripts/actors/Levels/WaterCavesLevel", "noBuild":true},
      
"Water4":{"kind":"RandomLevel", "depth":19, "file":"levelsDesc/KindLevel/WaterCavesLevel.json", "feeling":"WATER", "music":"Water.ogg","script":"scripts/actors/Levels/WaterCavesLevel", "noBuild":true},
      
"Water5":{"kind":"PredesignedLevel", "depth":20, "file":"levelsDesc/BossLevel/WaterCavesBossLevel.json", "music":"Water.ogg","script":"scripts/actors/Levels/WaterCavesLevel"},




"Goo1":{"kind":"RandomLevel", "depth":21, "file":"levelsDesc/KindLevel/GooLevel.json", "music":"GooLevel.ogg","script":"scripts/actors/Levels/GooLevel", "noBuild":true},
      
"Goo2":{"kind":"RandomLevel", "depth":22, "file":"levelsDesc/KindLevel/GooLevel.json", "music":"GooLevel.ogg","script":"scripts/actors/Levels/GooLevel", "noBuild":true},
      
"Goo3":{"kind":"RandomLevel", "depth":23, "file":"levelsDesc/KindLevel/GooLevel.json", "music":"GooLevel.ogg","script":"scripts/actors/Levels/GooLevel", "noBuild":true},
      
"Goo4":{"kind":"RandomLevel", "depth":24, "file":"levelsDesc/KindLevel/GooLevel.json", "music":"GooLevel.ogg","script":"scripts/actors/Levels/GooLevel", "noBuild":true},
      
"Goo5":{"kind":"PredesignedLevel", "depth":25, "file":"levelsDesc/BossLevel/GooBossLevel.json", "music":"GooLevel.ogg","script":"scripts/actors/Levels/GooLevel"},



"Spider1":{"kind":"RandomLevel", "depth":26, "file":"levelsDesc/KindLevel/SpiderCastelLevel.json", "music":"SpiderCastelLevel.ogg","script":"scripts/actors/Levels/SpiderCastleLevel", "noBuild":true},
      
"Spider2":{"kind":"RandomLevel", "depth":27, "file":"levelsDesc/KindLevel/SpiderCastelLevel.json", "music":"SpiderCastelLevel.ogg","script":"scripts/actors/Levels/SpiderCastleLevel", "noBuild":true},
      
"Spider3":{"kind":"RandomLevel", "depth":28, "file":"levelsDesc/KindLevel/SpiderCastelLevel.json", "music":"SpiderCastelLevel.ogg","script":"scripts/actors/Levels/SpiderCastleLevel", "noBuild":true},
      
"Spider4":{"kind":"RandomLevel", "depth":29, "file":"levelsDesc/KindLevel/SpiderCastelLevel.json", "music":"SpiderCastelLevel.ogg","script":"scripts/actors/Levels/SpiderCastleLevel", "noBuild":true},
      
"Spider5":{"kind":"PredesignedLevel", "depth":30, "file":"levelsDesc/BossLevel/SpiderCastelBossLevel.json", "music":"SpiderCastelLevel.ogg","script":"scripts/actors/Levels/SpiderCastleLevel"},




"CityOfTears":{"kind":"PredesignedLevel", "depth":31, "noFogOfWar":false, "isSafe":true, "isStatic":false,"file":"levelsDesc/CityOfTears.json", "music":"CityOfTears.ogg","script":"scripts/actors/Levels/CityOfTearsLevel"},
      
"TearsFuture":{"kind":"PredesignedLevel", "depth":32, "noFogOfWar":false, "isSafe":true, "isStatic":false,"file":"levelsDesc/DarckFutureShop.json", "music":"CityOfTears.ogg","script":"scripts/actors/Levels/CityOfTearsLevel"},
      
"TearsHell":{"kind":"PredesignedLevel", "depth":33, "noFogOfWar":false, "isSafe":true, "isStatic":false,"file":"levelsDesc/TearsHell.json", "music":"CityOfTears.ogg","script":"scripts/actors/Levels/CityOfTearsLevel"},
            
"TearsLowerHell":{"kind":"PredesignedLevel", "depth":34, "noFogOfWar":false, "isSafe":true, "isStatic":false,"file":"levelsDesc/TearsLowerHell.json", "music":"CityOfTears.ogg","script":"scripts/actors/Levels/CityOfTearsLevel"},
      
"TearsShop":{"kind":"PredesignedLevel", "depth":35, "noFogOfWar":false, "isSafe":true, "isStatic":false,"file":"levelsDesc/CandleKeeper.json", "music":"CityOfTears.ogg","script":"scripts/actors/Levels/CityOfTearsLevel"},
      


"Blue1":{"kind":"RandomLevel", "depth":36, "file":"levelsDesc/KindLevel/BlueWombLevel.json", "music":"BlueWomb.ogg","script":"scripts/actors/Levels/BlueWombLevel", "noBuild":true},
      
"Blue2":{"kind":"RandomLevel", "depth":37, "file":"levelsDesc/KindLevel/BlueWombLevel.json", "music":"BlueWomb.ogg","script":"scripts/actors/Levels/BlueWombLevel", "noBuild":true},
      
"Blue3":{"kind":"RandomLevel", "depth":38, "file":"levelsDesc/KindLevel/BlueWombLevel.json", "music":"BlueWomb.ogg","script":"scripts/actors/Levels/BlueWombLevel", "noBuild":true},
      
"Blue4":{"kind":"RandomLevel", "depth":39, "file":"levelsDesc/KindLevel/BlueWombLevel.json", "music":"BlueWomb.ogg","script":"scripts/actors/Levels/BlueWombLevel", "noBuild":true},
      
"Blue5":{"kind":"PredesignedLevel", "depth":40, "file":"levelsDesc/BossLevel/BlueWombBossLevel.json", "music":"BlueWombBossLevel.ogg","script":"scripts/actors/Levels/BlueWombLevel"},



"LastLevel_s":{"kind":"LastLevel", "depth":41,       "size":[32,32], "music":"theme.ogg"},




"portal_room_lvl10_u":{"kind":"PredesignedLevel", "depth":10, "file":"levelsDesc/LevelPortal.json", "isSafe":true},
      
"portal_room_lvl15_u":{"kind":"PredesignedLevel", "depth":15, "file":"levelsDesc/LevelPortal.json", "isSafe":true},

"portal_room_lvl20_u":{"kind":"PredesignedLevel", "depth":20, "file":"levelsDesc/LevelPortal.json", "isSafe":true},

"portal_room_lvl25_u":{"kind":"PredesignedLevel", "depth":25, "file":"levelsDesc/LevelPortal.json", "isSafe":true},

"portal_room_lvl30_u":{"kind":"PredesignedLevel", "depth":30, "file":"levelsDesc/LevelPortal.json", "isSafe":true},



"Necro1":{"kind":"NecroLevel", "depth":11,      "size":[32,32],
"music":"Necro.ogg","script":"scripts/actors/Levels/NecroLevel"},
      
"Necro2":{"kind":"NecroLevel", "depth":12,      "size":[32,32],
"music":"Necro.ogg","script":"scripts/actors/Levels/NecroLevel"},

"Necro3":{"kind":"NecroLevel", "depth":13,     "size":[32,32],
"music":"Necro.ogg","script":"scripts/actors/Levels/NecroLevel"},

"Necro4":{"kind":"PredesignedLevel", "depth":14, "file":"levelsDesc/DarckShop.json","script":"scripts/actors/Levels/NecroLevel","noFogOfWar":true, "isSafe":true, "isStatic":true,"music":"Necro.ogg"},

"Necro5":{"kind":"NecroBossLevel", "depth":15, "size":[32,32],"script":"scripts/actors/Levels/NecroLevel"},



"Shad1":{"kind":"RandomLevel", "depth":16, "file":"levelsDesc/KindLevel/ShadowLevel.json", "music":"Shadow.ogg","script":"scripts/actors/Levels/ShadowLevel"},
      
"Shad2":{"kind":"RandomLevel", "depth":17, "file":"levelsDesc/KindLevel/ShadowLevel.json", "music":"Shadow.ogg","script":"scripts/actors/Levels/ShadowLevel"},
      
"Shad3":{"kind":"RandomLevel", "depth":18, "file":"levelsDesc/KindLevel/ShadowLevel.json", "music":"Shadow.ogg","script":"scripts/actors/Levels/ShadowLevel"},
      
"Shad4":{"kind":"RandomLevel", "depth":19, "file":"levelsDesc/KindLevel/ShadowLevel.json", "music":"Shadow.ogg","script":"scripts/actors/Levels/ShadowLevel"},
      
"Shad5":{"kind":"PredesignedLevel", "depth":20, "file":"levelsDesc/BossLevel/ShadowBossLevel.json", "music":"Shadow.ogg","script":"scripts/actors/Levels/ShadowLevel"},




"Night1":{"kind":"RandomLevel", "depth":21, "file":"LevelsDesc/KindLevel/NightmareLevel.json", "music":"NightmareLevel.ogg","script":"scripts/actors/Levels/NightmareLevel"},
    
"Night2":{"kind":"RandomLevel", "depth":22, "file":"LevelsDesc/KindLevel/NightmareLevel.json", "music":"NightmareLevel.ogg","script":"scripts/actors/Levels/NightmareLevel"},
      
"Night3":{"kind":"RandomLevel", "depth":23, "file":"LevelsDesc/KindLevel/NightmareLevel.json", "music":"NightmareLevel.ogg","script":"scripts/actors/Levels/NightmareLevel"},
      
"Night4":{"kind":"RandomLevel", "depth":24, "file":"LevelsDesc/KindLevel/NightmareLevel.json", "music":"NightmareLevel.ogg","script":"scripts/actors/Levels/NightmareLevel"},
      
"Night5":{"kind":"PredesignedLevel", "depth":25, "file":"levelsDesc/BossLevel/NightmareBossLevel.json", "music":"NightmareBossLevel.ogg","script":"scripts/actors/Levels/NightmareLevel"},



"Skeleton1":{"kind":"RandomLevel", "depth":26, "file":"LevelsDesc/KindLevel/SkeletonLevel.json", "script":"scripts/actors/Levels/SkeletonLevel", "music":"SkeletonLevel.ogg"},
      
"Skeleton2":{"kind":"RandomLevel", "depth":27, "file":"LevelsDesc/KindLevel/SkeletonLevel.json", "script":"scripts/actors/Levels/SkeletonLevel", "music":"SkeletonLevel.ogg"},
      
"Skeleton3":{"kind":"RandomLevel", "depth":28, "file":"LevelsDesc/KindLevel/SkeletonLevel.json", "script":"scripts/actors/Levels/SkeletonLevel", "music":"SkeletonLevel.ogg"},
      
"Skeleton4":{"kind":"RandomLevel", "depth":29, "file":"LevelsDesc/KindLevel/SkeletonLevel.json", "script":"scripts/actors/Levels/SkeletonLevel", "music":"SkeletonLevel.ogg"},
      
"Skeleton5":{"kind":"PredesignedLevel", "depth":30, "file":"levelsDesc/BossLevel/SkeletonBossLevel.json", "music":"SkeletonLevel.ogg","script":"scripts/actors/Levels/SkeletonLevel"},



"LastLevel_u":{"kind":"LastLevel", "depth":31,       "size":[32,32], "music":"theme.ogg","script":"scripts/actors/Levels/LastLevel"},




"portal_room_lvl15_r":{"kind":"PredesignedLevel", "depth":15, "file":"levelsDesc/LevelPortal.json", "isSafe":true , "music":"ost_portal_level" },

"portal_room_lvl20_r":{"kind":"PredesignedLevel", "depth":20, "file":"levelsDesc/LevelPortal.json", "isSafe":true , "music":"ost_portal_level" },

"portal_room_lvl25_r":{"kind":"PredesignedLevel", "depth":25, "file":"levelsDesc/LevelPortal.json", "isSafe":true , "music":"ost_portal_level" },

"portal_room_lvl30_r":{"kind":"PredesignedLevel", "depth":30, "file":"levelsDesc/LevelPortal.json", "isSafe":true , "music":"ost_portal_level" },

"portal_room_lvl35_r":{"kind":"PredesignedLevel", "depth":35, "file":"levelsDesc/LevelPortal.json", "isSafe":true , "music":"ost_portal_level" },

"portal_room_lvl40_r":{"kind":"PredesignedLevel", "depth":40, "file":"levelsDesc/LevelPortal.json", "isSafe":true , "music":"ost_portal_level" },

"portal_room_lvl45_r":{"kind":"PredesignedLevel", "depth":45, "file":"levelsDesc/LevelPortal.json", "isSafe":true , "music":"ost_portal_level" },



"Ice1": {"kind":"IceCavesLevel", "depth":16,"music":"ost_ice_caves.ogg","maxBrightness":1.05 ,"script":"scripts/actors/Levels/IceLevel", "noBuild":true,"size":[32,32]},
     
"Ice2":{"kind":"IceCavesLevel", "depth":17,"size":[32,32], "music":"ost_ice_caves.ogg","maxBrightness":1.05 ,"script":"scripts/actors/Levels/IceLevel", "noBuild":true},
      
"Ice3":{"kind":"IceCavesLevel", "depth":18,"size":[32,32], "music":"ost_ice_caves.ogg", "maxBrightness":1.05 ,"script":"scripts/actors/Levels/IceLevel", "noBuild":true},
      
"Ice4":{"kind":"IceCavesLevel", "depth":19,"size":[32,32], "music":"ost_ice_caves.ogg", "maxBrightness":1.05 ,"script":"scripts/actors/Levels/IceLevel", "noBuild":true},
      
"Ice5":{"kind":"IceCavesBossLevel", "depth":20,"size":[32,32], "music":"ost_ice_caves.ogg", "maxBrightness":1.05 ,"script":"scripts/actors/Levels/IceLevel"},

         
  
"Bandit1":{"kind":"RandomLevel", "depth":21, "file":"levelsDesc/KindLevel/BanditLevel.json", "music":"BanditLevel.ogg" ,"script":"scripts/actors/Levels/BanditLevel", "noBuild":true},
      
"Bandit2":{"kind":"RandomLevel", "depth":22, "file":"levelsDesc/KindLevel/BanditLevel.json", "music":"BanditLevel.ogg" ,"script":"scripts/actors/Levels/BanditLevel", "noBuild":true},
      
"Bandit3":{"kind":"RandomLevel", "depth":23, "file":"levelsDesc/KindLevel/BanditLevel.json", "music":"BanditLevel.ogg","script":"scripts/actors/Levels/BanditLevel", "noBuild":true},
      
"Bandit4":{"kind":"RandomLevel", "depth":24, "file":"levelsDesc/KindLevel/BanditLevel.json", "music":"BanditLevel.ogg","script":"scripts/actors/Levels/BanditLevel", "noBuild":true},
      
"Bandit5":{"kind":"PredesignedLevel", "depth":25, "file":"levelsDesc/BossLevel/BanditBossLevel.json", "music":"BanditLevel.ogg","script":"scripts/actors/Levels/BanditLevel"},
      


"Castle1":{"kind":"RandomLevel", "depth":26, "file":"LevelsDesc/KindLevel/IceCastleLevel.json", "music":"IceCastleLevel.ogg","script":"scripts/actors/Levels/IceCastleLevel", "noBuild":true},
      
"Castle2":{"kind":"RandomLevel", "depth":27, "file":"LevelsDesc/KindLevel/IceCastleLevel.json", "music":"IceCastleLevel.ogg" ,"script":"scripts/actors/Levels/IceCastleLevel", "noBuild":true},
      
"Castle3":{"kind":"RandomLevel", "depth":28, "file":"LevelsDesc/KindLevel/IceCastleLevel.json", "music":"IceCastleLevel.ogg" ,"script":"scripts/actors/Levels/IceCastleLevel", "noBuild":true},
      
"Castle4":{"kind":"RandomLevel", "depth":29, "file":"LevelsDesc/KindLevel/IceCastleLevel.json", "music":"IceCastleLevel.ogg","script":"scripts/actors/Levels/IceCastleLevel", "noBuild":true},
      
"Castle5":{"kind":"PredesignedLevel", "depth":30, "file":"levelsDesc/BossLevel/IceCastleBossLevel.json", "music":"IceCastleBossLevel.ogg","script":"scripts/actors/Levels/IceCastleLevel"},


   
"Library1":{"kind":"RandomLevel", "depth":31, "file":"LevelsDesc/KindLevel/LibraryLevel.json","music":"LibraryLevel.ogg","script":"scripts/actors/Levels/LibraryLevel", "noBuild":true},
      
"Library2":{"kind":"RandomLevel", "depth":32, "file":"LevelsDesc/KindLevel/LibraryLevel.json", "music":"LibraryLevel.ogg","script":"scripts/actors/Levels/LibraryLevel", "noBuild":true},
      
"Library3":{"kind":"RandomLevel", "depth":33, "file":"LevelsDesc/KindLevel/LibraryLevel.json", "music":"LibraryLevel.ogg","script":"scripts/actors/Levels/LibraryLevel", "noBuild":true},
      
"Library4":{"kind":"RandomLevel", "depth":34, "file":"LevelsDesc/KindLevel/LibraryLevel.json", "music":"LibraryLevel.ogg","script":"scripts/actors/Levels/LibraryLevel", "noBuild":true},
      
"Library5":{"kind":"PredesignedLevel", "depth":35, "file":"levelsDesc/BossLevel/LibraryBossLevel.json", "music":"LibraryLevel.ogg","script":"scripts/actors/Levels/LibraryLevel"},



"FakeLastLevel":{"kind":"FakeLastLevel", "depth":36,   "size":[32,32]},
      
"Guts2":{"kind":"GutsLevel", "depth":37, "size":[48,48], "music":"Guts.ogg","script":"scripts/actors/Levels/GutsLevel", "noBuild":true},
      
"Guts3":{"kind":"GutsLevel", "depth":38, "size":[48,48], "music":"Guts.ogg","script":"scripts/actors/Levels/GutsLevel", "noBuild":true},
      
"Guts4":{"kind":"GutsLevel", "depth":39,  "size":[48,48], "music":"Guts.ogg","script":"scripts/actors/Levels/GutsLevel", "noBuild":true},
      
"Guts5":{"kind":"HallsBossLevel", "depth":40,  "size":[32,32], "music":"ost_boss_1_fight.ogg","script":"scripts/actors/Levels/GutsLevel"},



"LastLevel_r":{"kind":"LastLevel", "depth":41,       "size":[32,32], "music":"theme.ogg"},




"portal_room_lvl5_i":{"kind":"PredesignedLevel", "depth":5, "file":"levelsDesc/LevelPortal.json", "isSafe":true , "music":"ost_portal_level" }, 
      
"portal_room_lvl10_i":{"kind":"PredesignedLevel", "depth":10, "file":"levelsDesc/LevelPortal.json", "isSafe":true , "music":"ost_portal_level" },
      
"portal_room_lvl15_i":{"kind":"PredesignedLevel", "depth":15, "file":"levelsDesc/LevelPortal.json", "isSafe":true , "music":"ost_portal_level" },

"portal_room_lvl20_i":{"kind":"PredesignedLevel", "depth":20, "file":"levelsDesc/LevelPortal.json", "isSafe":true , "music":"ost_portal_level" },

"portal_room_lvl25_i":{"kind":"PredesignedLevel", "depth":25, "file":"levelsDesc/LevelPortal.json", "isSafe":true , "music":"ost_portal_level" },

"portal_room_lvl30_i":{"kind":"PredesignedLevel", "depth":30, "file":"levelsDesc/LevelPortal.json", "isSafe":true , "music":"ost_portal_level" },

"portal_room_lvl35_i":{"kind":"PredesignedLevel", "depth":35, "file":"levelsDesc/LevelPortal.json", "isSafe":true , "music":"ost_portal_level" },

"portal_room_lvl40_i":{"kind":"PredesignedLevel", "depth":40, "file":"levelsDesc/LevelPortal.json", "isSafe":true , "music":"ost_portal_level" },



"Crab1":{"kind":"RandomLevel","depth":6,"file":"levelsDesc/KindLevel/CrabLevel.json", "music":"CrabLevel.ogg","script":"scripts/actors/Levels/CrabLevel"},

"Crab2":{"kind":"RandomLevel","depth":7,"file":"levelsDesc/KindLevel/CrabLevel.json", "music":"CrabLevel.ogg","script":"scripts/actors/Levels/CrabLevel"},

"Crab3":{"kind":"RandomLevel","depth":8,"file":"levelsDesc/KindLevel/CrabLevel.json", "music":"CrabLevel.ogg","script":"scripts/actors/Levels/CrabLevel"},

"Crab4":{"kind":"RandomLevel","depth":9,"file":"levelsDesc/KindLevel/CrabLevel.json", "music":"CrabLevel.ogg","script":"scripts/actors/Levels/CrabLevel"},
      
"Crab5":{"kind":"PredesignedLevel", "depth":10, "file":"levelsDesc/BossLevel/CrabBossLevel.json", "music":"CrabLevel.ogg","noFogOfWar":true ,"script":"scripts/actors/Levels/CrabLevel"},



"Mehanic1":{"kind":"PredesignedLevel", "depth":11, "file":"levelsDesc/KindLevel/MehanicLevel.json", "music":"MehanicLevel","script":"scripts/actors/Levels/MehanicLevel"},
      
"Mehanic2":{"kind":"PredesignedLevel", "depth":12, "file":"levelsDesc/KindLevel/MehanicLevel.json", "music":"MehanicLevel","script":"scripts/actors/Levels/MehanicLevel"},
      
"Mehanic3":{"kind":"PredesignedLevel", "depth":13, "file":"levelsDesc/KindLevel/MehanicLevel.json", "music":"MehanicLevel.ogg","script":"scripts/actors/Levels/MehanicLevel"},
      
"Mehanic4":{"kind":"PredesignedLevel", "depth":14, "file":"levelsDesc/KindLevel/MehanicLevel.json", "music":"MehanicLevel.ogg","script":"scripts/actors/Levels/MehanicLevel"},
      
"Mehanic5":{"kind":"PredesignedLevel", "depth":15, "file":"levelsDesc/BossLevel/MehanicBossLevel.json", "music":"MehanicLevel", "noFogOfWar":true ,"script":"scripts/actors/Levels/MehanicLevel"},



"DworfTown":{"kind":"PredesignedLevel", "depth":16, "file":"levelsDesc/DworfTown.json", "music":"DworfTown.ogg","noFogOfWar":true,"script":"scripts/actors/DworfTownKeeper"},

"DworfCastleTown":{"kind":"PredesignedLevel", "depth":19, "file":"levelsDesc/DworfCastle.json", "music":"DworfTown.ogg","noFogOfWar":true},

"DworfCastleHell":{"kind":"PredesignedLevel", "depth":20, "file":"levelsDesc/DworfCastleHell.json", "music":"DworfTown.ogg"},



"DworfSewer1":{"kind":"PredesignedLevel", "depth":21, "file":"levelsDesc/KindLevel/DworfSewerLevel.json", "music":"DworfSewerLevel.ogg","script":"scripts/actors/Ginerators/DworfSewer",   "tiles":"tiles_dworf_sewer.png","water":"water_portal.png"},
      
"DworfSewer2":{"kind":"PredesignedLevel", "depth":22, "file":"levelsDesc/KindLevel/DworfSewerLevel.json", "music":"DworfSewerLevel.ogg","script":"scripts/actors/Ginerators/DworfSewer"},
      
"DworfSewer3":{"kind":"PredesignedLevel", "depth":23, "file":"levelsDesc/KindLevel/DworfSewerLevel.json", "music":"DworfSewerLevel.ogg","script":"scripts/actors/Ginerators/DworfSewer"},
      
"DworfSewer4":{"kind":"PredesignedLevel", "depth":24, "file":"levelsDesc/KindLevel/DworfSewerLevel.json", "music":"DworfSewerLevel.ogg","script":"scripts/actors/Ginerators/DworfSewer"},
      
"DworfSewer5":{"kind":"PredesignedLevel", "depth":25, "file":"levelsDesc/BossLevel/DworfSewerBossLevel.json", "music":"DworfSewerLevel.ogg", "noFogOfWar":true },



"Magic1":{"kind":"RandomLevel", "depth":26, "file":"levelsDesc/KindLevel/MagicCavesLevel.json", "music":"MagicCavesLevel.ogg" ,"script":"scripts/actors/Levels/MagicCavesLevel"},
      
"Magic2":{"kind":"RandomLevel", "depth":27, "file":"levelsDesc/KindLevel/MagicCavesLevel.json", "music":"MagicCavesLevel.ogg","script":"scripts/actors/Levels/MagicCavesLevel"},
      
"Magic3":{"kind":"RandomLevel", "depth":28, "file":"levelsDesc/KindLevel/MagicCavesLevel.json", "music":"MagicCavesLevel.ogg","script":"scripts/actors/Levels/MagicCavesLevel"},
      
"Magic4":{"kind":"RandomLevel", "depth":29, "file":"levelsDesc/KindLevel/MagicCavesLevel.json", "music":"MagicCavesLevel.ogg","script":"scripts/actors/Levels/MagicCavesLevel"},
      
"Magic5":{"kind":"PredesignedLevel", "depth":30, "file":"levelsDesc/BossLevel/MagicCavesBossLevel.json", "music":"MagicCavesBossLevel.ogg","script":"scripts/actors/Levels/MagicCavesLevel"},



"LastLevel_i":{"kind":"LastLevel", "depth":31,       "size":[32,32], "music":"theme.ogg","script":"scripts/actors/Levels/MagicCavesLevel"},




      
"Skvern":{"kind":"RandomLevel", "depth":11, "file":"levelsDesc/SkvernNecropolis.json", "music":"SkvernLevel.ogg","script":"scripts/actors/Levels/SkvernLevel"},


"RandomTown":{"kind":"RandomLevel", "depth":0, "file":"levelsDesc/RandomTown.json"},


"End":{"kind":"SpiderLevel", "depth":250, "size":[1000,1000], "script":"scripts/actors/End", "music":"End.ogg",   "tiles":"tiles_end.png","water":"water_portal.png"},


"GooHash":{"kind":"PredesignedLevel", "depth":0, "file":"levelsDesc/BossLevel/GooHashBossLevel.json", "music":"GooHashLevel.ogg"}


},

   "Graph":{
"0":[["Town"],[]],
"TownShop":[[],["Town"]],
"TownMovieTheater":[[],["Town"]],
"TownChurch":[[],["Town"]],
"TownLibrary":[["ModRoom"],["Town"]],
"TownWandShop":[[],["library"]],      
"FortuneShop":[[],["Town"]],
"ModRoom":[[],["TownLibrary"]],
"Inn":[[],["Town"]],

"Town":[["TownChurch", "TownMovieTheater", "Sewer1","TownLibrary", "TownShop","FortuneShop", "Inn"],[]],


"portal_room_lvl5":[["Prison1"],["Sewer5"]],
"portal_room_lvl10":[["Caves1"],["Prison5"]],
"portal_room_lvl15":[["City1"],["Caves5"]],
"portal_room_lvl20":[["Imp"],["City5"]],
"portal_room_lvl25":[["Light1"],["Halls5"]],
"portal_room_lvl30":[["HallCastle1"],["Light5"]],
"portal_room_lvl33":[["LastLevel"],["HallCastle3"]],


"Sewer1":[["Sewer2"],["Town"]],
"Sewer2":[["Sewer3"],["Sewer1"]],
"Sewer3":[["Sewer4"],["Sewer2"]],
"Sewer4":[["Sewer5"],["Sewer3"]],
"Sewer5":[["portal_room_lvl5","portal_room_lvl5_s","portal_room_lvl5"],["Sewer4"]],


"Prison1":[["Prison2"],["portal_room_lvl5"]],
"Prison2":[["Prison3"],["Prison1"]],
"Prison3":[["Prison4"],["Prison2"]],
"Prison4":[["Prison5"],["Prison3"]],
"Prison5":[["portal_room_lvl10","portal_room_lvl10_u"],["Prison4"]],


"Caves1":[["Caves2"],["portal_room_lvl10"]],
"Caves2":[["Caves3"],["Caves1"]],
"Caves3":[["Caves4"],["Caves2"]],
"Caves4":[["Caves5"],["Caves3"]],
"Caves5":[["portal_room_lvl15","portal_room_lvl15_r"],["Caves4"]],


"City1":[["City2"],["portal_room_lvl15"]],
"City2":[["City3"],["City1"]],
"City3":[["City4"],["City2"]],
"City4":[["City5"],["City3"]],
"City5":[["portal_room_lvl20"],["City4"]],


"Imp":[["Halls2"],["portal_room_lvl20"]],
"Halls2":[["Halls3"],["Imp"]],
"Halls3":[["Halls4"],["Halls2"]],
"Halls4":[["Halls5"],["Halls3"]],
"Halls5":[["portal_room_lvl25"],["Halls4"]],

"Halls2_p":[["Halls3"],["Imp"]],
"Halls3_p":[["Halls4"],["Halls2"]],
"Halls4_p":[["Halls5"],["Halls3"]],
"Halls5_p":[["portal_room_lvl25"],["Halls4"]],


"Light1":[["Light2"],["portal_room_lvl25"]],
"Light2":[["Light3"],["Light1"]],
"Light3":[["Light4"],["Light2"]],
"Light4":[["Light5"],["Light3"]],
"Light5":[["portal_room_lvl30"],["Light4"]],


"HallCastle1":[["HallCastle2"],["portal_room_lvl30"]],
"HallCastle2":[["HallCastle3"],["HallCastle1"]],
"HallCastle3":[["portal_room_lvl33"],["HallCastle2"]],


"LastLevel":[["0"],["portal_room_lvl33"]],




"portal_room_lvl5_s":[["Rat1"],["Sewer5"]],
"portal_room_lvl10_s":[["Nest1"],["Rat5"]],
"portal_room_lvl15_s":[["Water1"],["Nest5"]],
"portal_room_lvl20_s":[["Goo1"],["Water5"]],
"portal_room_lvl25_s":[["Spider1"],["Goo5"]],
"portal_room_lvl30_s":[["CityOfTears"],["Spider5"]],
"portal_room_lvl35_s":[["Blue1"],["CityOfTears"]],
"portal_room_lvl40_s":[["LastLevel_s"],["Blue5"]],


"Rat1":[["Rat2"],["portal_room_lvl5_s"]],
"Rat2":[["Rat3"],["Rat1"]],
"Rat3":[["Rat4"],["Rat2"]],
"Rat4":[["Rat5"],["Rat3"]],
"Rat5":[["portal_room_lvl10_s"],["Rat4"]],


"Nest1":[["Nest2"],["portal_room_lvl10_s"]],
"Nest2":[["Nest3"],["Nest1"]],
"Nest3":[["Nest4"],["Nest2"]],
"Nest4":[["Nest5"],["Nest3"]],
"Nest5":[["portal_room_lvl15_s"],["Nest4"]],


"Water1":[["Water2"],["portal_room_lvl15_s"]],
"Water2":[["Water3"],["Water1"]],
"Water3":[["Water4"],["Water2"]],
"Water4":[["Water5"],["Water3"]],
"Water5":[["portal_room_lvl20_s"],["Water4"]],


"Goo1":[["Goo2"],["portal_room_lvl20_s"]],
"Goo2":[["Goo3"],["Goo1"]],
"Goo3":[["Goo4"],["Goo2"]],
"Goo4":[["Goo5"],["Goo3"]], 
"Goo5":[["portal_room_lvl25_s"],["Goo4"]], 


"Spider1":[["Spider2"],["portal_room_lvl25_s"]],
"Spider2":[["Spider3"],["Spider1"]],
"Spider3":[["Spider4"],["Spider2"]],
"Spider4":[["Spider5"],["Spider4"]],
"Spider5":[["portal_room_lvl30_s"],["Spider4"]],


"CityOfTears":[["TearsHell","TearsShop","TearsFuture","portal_room_lvl35_s"],["portal_room_lvl30_s"]],
"TearsFuture":[[],["CityOfTears"]],
"TearsHell":[["TearsLowerHell"],["CityOfTears"]],
"TearsLowerHell":[[],["TearsHell"]],
"TearsShop":[[],["CityOfTears"]],


"Blue1":[["Blue2"],["portal_room_lvl35_s"]],
"Blue2":[["Blue3"],["Blue1"]],
"Blue3":[["Blue4"],["Blue2"]],
"Blue4":[["Blue5"],["Blue3"]],
"Blue5":[["portal_room_lvl40_s"],["Blue4"]],  


"LastLevel_s":[["Sewer1"],["portal_room_lvl40_s"]],




"portal_room_lvl5_i":[["Crab1"],["Sewer5"]],
"portal_room_lvl10_i":[["Mehanic1"],["Crab5"]],
"portal_room_lvl15_i":[["DworfTown"],["Mehanic5"]],
"portal_room_lvl20_i":[["Magic1"],["DworfSewer5"]],
"portal_room_lvl25_i":[["LastLevel_i"],["Magic5"]],


"Crab1":[["Crab2"],["portal_room_lvl5_i"]], 
"Crab2":[["Crab3"],["Crab1"]],
"Crab3":[["Crab4"],["Crab2"]],
"Crab4":[["Crab5"],["Crab1"]],
"Crab5":[["portal_room_lvl10_i"],["Crab4"]],


"Mehanic1":[["Mehanic2"],["portal_room_lvl10_i"]],
"Mehanic2":[["Mehanic3"],["Mehanic1"]],
"Mehanic3":[["Mehanic4"],["Mehanic2"]],
"Mehanic4":[["Mehanic5"],["Mehanic3"]],
"Mehanic5":[["portal_room_lvl15_i"],["Mehanic4"]],


"DworfTown":[["DworfCastleTown","DworfSewer1"],["portal_room_lvl15_i"]],
"DworfCastleTown":[["DworfCastleHell"],["DworfTown"]],
"DworfCastleHell":[["Night1"],["DworfCastleTown"]],


"DworfSewer1":[["DworfSewer2"],["DworfTown"]],
"DworfSewer2":[["DworfSewer3"],["DworfSewer1"]],
"DworfSewer3":[["DworfSewer4"],["DworfSewer2"]],
"DworfSewer4":[["DworfSewer5"],["DworfSewer3"]],
"DworfSewer5":[["portal_room_lvl20_i"],["DworfSewer4"]],


"Magic1":[["Magic2"],["portal_room_lvl20_i"]],
"Magic2":[["Magic3"],["Magic1"]],
"Magic3":[["Magic4"],["Magic2"]],
"Magic4":[["Magic5"],["Magic3"]],
"Magic5":[["portal_room_lvl25_i"],["Magic4"]],


"LastLevel_i":[["Sewer1"],["portal_room_lvl25_i"]],





"portal_room_lvl10_u":[["Necro1"],["Prison4"]],
"portal_room_lvl15_u":[["Shad1"],["Necro5"]],
"portal_room_lvl20_u":[["Night1"],["Shad5"]],
"portal_room_lvl25_u":[["Skeleton1"],["Night5"]],
"portal_room_lvl30_u":[["LastLevel_u"],["Skeleton5"]],


"Necro1":[["Necro2"],["portal_room_lvl10_u"]],
"Necro2":[["Necro3"],["Necro1"]],
"Necro3":[["Necro4"],["Necro2"]],
"Necro4":[["Necro5"],["Necro3"]],
"Necro5":[["portal_room_lvl15_u"],["Necro4"]],


"Shad1":[["Shad2"],["portal_room_lvl15_u"]],
"Shad2":[["Shad3"],["Shad1"]],
"Shad3":[["Shad4"],["Shad2"]],
"Shad4":[["Shad5"],["Shad3"]],
"Shad5":[["portal_room_lvl20_u"],["Shad4"]],



"Night1":[["Night2"],["portal_room_lvl20_u"]],
"Night2":[["Night3"],["Night1"]],
"Night3":[["Night4"],["Night2"]],
"Night4":[["Night5"],["Night3"]],
"Night5":[["portal_room_lvl25_u"],["Night4"]],


"Skeleton1":[["Skeleton2"],["portal_room_lvl25_u"]],
"Skeleton2":[["Skeleton3"],["Skeleton1"]],
"Skeleton3":[["Skeleton4"],["Skeleton2"]],
"Skeleton4":[["Skeleton5"],["Skeleton3"]],
"Skeleton5":[["portal_room_lvl30"],["Skeleton4"]],


"LastLevel_u":[["Sewer1"],["portal_room_lvl30"]],




"portal_room_lvl15_r":[["Ice1"],["Caves4"]],
"portal_room_lvl20_r":[["Bandit1"],["Ice5"]],
"portal_room_lvl25_r":[["Castle1"],["Bandit5"]],
"portal_room_lvl30_r":[["Library1"],["Castle5"]],
"portal_room_lvl35_r":[["FakeLastLevel"],["Library5"]],
"portal_room_lvl40_r":[["LastLevel_r"],["Guts5"]],


"Ice1":[["Ice2"],["portal_room_lvl15_r"]],
"Ice2":[["Ice3"],["Ice1"]],
"Ice3":[["Ice4"],["Ice2"]],
"Ice4":[["Ice5"],["Ice3"]],
"Ice5":[["portal_room_lvl20_r"],["Ice4"]],


"Bandit1":[["Bandit2"],["portal_room_lvl20_r"]],
"Bandit2":[["Bandit3"],["Bandit1"]],
"Bandit3":[["Bandit4"],["Bandit2"]],
"Bandit4":[["Bandit5"],["Bandit3"]],
"Bandit5":[["portal_room_lvl25_r"],["Bandit4"]],


"Castle1":[["Castle2"],["portal_room_lvl25_r"]],
"Castle2":[["Castle3"],["Castle1"]],
"Castle3":[["Castle4"],["Castle2"]],
"Castle4":[["Castle5"],["Castle3"]],
"Castle5":[["portal_room_lvl30_r"],["Castle4"]],


"Library1":[["Library2"],["portal_room_lvl30_r"]],
"Library2":[["Library3"],["Library1"]],
"Library3":[["Library4"],["Library2"]],
"Library4":[["Library5"],["Library3"]],
"Library5":[["portal_room_lvl35_r"],["Library4"]],

"FakeLastLevel":[["Guts2"],["portal_room_lvl35_r"]],
"Guts2":[["Guts3"],["Guts1"]],
"Guts3":[["Guts4"],["Guts2"]],
"Guts4":[["Guts5"],["Guts3"]], 
"Guts5":[["portal_room_lvl40_r"],["Guts4"]],       

"LastLevel_r":[["portal_room_lvl40_r"],["portal_room_lvl40_r"]],





"GooHash":[["portal_room_lvl15"],["portal_room_lvl15"]],
"Test":[["0"],["0"]]

},
   "Entrance":"0"
}
/* Не забудь, что нужно пофиксить канализацию и синюю утробу
*/
