{
   "Levels":{
      "0":{"kind":"SewerLevel", "depth":0,        "size":[0,0]},
      "empty_interior":{"kind":"PredesignedLevel", "depth":0,  "size":[32,32], "isSafe":true, "file":"levelsDesc/empty_interior.json", "music":"ost_town_1.mp3"},
      "vwArena":{"kind":"PredesignedLevel", "depth":0, "isSafe":true, "file":"levelsDesc/vwArena.json"},

      "library":{"kind":"PredesignedLevel", "depth":0,  "size":[32,32], "noFogOfWar":true, "isStatic":true, "isSafe":true, "file":"levelsDesc/TownLibrary.json", "music":"ost_town_1.mp3"},
      "church":{"kind":"PredesignedLevel", "depth":0,  "size":[32,32], "isSafe":true,"noFogOfWar":true, "isStatic":true, "file":"levelsDesc/Church.json", "music":"ost_town_1.mp3"},
      "inn":{"kind":"PredesignedLevel", "depth":0,  "size":[32,32], "isSafe":true,"noFogOfWar":true, "isStatic":true, "file":"levelsDesc/emptiy_interor.json", "music":"ost_town_1.mp3"},
      "movie_theater":{"kind":"PredesignedLevel", "depth":0,  "size":[12,8], "isSafe":true,"noFogOfWar":true, "file":"levelsDesc/Theater.json", "music":"ost_town_1.mp3"},
      "town":{"kind":"PredesignedLevel", "depth":0, "file":"levelsDesc/Town.json", "noFogOfWar":true, "isSafe":true, "isStatic":true, "music":"ost_town_1.mp3" },
      "town_shop":{"kind":"PredesignedLevel", "depth":0, "size":[14,14], 
"file":"levelsDesc/Shop.json","isSafe":true,"noFogOfWar":true, "music":"ost_town_1.mp3"},
      "fortune_shop":{"kind":"PredesignedLevel", "depth":0, "file":"levelsDesc/FortuneShop.json", "noFogOfWar":true, "isSafe":true, "isStatic":true, "music":"ost_town_1.mp3"},
      "portal_shrine":{"kind":"PredesignedLevel", "size":[24,24], "depth":0, "file":"levelsDesc/PortalShrine.json", "isSafe":true, "isStatic":true, "noFogOfWar":true, "music":"ost_town_1.mp3"},

      "portal_room_lvl5":{"kind":"PredesignedLevel" , "depth":5 , "file":"levelsDesc/LevelPortal.json", "isSafe":true},
      "portal_room_lvl10":{"kind":"PredesignedLevel", "depth":10, "file":"levelsDesc/LevelPortal.json", "isSafe":true},
      "portal_room_lvl15":{"kind":"PredesignedLevel", "depth":15, "file":"levelsDesc/LevelPortal.json", "isSafe":true},
      "portal_room_lvl20":{"kind":"PredesignedLevel", "depth":20, "file":"levelsDesc/LevelPortal.json", "isSafe":true},
      "portal_room_lvl25":{"kind":"PredesignedLevel", "depth":25, "file":"levelsDesc/LevelPortal.json", "isSafe":true},
      "portal_room_lvl30":{"kind":"PredesignedLevel", "depth":30, "file":"levelsDesc/LevelPortal.json", "isSafe":true},
      "portal_room_lvl35":{"kind":"PredesignedLevel", "depth":35, "file":"levelsDesc/LevelPortal.json", "isSafe":true},  
      "portal_room_lvl29½":{"kind":"PredesignedLevel", "depth":29, "file":"levelsDesc/LevelPortal.json", "isSafe":true},


      "shadow_lord_level":{"kind":"ShadowLordLevel", "depth":25, "size":[20,20]},

      "6s":{"kind":"SpiderLevel", "depth":6,      "size":[16,16]},
      "7s":{"kind":"SpiderLevel", "depth":7,      "size":[32,32]},
      "8s":{"kind":"SpiderLevel", "depth":8,      "size":[40,40]},
      "9s":{"kind":"SpiderLevel", "depth":9,      "size":[48,48]},
      "10s":{"kind":"SpiderLevel", "depth":10,    "size":[64,64]},

      "necro1":{"kind":"NecroLevel", "depth":8,      "size":[32,32]},
      "necro2":{"kind":"NecroLevel", "depth":9,      "size":[32,32]},
      "necro3":{"kind":"NecroLevel", "depth":10,     "size":[32,32]},
      "necro4":{"kind":"RandomLevel", "depth":11, "file":"levelsDesc/Necro4.json"},
      "necro5":{"kind":"NecroBossLevel", "depth":12, "size":[32,32]},

      "ice1": {"kind":"RandomLevel", "depth":15, "file":"levelsDesc/ice1.json",
"music":"ost_ice_caves.mp3", "maxBrightness":1.05},
      "ice2":{"kind":"IceCavesLevel", "depth":16,      "size":[32,32], "music":"ost_ice_caves.mp3", "maxBrightness":1.05},
      "ice3":{"kind":"IceCavesLevel", "depth":17,     "size":[32,32], "music":"ost_ice_caves.mp3", "maxBrightness":1.05},
      "ice4":{"kind":"IceCavesLevel", "depth":18,     "size":[32,32], "music":"ost_ice_caves.mp3", "maxBrightness":1.05},
      "ice5":{"kind":"IceCavesBossLevel", "depth":19, "size":[32,32], "music":"ost_ice_caves.mp3", "maxBrightness":1.05},

      "Shad1":{"kind":"RandomLevel", "depth":20, "file":"levelsDesc/ShadowLevel.json"},

      "Shad2":{"kind":"RandomLevel", "depth":10, "file":"levelsDesc/ShadowLevel.json"},

      "Shad3":{"kind":"RandomLevel", "depth":3, "file":"levelsDesc/ShadowLevel.json"},

      "Shad4":{"kind":"RandomLevel", "depth":20, "file":"levelsDesc/ShadowLevel.json"},

      "Shad5":{"kind":"PredesignedLevel", "depth":20, "file":"levelsDesc/ShadowBossLevel.json"},

      "Water1":{"kind":"RandomLevel", "depth":19, "file":"levelsDesc/WaterCavesLevel.json", "feeling":"WATER"},
      "Water2":{"kind":"RandomLevel", "depth":20, "file":"levelsDesc/WaterCavesLevel.json", "feeling":"WATER"},
      "Water3":{"kind":"RandomLevel", "depth":21, "file":"levelsDesc/WaterCavesLevel.json", "feeling":"WATER"},
      "Water4":{"kind":"RandomLevel", "depth":22, "file":"levelsDesc/WaterCavesLevel.json", "feeling":"WATER"},
      "Water5":{"kind":"PredesignedLevel", "depth":24, "file":"levelsDesc/WaterCavesBossLevel.json"},


      "1":{"kind":"RandomLevel", "depth":1, "file":"levelsDesc/SewerLevel1.json"},
      "2":{"kind":"SewerLevel", "depth":2,        "size":[32,32]},
      "3":{"kind":"SewerLevel", "depth":3,        "size":[32,32]},
      "4":{"kind":"RandomLevel", "depth":4, "file":"levelsDesc/SewerLevel4.json"},
      "5":{"kind":"SewerBossLevel", "depth":5,    "size":[32,32], "music":"ost_boss_1_ambient.mp3"},
      "6":{"kind":"PrisonLevel", "depth":6,       "size":[32,32]},
      "8":{"kind":"RandomLevel", "depth":7, "file":"levelsDesc/PrisonLevel8.json"},
      "7":{"kind":"PrisonLevel", "depth":8,       "size":[32,32]},
      "9":{"kind":"PrisonLevel", "depth":9,       "size":[32,32]},
      "10":{"kind":"PrisonBossLevel", "depth":10, "size":[32,32]},
      "11":{"kind":"CavesLevel", "depth":11,      "size":[32,32], "music":"ost_caves.mp3"},
      "12":{"kind":"RandomLevel", "depth":12, "file":"levelsDesc/CavesLevel12.json", "music":"ost_caves.mp3"},
      "13":{"kind":"CavesLevel", "depth":13,      "size":[32,32], "music":"ost_caves.mp3"},
      "14":{"kind":"CavesLevel", "depth":14,      "size":[32,32], "music":"ost_caves.mp3"},
      "15":{"kind":"CavesBossLevel", "depth":15,  "size":[32,32], "music":"ost_caves.mp3"},
      "16":{"kind":"CityLevel", "depth":16,       "size":[32,32]},
      "17":{"kind":"CityLevel", "depth":17,       "size":[32,32]},
      "18":{"kind":"CityLevel", "depth":18,       "size":[32,32]},
      "19":{"kind":"RandomLevel", "depth":19, "file":"levelsDesc/CityLibraryOrCityLevel19.lua"},
      "20":{"kind":"CityBossLevel", "depth":20,   "size":[32,32]},
      "21":{"kind":"LastShopLevel", "depth":21,   "size":[32,32]},
      "22":{"kind":"HallsLevel", "depth":22,      "size":[32,32]},
      "23":{"kind":"HallsLevel", "depth":23,      "size":[32,32]},
      "24":{"kind":"HallsLevel", "depth":24,      "size":[32,32]},
 "Vither":{"kind":"PredesignedLevel", "depth":24, "file":"levelsDesc/AlfaBossVitherLevel.json"},
      "25":{"kind":"ShadowLordLevel", "depth":25, "size":[20,20]},
      "26":{"kind":"RandomLevel", "depth":26, "file":"levelsDesc/LightLevel.json", "script":"scripts/actors/WndStoryLight" },
      "27":{"kind":"RandomLevel", "depth":27, "file":"levelsDesc/LightLevel.json"},
      "28":{"kind":"RandomLevel", "depth":28, "file":"levelsDesc/LightLevel.json"},
      "29":{"kind":"RandomLevel", "depth":29, "file":"levelsDesc/LightLevel.json"},
       "-100":{"kind":"PredesignedLevel", "depth":24, "file":"levelsDesc/LightBossLevel.json" , "script":"scripts/actors/MagicCandleEffect" },
      "30":{"kind":"FakeLastLevel", "depth":30,   "size":[32,32]},
      "31":{"kind":"GutsLevel", "depth":31,       "size":[48,48]},
      "32":{"kind":"GutsLevel", "depth":32,       "size":[48,48]},
      "33":{"kind":"GutsLevel", "depth":33,       "size":[48,48]},
      "34":{"kind":"GutsLevel", "depth":34,       "size":[48,48]},
      "35":{"kind":"HallsBossLevel", "depth":35,  "size":[32,32], "music":"ost_boss_1_fight.mp3"},
      "36":{"kind":"LastLevel", "depth":36,       "size":[32,32]}
   },
   "Graph":{
      "0":[["town"],[]],
      "town_shop":[[],["town"]],
      "movie_theater":[[],["town"]],
      "church":[[],["town"]],
      "library":[[],["town"]],
      "fortune_shop":[[],["town"]],
      "portal_shrine":[[],["town"]],
      "inn":[[],["town"]],
      "town":[["portal_shrine", "inn", "library","town_shop","church" ,"movie_theater", "fortune_shop" ,"-100"],[]],
      "1":[["2"],["town"]],
      "2":[["3"],["1"]],
      "3":[["4"],["2"]],
      "4":[["5"],["3"]],
      "5":[["portal_room_lvl5","6s"],["4"]],
      "portal_room_lvl5":[["6"],["5"]],
      "6":[["7"],["portal_room_lvl5"]],
      "7":[["8", "necro1"],["6"]],
      "8":[["9"],["7"]],
      "9":[["10"],["8"]],
      "10":[["portal_room_lvl10"],["9"]],
      "portal_room_lvl10":[["11"],["10"]],
      "11":[["12"],["portal_room_lvl10"]],
      "12":[["13"],["11"]],
      "13":[["14"],["12"]],
      "14":[["15","ice1"],["13"]],
      "15":[["portal_room_lvl15"],["14"]],
      "portal_room_lvl15":[["16"],["15"]],
      "16":[["17"],["portal_room_lvl15"]],
      "17":[["18"],["16"]],
      "18":[["19", "Water1"],["17"]],
      "Water1":[["Water2"],["18"]],
      "Water2":[["Water3"],["Water1"]],
      "Water3":[["Water4"],["Water2"]],
      "Water4":[["Water5"],["Water3"]],
      "Water5":[["Water1"],["Water4"]],
      "19":[["20"],["18"]],
      "20":[["portal_room_lvl20"],["19"]],
      "portal_room_lvl20":[["21"],["20"]],
      "21":[["22"],["portal_room_lvl20"]],
      "22":[["23"],["21"]],
      "23":[["24","Shad1"],["22"]],
      "Shad1":[["Shad2"],["23"]],
      "Shad2":[["Shad3"],["Shad1"]],
      "Shad3":[["Shad4"],["Shad2"]],
      "Shad4":[["Shad5"],["Shad3"]],
      "Shad5":[["Shad1"],["Shad4"]],
      "24":[["Vither"],["23"]],
      "Vither":[["25"],["24"]],
      "25":[["portal_room_lvl25"],["24"]],
      "portal_room_lvl25":[["26"],["25"]],
      "26":[["27"],["portal_room_lvl25"]],
      "27":[["28"],["26"]],
      "28":[["29"],["27"]],
      "29":[["-100"],["28"]],
      "-100":[["portal_room_lvl29½"],["29"]],
      "portal_room_lvl29½":[["30"],["-100"]],
      "30":[["31"],["portal_room_lvl29½"]],
      "31":[["32"],["30"]],
      "32":[["33"],["31"]],
      "33":[["34"],["32"]],
      "34":[["35"],["33"]],
      "35":[["portal_room_lvl35"],["34"]],
      "portal_room_lvl35":[["35"],["36"]],
      "36":[[],["portal_room_lvl35"]],
      "6s":[["7s"],["5"],[2]],
      "7s":[["8s"],["6s"]],
      "8s":[["9s"],["7s"]],
      "9s":[["10s"],["8s"]],
      "10s":[["6s"],["9s"]],
      "necro1":[["necro2"],["7"],[2]],
      "necro2":[["necro3"],["necro1"]],
      "necro3":[["necro4"],["necro2"]],
      "necro4":[["necro5"],["necro3"]],
      "necro5":[["necro1"],["necro4"]],
      "ice1":[["ice2"],["14"]],
      "ice2":[["ice3"],["ice1"]],
      "ice3":[["ice4"],["ice2"]],
      "ice4":[["ice5"],["ice3"]],
      "ice5":[["ice1"],["ice4"]]
   },
   "Entrance":"0"
}
