{ "baseTileVar":[4, 4, 4, 4, 4, 4, 127, 1, 1, 1, 127, 4, 4, 4, 4, 4, 4, 4, 4, 4, 4, 1, 1, 1, 1, 1, 1, 1, 1, 1, 1, 1, 1, 1, 4, 14, 14, 14, 14, 4, 4, 1, 1, 1, 1, 1, 1, 1, 1, 1, 1, 1, 1, 1, 4, 14, 14, 14, 14, 4, 143, 1, 1, 1, 1, 1, 1, 1, 1, 1, 1, 1, 1, 1, 4, 14, 14, 14, 14, 4, 127, 1, 1, 1, 1, 1, 1, 1, 1, 1, 1, 1, 1, 1, 4, 4, 5, 4, 4, 4, 158, 1, 1, 1, 1, 1, 1, 138, 138, 138, 138, 138, 1, 1, 1, 1, 1, 1, 1, 4, 127, 1, 1, 1, 1, 1, 1, 219, 219, 219, 219, 219, 1, 1, 1, 1, 1, 1, 1, 4, 127, 1, 1, 1, 1, 1, 1, 4, 4, 4, 4, 4, 1, 1, 1, 1, 1, 1, 1, 4, 159, 1, 1, 1, 1, 1, 1, 4, 96, 4, 4, 4, 1, 1, 1, 1, 1, 1, 1, 4, 4, 1, 1, 1, 1, 1, 1, 4, 4, 4, 4, 4, 1, 1, 1, 1, 1, 1, 1, 4, 4, 1, 1, 1, 1, 1, 1, 4, 4, 4, 4, 4, 1, 1, 1, 1, 1, 1, 1, 4, 4, 1, 1, 1, 1, 1, 1, 4, 4, 26, 4, 4, 1, 1, 1, 1, 1, 1, 1, 4, 4, 1, 1, 1, 1, 1, 1, 1, 1, 1, 1, 1, 1, 1, 1, 1, 1, 1, 1, 4, 4, 4, 4, 4, 4, 1, 1, 1, 1, 1, 1, 1, 1, 1, 1, 1, 1, 1, 1, 4, 4, 14, 14, 14, 4, 1, 1, 1, 1, 1, 4, 4, 4, 5, 4, 4, 1, 1, 1, 4, 4, 14, 14, 14, 4, 1, 1, 1, 1, 1, 4, 14, 14, 14, 14, 4, 1, 1, 1, 4, 4, 14, 14, 14, 5, 1, 1, 1, 1, 1, 4, 14, 14, 14, 14, 4, 1, 1, 1, 4, 4, 14, 14, 14, 4, 1, 1, 7, 1, 1, 4, 14, 14, 14, 14, 4, 1, 1, 1, 4, 4, 14, 14, 14, 4, 1, 1, 1, 1, 1, 4, 14, 14, 14, 14, 4, 1, 1, 1, 4, 4, 4, 4, 4, 4, 4, 4, 4, 4, 4, 4, 4, 4, 4, 4, 4, 4, 4, 4, 4],
 "customTiles":true,
 "decoDesc":["", "", "", "", "", "", "", "", "", "", "", "", "", "", "", "", "", "", "", "", "", "", "", "", "", "", "", "", "", "", "", "", "", "", "", "", "", "", "", "", "", "", "", "", "", "", "", "", "", "", "", "", "", "", "", "", "", "", "", "", "", "", "", "", "", "", "", "", "", "", "", "", "", "", "", "", "", "", "", "", "", "", "", "", "", "", "", "", "", "", "", "", "", "", "", "", "", "", "", "", "", "", "", "", "", "", "", "", "", "", "", "", "", "", "", "", "", "", "", "", "", "", "", "", "", "", "", "", "", "", "", "", "", "", "", "", "", "", "", "", "", "", "", "", "", "", "", "", "", "", "", "", "", "", "", "", "", "", "", "", "", "", "", "", "", "", "", "", "", "", "", "", "", "", "", "", "", "", "", "", "", "", "", "", "", "", "", "", "", "", "", "", "", "", "", "", "", "", "", "", "", "", "", "", "", "", "", "", "", "", "", "", "", "", "", "", "", "", "", "", "", "", "", "", "", "", "", "", "", "", "", "", "", "", "", "", "", "", "", ""],
 "decoName":["", "", "", "", "", "", "", "", "", "", "", "", "", "", "", "", "", "", "", "", "", "", "", "", "", "", "", "", "", "", "", "", "", "", "", "", "", "", "", "", "", "", "", "", "", "", "", "", "", "", "", "", "", "", "", "", "", "", "", "", "", "", "", "", "", "", "", "", "", "", "", "", "", "", "", "", "", "", "", "", "", "", "", "", "", "", "", "", "", "", "", "", "", "", "", "", "", "", "", "", "", "", "", "", "", "", "", "", "", "", "", "", "", "", "", "", "", "", "", "", "", "", "", "", "", "", "", "", "", "", "", "", "", "", "", "", "", "", "", "", "", "", "", "", "", "", "", "", "", "", "", "", "", "", "", "", "", "", "", "", "", "", "", "", "", "", "", "", "", "", "", "", "", "", "", "", "", "", "", "", "", "", "", "", "", "", "", "", "", "", "", "", "", "", "", "", "", "", "", "", "", "", "", "", "", "", "", "", "", "", "", "", "", "", "", "", "", "", "", "", "", "", "", "", "", "", "", "", "", "", "", "", "", "", "", "", "", "", "", ""],
 "decoTileVar":[-1, 72, 73, -1, -1, -1, -1, 156, -1, 157, -1, -1, -1, -1, -1, -1, -1, 70, 71, -1, -1, -1, -1, -1, -1, -1, -1, -1, -1, -1, -1, -1, -1, 88, -1, 104, 105, 86, 132, -1, -1, -1, -1, -1, -1, -1, -1, -1, -1, -1, -1, -1, -1, -1, -1, -1, -1, -1, -1, -1, -1, -1, -1, -1, -1, -1, -1, -1, -1, -1, -1, -1, -1, -1, -1, -1, -1, -1, 121, -1, -1, -1, -1, -1, -1, -1, -1, -1, -1, -1, -1, -1, -1, -1, -1, -1, -1, -1, -1, -1, -1, -1, -1, -1, -1, -1, 137, -1, -1, -1, -1, -1, 139, -1, -1, -1, -1, -1, 90, -1, -1, -1, -1, -1, -1, -1, 153, -1, -1, -1, -1, -1, 155, -1, -1, 137, 138, 139, -1, -1, -1, -1, -1, -1, -1, -1, -1, -1, -1, -1, -1, -1, 145, -1, -1, 153, 154, 155, -1, -1, -1, -1, -1, -1, -1, -1, -1, -1, -1, -1, -1, -1, 161, -1, -1, 169, 170, 171, -1, -1, -1, -1, -1, -1, -1, -1, -1, -1, 89, -1, 89, -1, 144, -1, -1, 185, 186, 187, -1, -1, -1, -1, -1, -1, -1, -1, -1, -1, -1, -1, -1, -1, -1, -1, -1, -1, -1, -1, -1, -1, -1, -1, -1, -1, -1, -1, -1, -1, -1, -1, -1, -1, -1, -1, -1, -1, -1, -1, -1, -1, -1, 87, -1, -1, -1, -1, -1, -1, -1, -1, -1, -1, -1, -1, -1, -1, -1, -1, -1, -1, -1, 67, 68, 69, -1, -1, -1, 81, -1, -1, -1, -1, -1, -1, 147, -1, -1, -1, -1, -1, -1, 108, 84, 85, 125, -1, -1, 97, -1, -1, -1, 76, 77, -1, 126, -1, 98, 100, 103, -1, -1, 124, -1, 132, -1, -1, -1, -1, -1, -1, -1, 131, -1, -1, 164, -1, -1, -1, -1, -1, -1, -1, -1, -1, -1, -1, 147, -1, 147, -1, -1, 121, -1, -1, 164, -1, 98, 101, 103, -1, -1, 106, -1, 109, -1, -1, -1, -1, -1, -1, -1, 107, -1, -1, 164, -1, -1, -1, -1, -1, -1, 122, -1, 120, -1, -1, -1, -1, -1, -1, -1, 123, -1, 110, 165, -1, 98, 102, 103, -1, -1, -1, -1, -1, -1, -1, -1, -1, -1, -1, -1, -1, -1, -1, -1, -1, -1, -1, -1, -1],
 "entrance":[7, 17],
 "height":20,
 "map":[4, 4, 4, 4, 4, 4, 4, 4, 1, 4, 4, 4, 4, 4, 4, 4, 4, 4, 4, 4, 4, 1, 1, 1, 1, 1, 1, 1, 1, 1, 1, 1, 1, 4, 4, 4, 4, 1, 4, 4, 4, 1, 1, 1, 1, 1, 1, 1, 1, 1, 1, 1, 1, 1, 4, 1, 1, 1, 1, 4, 4, 1, 1, 1, 1, 1, 1, 1, 1, 1, 1, 1, 1, 1, 4, 1, 1, 1, 4, 4, 4, 1, 1, 1, 1, 1, 1, 1, 1, 1, 1, 1, 1, 1, 4, 4, 5, 4, 4, 4, 4, 1, 1, 1, 1, 1, 4, 4, 4, 4, 4, 4, 4, 1, 1, 1, 1, 1, 4, 4, 4, 1, 1, 1, 1, 1, 4, 4, 4, 4, 4, 4, 4, 1, 1, 4, 4, 4, 1, 4, 4, 1, 1, 1, 1, 1, 1, 4, 4, 4, 4, 4, 4, 1, 1, 4, 4, 4, 1, 4, 4, 1, 1, 1, 1, 1, 1, 4, 4, 4, 4, 4, 4, 1, 1, 4, 4, 4, 1, 4, 4, 1, 1, 1, 1, 1, 1, 4, 4, 4, 4, 4, 4, 1, 1, 4, 8, 4, 1, 4, 4, 1, 1, 1, 1, 1, 1, 4, 4, 4, 4, 4, 1, 1, 1, 1, 1, 1, 1, 4, 4, 1, 1, 1, 1, 1, 1, 4, 4, 8, 4, 4, 1, 1, 1, 1, 1, 1, 1, 4, 4, 1, 1, 1, 1, 1, 1, 1, 1, 1, 1, 1, 1, 1, 1, 1, 1, 1, 1, 4, 4, 4, 4, 4, 4, 1, 1, 4, 1, 1, 1, 1, 1, 1, 4, 1, 1, 1, 1, 4, 4, 4, 1, 1, 4, 1, 1, 4, 1, 1, 4, 4, 4, 5, 4, 4, 4, 4, 4, 4, 4, 4, 1, 4, 4, 1, 1, 1, 1, 1, 4, 4, 1, 1, 4, 4, 1, 1, 1, 4, 4, 1, 1, 1, 5, 1, 4, 1, 4, 1, 4, 4, 1, 1, 4, 4, 4, 4, 4, 4, 4, 4, 1, 4, 4, 1, 1, 7, 1, 1, 4, 4, 1, 1, 4, 4, 1, 1, 1, 4, 4, 4, 1, 4, 4, 1, 1, 1, 1, 1, 4, 4, 1, 4, 4, 4, 4, 4, 4, 4, 4, 4, 4, 4, 4, 4, 4, 4, 4, 4, 4, 4, 4, 4, 4, 4, 4, 4, 4, 4],
 "mobs":[
        {
         "kind":"DworfNPC",
         "x":11,
         "y":2
        }, 
        {
         "kind":"DworfKeeperNPC",
         "x":17,
         "y":2
        }, 
        {
         "kind":"BrokenDM300NPC",
         "x":3,
         "y":3
        }, 
        {
         "kind":"DworfMihanicNPC",
         "x":4,
         "y":4
        }, 
        {
         "kind":"WorkingDM300NPC",
         "x":1,
         "y":5
        }, 
        {
         "kind":"DworfSolder",
         "x":17,
         "y":10
        }, 
        {
         "kind":"DworfSolder",
         "x":8,
         "y":12
        }, 
        {
         "kind":"DworfSolder",
         "x":10,
         "y":12
        }, 
        {
         "kind":"DworfNPC",
         "x":1,
         "y":16
        }, 
        {
         "kind":"DworfStatueMasterNPC",
         "x":13,
         "y":17
        }],
 "multiexit":[[9, 11], [16, 9]],
 "tiles":"tiles_dworf_town.png",
 "tiles_base":"tiles_dworf_town.png",
 "tiles_deco":"tiles_dworf_town.png",
 "tiles_logic":"tiles_dworf_town.png",
 "tiles_mobs":"Mobs.png",
 "water":"water0.png",
 "width":20
}
