{ "baseTileVar":[166, 166, 166, 166, 166, 166, 166, 166, 166, 166, 166, 166, 166, 166, 166, 166, 166, 166, 166, 166, 166, 166, 166, 166, 166, 166, 95, 163, 140, 141, 142, 163, 95, 166, 166, 166, 166, 166, 166, 166, 166, 166, 166, 166, 166, 166, 95, 95, 95, 217, 95, 95, 95, 166, 166, 166, 166, 166, 166, 166, 166, 166, 166, 166, 166, 166, 174, 64, 65, 65, 65, 64, 174, 166, 166, 166, 166, 166, 166, 166, 166, 166, 166, 166, 166, 173, 174, 64, 65, 65, 65, 64, 174, 173, 166, 166, 166, 166, 166, 166, 166, 166, 166, 166, 166, 166, 174, 64, 65, 65, 65, 64, 174, 166, 166, 166, 166, 166, 166, 166, 166, 166, 166, 166, 166, 173, 174, 64, 65, 65, 65, 64, 175, 173, 166, 166, 166, 166, 166, 166, 166, 166, 166, 166, 166, 166, 174, 64, 65, 65, 65, 64, 174, 166, 166, 166, 166, 166, 166, 166, 166, 166, 166, 166, 166, 173, 174, 64, 65, 65, 65, 64, 174, 173, 166, 166, 166, 166, 166, 166, 166, 166, 166, 166, 166, 166, 174, 64, 65, 65, 65, 64, 174, 166, 166, 166, 166, 166, 166, 166, 166, 166, 166, 166, 166, 173, 174, 64, 65, 65, 65, 64, 174, 173, 166, 166, 166, 166, 166, 166, 166, 166, 166, 166, 166, 166, 174, 64, 65, 65, 65, 64, 174, 166, 166, 166, 166, 166, 166, 166, 166, 166, 166, 166, 166, 95, 95, 95, 95, 172, 95, 95, 95, 95, 166, 166, 166, 166, 166, 166, 166, 166, 166, 166, 166, 64, 65, 64, 65, 64, 65, 64, 65, 64, 166, 166, 166, 166, 166, 166, 166, 166, 166, 166, 166, 65, 64, 65, 64, 65, 64, 65, 64, 65, 166, 166, 166, 166, 166, 166, 166, 166, 166, 166, 166, 64, 65, 64, 65, 64, 65, 64, 65, 64, 166, 166, 166, 166, 166, 166, 166, 166, 166, 166, 166, 166, 166, 166, 166, 166, 166, 166, 166, 166, 166, 166, 166, 166, 166, 166, 166, 166, 166, 166, 166, 166, 166, 166, 166, 166, 166, 166, 166, 166, 166, 166, 166, 166, 166, 166, 166, 166, 166, 166, 166, 166, 166, 166, 166, 166, 166, 166, 166, 166, 166, 166, 166, 166, 166, 166, 166, 166, 166, 166, 166, 166, 166, 166, 166, 166, 166, 166, 166, 166, 166, 166, 166, 166, 166, 166],
 "customTiles":true,
 "decoDesc":["", "", "", "", "", "", "", "", "", "", "", "", "", "", "", "", "", "", "", "", "", "", "", "", "", "", "", "", "", "", "", "", "", "", "", "", "", "", "", "", "", "", "", "", "", "", "", "", "", "", "", "", "", "", "", "", "", "", "", "", "", "", "", "", "", "", "", "", "", "", "", "", "", "", "", "", "", "", "", "", "", "", "", "", "", "", "", "", "", "", "", "", "", "", "", "", "", "", "", "", "", "", "", "", "", "", "", "", "", "", "", "", "", "", "", "", "", "", "", "", "", "", "", "", "", "", "", "", "", "", "", "", "", "", "", "", "", "", "", "", "", "", "", "", "", "", "", "", "", "", "", "", "", "", "", "", "", "", "", "", "", "", "", "", "", "", "", "", "", "", "", "", "", "", "", "", "", "", "", "", "", "", "", "", "", "", "", "", "", "", "", "", "", "", "", "", "", "", "", "", "", "", "", "", "", "", "", "", "", "", "", "", "", "", "", "", "", "", "", "", "", "", "", "", "", "", "", "", "", "", "", "", "", "", "", "", "", "", "", ""],
 "decoName":["", "", "", "", "", "", "", "", "", "", "", "", "", "", "", "", "", "", "", "", "", "", "", "", "", "", "", "", "", "", "", "", "", "", "", "", "", "", "", "", "", "", "", "", "", "", "", "", "", "", "", "", "", "", "", "", "", "", "", "", "", "", "", "", "", "", "", "", "", "", "", "", "", "", "", "", "", "", "", "", "", "", "", "", "", "", "", "", "", "", "", "", "", "", "", "", "", "", "", "", "", "", "", "", "", "", "", "", "", "", "", "", "", "", "", "", "", "", "", "", "", "", "", "", "", "", "", "", "", "", "", "", "", "", "", "", "", "", "", "", "", "", "", "", "", "", "", "", "", "", "", "", "", "", "", "", "", "", "", "", "", "", "", "", "", "", "", "", "", "", "", "", "", "", "", "", "", "", "", "", "", "", "", "", "", "", "", "", "", "", "", "", "", "", "", "", "", "", "", "", "", "", "", "", "", "", "", "", "", "", "", "", "", "", "", "", "", "", "", "", "", "", "", "", "", "", "", "", "", "", "", "", "", "", "", "", "", "", "", ""],
 "decoTileVar":[-1, -1, -1, -1, -1, -1, -1, -1, -1, -1, -1, -1, -1, -1, -1, -1, -1, -1, -1, -1, -1, -1, -1, -1, -1, -1, -1, 160, -1, -1, -1, 162, -1, -1, -1, -1, -1, -1, -1, -1, -1, -1, -1, -1, -1, -1, -1, -1, -1, 168, -1, -1, -1, -1, -1, -1, -1, -1, -1, -1, -1, -1, -1, -1, -1, -1, 148, -1, -1, 184, -1, -1, 148, -1, -1, -1, -1, -1, -1, -1, -1, -1, -1, -1, -1, -1, -1, -1, -1, -1, -1, -1, -1, -1, -1, -1, -1, -1, -1, -1, -1, -1, -1, -1, -1, -1, 148, -1, -1, -1, -1, -1, 148, -1, -1, -1, -1, -1, -1, -1, -1, -1, -1, -1, -1, -1, -1, -1, -1, -1, -1, -1, -1, -1, -1, -1, -1, -1, -1, -1, -1, -1, -1, -1, -1, -1, 148, -1, -1, -1, -1, -1, 148, -1, -1, -1, -1, -1, -1, -1, -1, -1, -1, -1, -1, -1, -1, -1, -1, -1, -1, -1, -1, -1, -1, -1, -1, -1, -1, -1, -1, -1, -1, -1, -1, -1, 148, -1, -1, -1, -1, -1, 148, -1, -1, -1, -1, -1, -1, -1, -1, -1, -1, -1, -1, -1, -1, -1, -1, -1, -1, -1, -1, -1, -1, -1, -1, -1, -1, -1, -1, -1, -1, -1, -1, -1, 148, -1, -1, -1, -1, -1, 148, -1, -1, -1, -1, -1, -1, -1, -1, -1, -1, -1, -1, -1, -1, -1, -1, -1, -1, -1, -1, -1, -1, -1, -1, -1, -1, -1, -1, -1, -1, -1, -1, -1, -1, -1, -1, -1, -1, -1, -1, -1, -1, -1, -1, -1, -1, -1, -1, -1, -1, -1, -1, -1, -1, -1, -1, -1, -1, -1, -1, -1, -1, -1, -1, -1, -1, -1, -1, -1, -1, -1, -1, 167, -1, -1, -1, 216, -1, -1, -1, -1, -1, -1, -1, -1, -1, -1, -1, -1, -1, -1, -1, -1, -1, -1, -1, -1, -1, -1, -1, -1, -1, -1, -1, -1, -1, -1, -1, -1, -1, -1, -1, -1, -1, -1, -1, -1, -1, -1, -1, -1, -1, -1, -1, -1, -1, -1, -1, -1, -1, -1, -1, -1, -1, -1, -1, -1, -1, -1, -1, -1, -1, -1, -1, -1, -1, -1, -1, -1, -1, -1, -1, -1, -1, -1, -1, -1, -1, -1, -1, -1, -1, -1, -1, -1, -1, -1],
 "entrance":[9, 15],
 "height":20,
 "map":[4, 4, 4, 4, 4, 4, 4, 4, 4, 4, 4, 4, 4, 4, 4, 4, 4, 4, 4, 4, 4, 4, 4, 4, 4, 4, 4, 4, 4, 4, 4, 4, 4, 4, 4, 4, 4, 4, 4, 4, 4, 4, 4, 4, 4, 4, 4, 4, 4, 4, 4, 4, 4, 4, 4, 4, 4, 4, 4, 4, 4, 4, 4, 4, 4, 4, 4, 1, 1, 1, 1, 1, 4, 4, 4, 4, 4, 4, 4, 4, 4, 4, 4, 4, 4, 4, 1, 1, 1, 1, 1, 1, 1, 4, 4, 4, 4, 4, 4, 4, 4, 4, 4, 4, 4, 4, 4, 1, 1, 1, 1, 1, 4, 4, 4, 4, 4, 4, 4, 4, 4, 4, 4, 4, 4, 4, 1, 1, 1, 1, 1, 1, 1, 4, 4, 4, 4, 4, 4, 4, 4, 4, 4, 4, 4, 4, 4, 1, 1, 1, 1, 1, 4, 4, 4, 4, 4, 4, 4, 4, 4, 4, 4, 4, 4, 4, 1, 1, 1, 1, 1, 1, 1, 4, 4, 4, 4, 4, 4, 4, 4, 4, 4, 4, 4, 4, 4, 1, 1, 1, 1, 1, 4, 4, 4, 4, 4, 4, 4, 4, 4, 4, 4, 4, 4, 4, 1, 1, 1, 1, 1, 1, 1, 4, 4, 4, 4, 4, 4, 4, 4, 4, 4, 4, 4, 4, 4, 1, 1, 1, 1, 1, 4, 4, 4, 4, 4, 4, 4, 4, 4, 4, 4, 4, 4, 4, 4, 4, 4, 5, 4, 4, 4, 4, 4, 4, 4, 4, 4, 4, 4, 4, 4, 4, 4, 1, 1, 1, 1, 1, 1, 1, 1, 1, 4, 4, 4, 4, 4, 4, 4, 4, 4, 4, 4, 1, 1, 1, 1, 1, 1, 1, 1, 1, 4, 4, 4, 4, 4, 4, 4, 4, 4, 4, 4, 4, 1, 1, 1, 7, 1, 1, 1, 1, 4, 4, 4, 4, 4, 4, 4, 4, 4, 4, 4, 4, 4, 4, 4, 4, 4, 4, 4, 4, 4, 4, 4, 4, 4, 4, 4, 4, 4, 4, 4, 4, 4, 4, 4, 4, 4, 4, 4, 4, 4, 4, 4, 4, 4, 4, 4, 4, 4, 4, 4, 4, 4, 4, 4, 4, 4, 4, 4, 4, 4, 4, 4, 4, 4, 4, 4, 4, 4, 4, 4, 4, 4, 4, 4, 4, 4, 4, 4, 4, 4, 4, 4, 4, 4, 4],
 "mobs":[
        {
         "kind":"DworfKingNPC",
         "x":9,
         "y":3
        }, 
        {
         "kind":"DworfMaster2NPC",
         "x":7,
         "y":5
        }, 
        {
         "kind":"DworfFireElementalNPC",
         "x":11,
         "y":7
        }, 
        {
         "kind":"DworfMasterNPC",
         "x":7,
         "y":9
        }],
 "multiexit":[],
 "tiles":"tiles_dworf_town.png",
 "tiles_base":"tiles_dworf_town.png",
 "tiles_deco":"tiles_dworf_town.png",
 "tiles_logic":"tiles_dworf_town.png",
 "tiles_mobs":"Mobs.png",
 "water":"water0.png",
 "width":20
}
