{ "baseTileVar":[166, 166, 166, 166, 166, 166, 166, 166, 166, 166, 166, 166, 166, 166, 166, 166, 166, 166, 166, 166, 166, 65, 65, 65, 65, 166, 174, 174, 174, 174, 174, 174, 174, 174, 166, 64, 64, 64, 64, 166, 166, 65, 65, 65, 65, 173, 174, 174, 174, 174, 174, 174, 174, 174, 166, 64, 64, 64, 64, 166, 166, 65, 65, 65, 65, 166, 174, 174, 174, 174, 174, 174, 174, 174, 166, 64, 64, 64, 64, 166, 166, 166, 166, 166, 166, 166, 175, 174, 174, 174, 174, 174, 174, 174, 166, 166, 173, 166, 166, 166, 166, 174, 174, 174, 174, 174, 174, 174, 174, 174, 174, 174, 174, 174, 174, 174, 174, 174, 174, 166, 166, 14, 14, 14, 14, 174, 174, 174, 174, 174, 174, 174, 174, 174, 174, 174, 174, 174, 174, 166, 166, 14, 14, 14, 14, 14, 174, 174, 174, 174, 174, 174, 174, 174, 174, 174, 174, 174, 174, 166, 166, 14, 14, 14, 14, 14, 174, 174, 174, 174, 174, 174, 174, 174, 174, 174, 174, 174, 174, 166, 166, 14, 14, 14, 14, 14, 174, 174, 174, 174, 146, 174, 174, 174, 174, 174, 174, 174, 174, 166, 166, 14, 14, 14, 14, 174, 174, 174, 174, 174, 174, 174, 174, 174, 174, 174, 174, 174, 174, 166, 166, 174, 174, 174, 174, 174, 174, 174, 174, 174, 174, 174, 174, 174, 174, 174, 174, 174, 174, 166, 166, 166, 166, 166, 166, 166, 174, 174, 174, 174, 174, 174, 174, 174, 174, 174, 174, 174, 174, 166, 166, 64, 64, 64, 64, 166, 174, 174, 174, 174, 174, 174, 174, 174, 174, 174, 174, 174, 174, 166, 166, 64, 64, 64, 64, 166, 174, 174, 174, 174, 174, 174, 174, 174, 166, 166, 166, 166, 166, 166, 166, 64, 64, 64, 64, 173, 174, 174, 174, 174, 174, 174, 174, 174, 166, 64, 64, 64, 64, 166, 166, 64, 64, 64, 64, 166, 174, 174, 174, 174, 174, 174, 174, 174, 173, 64, 65, 65, 64, 166, 166, 64, 64, 64, 64, 166, 174, 174, 174, 174, 174, 174, 174, 174, 166, 64, 65, 65, 64, 166, 166, 64, 64, 64, 64, 166, 174, 174, 174, 174, 174, 174, 174, 174, 166, 64, 64, 64, 64, 166, 166, 166, 166, 166, 166, 166, 166, 166, 166, 166, 166, 166, 166, 166, 166, 166, 166, 166, 166, 166],
 "customTiles":true,
 "decoDesc":["", "", "", "", "", "", "", "", "", "", "", "", "", "", "", "", "", "", "", "", "", "", "", "", "", "", "", "", "", "", "", "", "", "", "", "", "", "", "", "", "", "", "", "", "", "", "", "", "", "", "", "", "", "", "", "", "", "", "", "", "", "", "", "", "", "", "", "", "", "", "", "", "", "", "", "", "", "", "", "", "", "", "", "", "", "", "", "", "", "", "", "", "", "", "", "", "", "", "", "", "", "", "", "", "", "", "", "", "", "", "", "", "", "", "", "", "", "", "", "", "", "", "", "", "", "", "", "", "", "", "", "", "", "", "", "", "", "", "", "", "", "", "", "", "", "", "", "", "", "", "", "", "", "", "", "", "", "", "", "", "", "", "", "", "", "", "", "", "", "", "", "", "", "", "", "", "", "", "", "", "", "", "", "", "", "", "", "", "", "", "", "", "", "", "", "", "", "", "", "", "", "", "", "", "", "", "", "", "", "", "", "", "", "", "", "", "", "", "", "", "", "", "", "", "", "", "", "", "", "", "", "", "", "", "", "", "", "", "", ""],
 "decoName":["", "", "", "", "", "", "", "", "", "", "", "", "", "", "", "", "", "", "", "", "", "", "", "", "", "", "", "", "", "", "", "", "", "", "", "", "", "", "", "", "", "", "", "", "", "", "", "", "", "", "", "", "", "", "", "", "", "", "", "", "", "", "", "", "", "", "", "", "", "", "", "", "", "", "", "", "", "", "", "", "", "", "", "", "", "", "", "", "", "", "", "", "", "", "", "", "", "", "", "", "", "", "", "", "", "", "", "", "", "", "", "", "", "", "", "", "", "", "", "", "", "", "", "", "", "", "", "", "", "", "", "", "", "", "", "", "", "", "", "", "", "", "", "", "", "", "", "", "", "", "", "", "", "", "", "", "", "", "", "", "", "", "", "", "", "", "", "", "", "", "", "", "", "", "", "", "", "", "", "", "", "", "", "", "", "", "", "", "", "", "", "", "", "", "", "", "", "", "", "", "", "", "", "", "", "", "", "", "", "", "", "", "", "", "", "", "", "", "", "", "", "", "", "", "", "", "", "", "", "", "", "", "", "", "", "", "", "", "", ""],
 "decoTileVar":[-1, 190, 125, 191, -1, -1, -1, -1, -1, -1, -1, -1, -1, -1, -1, 74, 75, 76, 77, -1, -1, -1, -1, -1, 108, -1, 90, -1, 176, 177, 178, -1, -1, 146, -1, -1, -1, -1, 120, -1, -1, 106, -1, -1, 124, -1, -1, -1, 192, 193, 194, -1, -1, -1, 172, -1, -1, -1, -1, -1, -1, 122, -1, -1, 105, -1, -1, -1, 208, 209, 210, -1, -1, -1, -1, -1, -1, 114, 115, -1, -1, -1, -1, 172, -1, -1, -1, -1, 224, 225, 226, -1, -1, -1, -1, -1, -1, -1, -1, -1, -1, -1, -1, -1, -1, -1, -1, -1, -1, -1, -1, -1, -1, -1, -1, -1, -1, -1, 90, -1, -1, -1, -1, -1, -1, -1, -1, -1, -1, -1, -1, -1, -1, -1, -1, -1, -1, -1, -1, -1, -1, -1, -1, -1, -1, -1, -1, -1, -1, -1, -1, -1, -1, -1, -1, -1, -1, -1, -1, -1, -1, -1, -1, -1, -1, -1, -1, -1, -1, -1, -1, -1, -1, -1, -1, -1, -1, -1, -1, -1, -1, -1, -1, -1, -1, -1, -1, -1, -1, -1, 80, -1, -1, -1, -1, -1, -1, -1, -1, -1, -1, -1, -1, -1, -1, -1, -1, -1, -1, -1, -1, -1, -1, -1, -1, -1, -1, -1, -1, -1, -1, -1, -1, -1, -1, -1, -1, -1, -1, -1, -1, -1, -1, -1, -1, -1, -1, -1, -1, -1, -1, -1, -1, -1, -1, -1, -1, -1, -1, -1, -1, -1, -1, -1, -1, -1, 148, -1, -1, -1, -1, 41, 41, 41, 41, -1, -1, -1, -1, -1, -1, -1, -1, -1, -1, -1, -1, -1, -1, -1, -1, 41, -1, -1, -1, 172, -1, -1, -1, -1, -1, -1, -1, -1, -1, 202, 172, 203, 126, -1, -1, 41, -1, -1, -1, -1, -1, -1, -1, -1, -1, 148, -1, -1, -1, -1, -1, -1, -1, -1, -1, -1, -1, -1, -1, -1, -1, -1, -1, -1, -1, -1, -1, -1, -1, 116, 117, 116, 117, -1, -1, 107, -1, -1, -1, -1, -1, -1, -1, 216, -1, -1, -1, -1, -1, -1, -1, -1, -1, -1, -1, 123, -1, 116, 117, -1, -1, -1, -1, -1, -1, -1, -1, -1, -1, 116, 117, -1, 121, -1, -1, -1, 89, -1, -1, -1, -1, -1, -1, -1, -1, -1, -1, -1, -1, -1, -1, 89, -1, -1],
 "entrance":[9, 17],
 "height":20,
 "map":[4, 4, 4, 4, 4, 4, 4, 4, 4, 4, 4, 4, 4, 4, 4, 4, 4, 4, 4, 4, 4, 1, 1, 1, 4, 4, 4, 1, 4, 4, 4, 1, 1, 1, 4, 1, 1, 1, 4, 4, 4, 4, 1, 1, 4, 4, 1, 1, 4, 4, 4, 1, 1, 1, 5, 1, 1, 1, 1, 4, 4, 4, 1, 1, 4, 4, 1, 1, 4, 4, 4, 1, 1, 1, 4, 1, 1, 4, 4, 4, 4, 4, 4, 5, 4, 4, 1, 1, 4, 8, 4, 1, 1, 1, 4, 4, 4, 4, 4, 4, 4, 1, 1, 1, 1, 1, 1, 1, 1, 1, 1, 1, 1, 1, 1, 1, 1, 1, 4, 4, 4, 1, 1, 1, 1, 1, 1, 1, 1, 1, 1, 1, 1, 1, 1, 1, 1, 1, 1, 4, 4, 1, 1, 1, 1, 1, 1, 1, 1, 1, 1, 1, 1, 1, 1, 1, 1, 1, 1, 4, 4, 1, 1, 1, 1, 1, 1, 1, 1, 1, 1, 1, 1, 1, 1, 1, 1, 1, 1, 4, 4, 1, 1, 1, 1, 1, 1, 1, 1, 1, 4, 1, 1, 1, 1, 1, 1, 1, 1, 4, 4, 1, 1, 1, 1, 1, 1, 1, 1, 1, 1, 1, 1, 1, 1, 1, 1, 1, 1, 4, 4, 1, 1, 1, 1, 1, 1, 1, 1, 1, 1, 1, 1, 1, 1, 1, 1, 1, 1, 4, 4, 4, 4, 4, 4, 4, 1, 1, 1, 1, 1, 1, 1, 1, 1, 1, 4, 1, 1, 4, 4, 4, 4, 4, 4, 4, 1, 1, 1, 1, 1, 1, 1, 1, 1, 1, 1, 1, 1, 4, 4, 4, 1, 1, 1, 5, 1, 1, 1, 1, 1, 1, 1, 1, 4, 4, 5, 4, 4, 4, 4, 4, 1, 1, 1, 4, 1, 1, 1, 1, 1, 4, 1, 1, 4, 1, 1, 1, 1, 4, 4, 1, 1, 1, 1, 4, 1, 1, 1, 1, 1, 1, 1, 1, 4, 1, 1, 1, 1, 4, 4, 4, 1, 1, 1, 4, 1, 1, 1, 7, 1, 1, 1, 1, 4, 1, 1, 1, 1, 4, 4, 4, 1, 1, 1, 4, 1, 1, 1, 1, 1, 1, 1, 1, 4, 1, 1, 1, 4, 4, 4, 4, 4, 4, 4, 4, 4, 4, 4, 4, 4, 4, 4, 4, 4, 4, 4, 4, 4, 4],
 "mobs":[
        {
         "kind":"DworfNPC",
         "x":3,
         "y":2
        }, 
        {
         "kind":"DworfNPC",
         "x":17,
         "y":2
        }, 
        {
         "kind":"DworfGuard",
         "x":8,
         "y":5
        }, 
        {
         "kind":"DworfGuard",
         "x":10,
         "y":5
        }, 
        {
         "kind":"DworfMonkNPC",
         "x":1,
         "y":6
        }, 
        {
         "kind":"DworfMonkNPC",
         "x":2,
         "y":6
        }, 
        {
         "kind":"DworfMonkNPC",
         "x":3,
         "y":6
        }, 
        {
         "kind":"DworfMonkNPC",
         "x":1,
         "y":8
        }, 
        {
         "kind":"DworfMonkNPC",
         "x":2,
         "y":8
        }, 
        {
         "kind":"DworfMonkNPC",
         "x":3,
         "y":8
        }, 
        {
         "kind":"UpDworfMonkNPC",
         "x":5,
         "y":8
        }, 
        {
         "kind":"DworfNPC",
         "x":17,
         "y":9
        }, 
        {
         "kind":"DworfMonkNPC",
         "x":1,
         "y":10
        }, 
        {
         "kind":"DworfMonkNPC",
         "x":2,
         "y":10
        }, 
        {
         "kind":"DworfMonkNPC",
         "x":3,
         "y":10
        }, 
        {
         "kind":"DworfWomenNPC",
         "x":12,
         "y":12
        }, 
        {
         "kind":"UpWarlokNPC",
         "x":3,
         "y":16
        }],
 "multiexit":[[9, 4]],
 "tiles":"tiles_dworf_town.png",
 "tiles_base":"tiles_dworf_town.png",
 "tiles_deco":"tiles_dworf_town.png",
 "tiles_logic":"tiles_dworf_town.png",
 "tiles_mobs":"Mobs.png",
 "water":"water0.png",
 "width":20
}
