
 {
   "width":15,
   "height":16,
   "map":[
4,4,4,4,4,4,4,4,4,4,4,4,4,4,4,
4,4,4,4,4,4,4,4,4,4,4,4,4,4,4,
4,4,4,4,4,4,4,4,4,4,4,4,4,4,4,
4,4,4,1,1,1,1,7,1,1,1,1,4,4,4,
4,4,4,1,1,1,1,1,1,1,1,1,4,4,4,
4,4,4,1,1,1,1,1,1,1,1,1,4,4,4,
4,4,4,1,1,1,1,1,1,1,1,1,4,4,4,
4,4,4,1,1,1,1,11,1,1,1,1,4,4,4,
4,4,4,1,1,1,1,1,1,1,1,1,4,4,4,
4,4,4,1,1,1,1,1,1,1,1,1,4,4,4,
4,4,4,1,1,1,1,1,1,1,1,1,4,4,4,
4,4,4,4,4,4,4,4,4,4,4,4,4,4,4,
4,4,4,4,4,4,4,4,4,4,4,4,4,4,4,
4,4,4,4,4,4,4,8,4,4,4,4,4,4,4,
4,4,4,4,4,4,4,4,4,4,4,4,4,4,4
],
   "tiles":"tiles_ice_castle.png",
   "water":"water1.png",
   "entrance":[7,3],
   "exit":[7,13],
   "mobs":[{"kind":"IceKing","x":7,"y":7}]
}