{
   "width":16,
   "height":19,
   "map":[ 
           4, 4, 4, 4, 4, 4, 4, 4, 25, 4, 4, 4, 4, 4, 4, 4, 
           4, 1, 1, 1, 1, 1, 1, 1, 1, 1, 1, 1, 1, 1, 1, 4,
           4, 1, 4, 1, 1, 1, 1, 1, 1, 1, 1, 1, 1, 4, 1, 4,
           4, 1, 1, 1, 1, 1, 1, 1, 1, 1, 1, 1, 1, 1, 1, 4,
           4, 1, 4, 1, 1, 1, 1, 1, 1, 1, 1, 1, 1, 4, 1, 4,
           4, 1, 1, 1, 1, 1, 1, 1, 1, 1, 1, 1, 1, 1, 1, 4,
           4, 1, 4, 1, 1, 1, 1, 1, 1, 1, 1, 1, 1, 4, 1, 4,
           4, 1, 1, 1, 1, 1, 1, 1, 1, 1, 1, 1, 1, 1, 1, 4,
           4, 1, 4, 1, 1, 1, 1, 1, 1, 1, 1, 1, 1, 4, 1, 4,
           4, 1, 1, 1, 1, 1, 1, 1, 1, 1, 1, 1, 1, 1, 1, 4,
           4, 1, 4, 1, 1, 1, 1, 1, 1, 1, 1, 1, 1, 4, 1, 4,
           4, 1, 1, 1, 1, 1, 1, 1, 1, 1, 1, 1, 1, 1, 1, 4,
           4, 1, 4, 1, 1, 1, 1, 1, 1, 1, 1, 1, 1, 4, 1, 4,
           4, 1, 1, 1, 1, 1, 1, 1, 1, 1, 1, 1, 1, 1, 1, 4,
           4, 4, 4, 4, 12, 4, 4, 4, 5, 4, 4, 4, 12, 4, 4, 4,
           4, 1, 1, 1, 1, 1, 1, 1, 1, 1, 1, 1, 1, 1, 1, 4,
           4, 1, 1, 1, 1, 1, 1, 1, 1, 1, 1, 1, 1, 1, 1, 4,
           4, 1, 1, 1, 1, 1, 1, 1, 7, 1, 1, 1, 1, 1, 1, 4,
           4, 4, 4, 4, 4, 4, 4, 4, 4, 4, 4, 4, 4, 4, 4, 4           
         ],
   "tiles":"tiles_light_level.png",
   "water":"water1.png",
   "exit":[8,1],
   "entrance":[8,17],
   "mobs":[
{"kind":"WarlokBoss","x":8,"y":6},
 {"kind":"LightCrystal","x":2,"y":2},
 {"kind":"LightCrystal","x":2,"y":12}, 
{"kind":"LightCrystal","x":13,"y":2}, 
{"kind":"LightCrystal","x":13,"y":12}
 ],
"objects":[
        {
         "kind":"Deco",
         "object_desc":"MagicCandle",
         "x":7,
         "y":15
        }, 
        {
         "kind":"Deco",
         "object_desc":"MagicCandle",
         "x":9,
         "y":15
        }, 
        {
         "kind":"Deco",
         "object_desc":"MagicCandle",
         "x":7,
         "y":13
        }, 
        {
         "kind":"Deco",
         "object_desc":"MagicCandle",
         "x":9,
         "y":13
        }]
}