{
   "width":100,
   "height":100,

   "tiles":"tiles_castle_level.png",
   "water":"water4.png",
   
    "rooms":[ "NULL" ,"NULL" ,"NULL", "NULL" ,"NULL" ],
 "items": [
      {"kind":"ScrollOfUpgrade"},
      {"kind":"ScrollOfUpgrade"},
      {"kind":"ScrollOfUpgrade"},
      {"kind": "WandOfGoodMage"},
      {"kind":"WandOfPossess"},
      {"kind":"WandOfLightbolt"},
      {"kind":"WandOfFireRune"},
      {"kind":"BlessWand"},
      {"kind":"BlackWand2"},
      {"kind":"WandOfMagicbolt"},
      {"kind":"WandOfFrizing"},
      {"kind":"WandOfCrystalion"},
      {"kind": "WandOfRock"}
    ]
}