{
"baseTileVar":[
1, -1, -1, -1, -1, -1, -1, -1, -1, -1, -1, -1, -1, -1, -1, -1, -1, -1, -1, 4, 4, 4, 4, 4, -1, -1, -1, -1, -1, -1, -1, -1, -1, -1, 4, 4, 4, 4, 4, -1, -1, -1, -1, -1, -1, -1, -1, -1, -1, 4, 4, 4, 4, 4, -1, -1, -1, -1, -1, -1, -1, -1, -1, -1, -1, -1, -1, -1, -1, -1, -1, -1, -1, -1, -1, -1, -1, -1, -1, -1, -1, -1, -1, -1, -1, -1, -1, -1, -1, -1, -1, -1, -1, -1, -1, -1, -1, -1, -1, -1, -1, -1, -1, -1, -1, -1, -1, 4, 4, 4, 4, 4, 4, 4, 4, 4, -1, -1, -1, -1, -1, -1, 117, 117, 117, 117, 117, 117, 117, 117, 117, 117, -1, -1, -1, -1, -1, 116, 116, 116, 116, 116, 116, 116, 116, 116, 116, -1, -1, -1, -1, -1, 116, 116, 116, 116, 116, 116, 116, 116, 116, 116, -1, -1, -1, -1, -1, 116, 116, 116, 116, 116, 116, 116, 116, 116, 116, -1, -1, -1, -1, -1, 117, 117, 117, 117, 117, 117, 117, 117, 117, 117, -1, -1, -1, -1, -1, -1, -1, -1, -1, -1, -1, -1, -1, -1, -1, -1, -1, -1, -1, -1, -1, -1, -1, -1, -1, -1, -1, -1, -1, -1, -1, -1, -1
],
"customTiles":true,
"decoTileVar":[-1, -1, -1, -1, -1, -1, -1, -1, -1, -1, -1, -1, -1, -1, -1, -1, -1, -1, -1, 128, 129, 130, 131, 132, -1, -1, -1, -1, -1, -1, -1, -1, -1, -1, 144, 145, 146, 147, 148, -1, -1, -1, -1, -1, -1, -1, -1, -1, -1, 160, 161, 162, 163, 164, -1, -1, -1, -1, -1, -1, -1, -1, 225, 225, 225, 225, 225, 225, 225, 225, 225, -1, -1, -1, -1, -1, -1, 241, 241, 241, 241, 241, 241, 241, 241, 241, -1, -1, -1, -1, -1, -1, 257, 257, 257, 257, 257, 257, 257, 257, 257, -1, -1, -1, -1, -1, -1, 181, -1, 197, -1, 181, -1, 229, -1, 213, -1, -1, -1, -1, -1, 165, -1, 149, -1, 133, -1, 149, -1, 133, -1, 149, -1, -1, -1, -1, -1, -1, -1, -1, -1, -1, -1, -1, -1, -1, -1, 165, -1, -1, -1, -1, -1, -1, -1, -1, -1, -1, -1, -1, -1, -1, -1, -1, -1, -1, -1, -1, -1, -1, -1, -1, -1, -1, -1, -1, -1, 165, -1, -1, -1, 165, -1, 149, -1, 133, -1, 149, -1, 133, -1, 149, -1, -1, -1, -1, -1, -1, -1, -1, -1, -1, -1, -1, -1, -1, -1, -1, -1, -1, -1, -1, -1, -1, -1, -1, -1, -1, -1, -1, -1, -1, -1, -1, -1
],
"map":[
4, 4, 4, 4, 4, 4, 4, 4, 4, 4, 4, 4, 4, 4, 4, 4, 4, 4, 4, 35, 35, 35, 35, 35, 4, 4, 4, 4, 4, 4, 4, 4, 4, 4, 35, 35, 35, 35, 35, 4, 4, 4, 4, 4, 4, 4, 4, 4, 4, 35, 35, 35, 35, 35, 4, 4, 4, 4, 4, 4, 4, 4, 35, 35, 35, 35, 35, 35, 35, 35, 35, 4, 4, 4, 4, 4, 4, 35, 35, 35, 35, 35, 35, 35, 35, 35, 4, 4, 4, 4, 4, 4, 35, 35, 35, 35, 35, 35, 35, 35, 35, 4, 4, 4, 4, 4, 4, 35, 35, 35, 35, 35, 35, 35, 35, 35, 4, 4, 4, 4, 4, 4, 1, 1, 1, 1, 1, 1, 1, 1, 1, 1, 4, 4, 4, 4, 4, 1, 1, 1, 1, 1, 1, 1, 1, 1, 1, 4, 4, 4, 4, 7, 1, 1, 1, 1, 1, 1, 1, 1, 1, 1, 8, 4, 4, 4, 4, 1, 1, 1, 1, 1, 1, 1, 1, 1, 1, 4, 4, 4, 4, 4, 1, 1, 1, 1, 1, 1, 1, 1, 1, 1, 4, 4, 4, 4, 4, 4, 4, 4, 4, 4, 4, 10, 4, 4, 4, 4, 4, 4, 4, 4, 4, 4, 4, 4, 4, 4, 4, 4, 4, 4, 4, 4, 4
],
 "entrance":[1,10],
 "tiles":"tiles_city_of_tears.png",
 "tiles_base":"tiles_city_of_tears.png",
 "exit":[12,10],
 "tiles_deco":"tiles_city_of_tears.png",
 "tiles_logic":"tiles_city_of_tears.png",
 "water":"water_city_of_tears.png",
 "width":15,
 "height":15
}