{ "baseTileVar":[8, 8, 8, 8, 8, 8, 8, 8, 8, 8, 8, 1, 1, 1, 1, 1, 1, 1, 1, 8, 8, 17, 17, 17, 17, 17, 17, 17, 17, 8, 8, 17, 17, 17, 33, 33, 17, 17, 17, 8, 8, 17, 17, 48, 49, 49, 50, 17, 17, 8, 8, 17, 17, 48, 49, 49, 50, 17, 17, 8, 8, 17, 17, 17, 65, 65, 17, 17, 17, 8, 8, 17, 17, 17, 17, 17, 17, 17, 17, 8, 8, 1, 1, 1, 1, 1, 1, 1, 1, 8, 8, 8, 8, 8, 8, 8, 8, 8, 8, 8],
 "customTiles":true,
 "deco2TileVar":[-1, -1, -1, -1, -1, -1, -1, -1, -1, -1, -1, -1, -1, -1, -1, -1, -1, -1, -1, -1, -1, -1, -1, -1, -1, -1, -1, -1, -1, -1, -1, -1, -1, -1, -1, -1, -1, -1, 128, -1, -1, -1, -1, -1, -1, -1, -1, -1, -1, -1, -1, -1, -1, -1, -1, -1, -1, -1, -1, -1, -1, -1, -1, -1, -1, -1, -1, -1, -1, -1, -1, -1, -1, -1, -1, -1, -1, -1, -1, -1, -1, -1, -1, -1, -1, -1, -1, -1, -1, -1, -1, -1, -1, -1, -1, -1, -1, -1, -1, -1],
 "decoDesc":["", "", "", "", "", "", "", "", "", "", "", "", "", "", "", "", "", "", "", "", "", "", "", "", "", "", "", "", "", "", "", "", "", "", "", "", "", "", "", "", "", "", "", "", "", "", "", "", "", "", "", "", "", "", "", "", "", "", "", "", "", "", "", "", "", "", "", "", "", "", "", "", "", "", "", "", "", "", "", "", "", "", "", "", "", "", "", "", "", "", "", "", "", "", "", "", "", "", "", "", "", "", "", "", "", "", "", "", "", "", "", "", "", "", "", "", "", "", "", "", "", "", "", "", "", "", "", "", "", "", "", "", "", "", "", "", "", "", "", "", "", "", "", "", "", "", "", "", "", "", "", "", "", "", "", "", "", "", "", "", "", "", "", "", "", "", "", "", "", "", "", "", "", "", "", "", "", "", "", "", "", "", "", "", "", "", "", "", "", "", "", "", "", "", "", "", "", "", "", "", "", "", "", "", "", "", "", "", "", "", "", "", "", "", "", "", "", "", "", "", "", "", "", "", "", "", "", "", "", "", "", "", "", "", "", "", "", "", "", "", "", "", "", "", "", "", "", "", "", "", "", "", "", "", "", ""],
 "decoName":["", "", "", "", "", "", "", "", "", "", "", "", "", "", "", "", "", "", "", "", "", "", "", "", "", "", "", "", "", "", "", "", "", "", "", "", "", "", "", "", "", "", "", "", "", "", "", "", "", "", "", "", "", "", "", "", "", "", "", "", "", "", "", "", "", "", "", "", "", "", "", "", "", "", "", "", "", "", "", "", "", "", "", "", "", "", "", "", "", "", "", "", "", "", "", "", "", "", "", "", "", "", "", "", "", "", "", "", "", "", "", "", "", "", "", "", "", "", "", "", "", "", "", "", "", "", "", "", "", "", "", "", "", "", "", "", "", "", "", "", "", "", "", "", "", "", "", "", "", "", "", "", "", "", "", "", "", "", "", "", "", "", "", "", "", "", "", "", "", "", "", "", "", "", "", "", "", "", "", "", "", "", "", "", "", "", "", "", "", "", "", "", "", "", "", "", "", "", "", "", "", "", "", "", "", "", "", "", "", "", "", "", "", "", "", "", "", "", "", "", "", "", "", "", "", "", "", "", "", "", "", "", "", "", "", "", "", "", "", "", "", "", "", "", "", "", "", "", "", "", "", "", "", "", "", ""],
 "decoTileVar":[-1, -1, -1, -1, -1, -1, -1, -1, -1, -1, 36, 53, 69, 52, -1, -1, 52, 68, 70, 37, 36, 53, 85, -1, -1, -1, -1, 84, 86, 37, 36, -1, -1, 32, -1, -1, 34, -1, 99, 37, 36, -1, -1, -1, -1, -1, -1, -1, 116, 37, 36, -1, -1, -1, -1, -1, -1, -1, -1, 37, 36, -1, -1, 64, -1, -1, 66, -1, -1, 37, 36, -1, -1, -1, -1, -1, -1, -1, -1, 37, 36, -1, -1, -1, 82, -1, 52, -1, -1, 37, -1, -1, -1, -1, -1, -1, -1, -1, -1, -1],
 "entrance":[4, 8],
 "height":10,
 "map":[4, 4, 4, 4, 4, 4, 4, 4, 4, 4, 4, 8, 4, 4, 4, 4, 4, 4, 4, 4, 4, 1, 1, 1, 1, 1, 1, 1, 1, 4, 4, 1, 1, 1, 1, 1, 1, 1, 4, 4, 4, 1, 1, 1, 1, 1, 1, 1, 4, 4, 4, 1, 1, 1, 1, 1, 1, 1, 1, 4, 4, 1, 1, 1, 1, 1, 1, 1, 1, 4, 4, 1, 1, 1, 1, 1, 1, 1, 1, 4, 4, 4, 4, 4, 7, 4, 4, 4, 4, 4, 4, 4, 4, 4, 4, 4, 4, 4, 4, 4],
 "multiexit":[[1, 1]],
"mobs":[
        {
         "kind":"LibrarianNPC",
         "x":5,
         "y":4
        }],
 "objects":[
        {
         "kind":"LibraryBook",
         "x":1,
         "y":4
        }, 
        {
         "kind":"LibraryBook",
         "x":1,
         "y":6
        }, 
        {
         "kind":"LibraryBook",
         "x":3,
         "y":2
        }],
 "tiles":"tiles_town_inside.png",
 "tiles_base":"tiles_town_inside.png",
 "tiles_deco":"tiles_town_inside.png",
 "tiles_deco2":"tiles_town_inside.png",
 "tiles_logic":"tiles0.png",
 "water":"water0.png",
 "width":10
}