{ "baseTileVar":[98, 97, 97, 96, 96, 98, 96, 98, 97, 96, 96, 98, 96, 98, 97, 0, 1, 1, 211, 3, 1, 1, 1, 1, 1, 1, 2, 96, 96, 16, 80, 80, 80, 4, 131, 131, 131, 131, 131, 131, 18, 98, 96, 16, 81, 82, 81, 80, 131, 131, 36, 1, 52, 131, 18, 98, 98, 16, 81, 82, 80, 81, 131, 131, 131, 131, 131, 131, 18, 96, 96, 16, 80, 82, 81, 20, 131, 131, 36, 1, 52, 131, 18, 97, 96, 16, 80, 80, 82, 18, 131, 131, 131, 131, 131, 131, 18, 97, 96, 32, 1, 80, 1, 19, 1, 1, 1, 1, 1, 1, 34, 97, 98, 97, 96, 96, 97, 98, 96, 96, 98, 97, 97, 98, 97, 98, 96, 96, 96, 96, 96, 96, 96, 96, 96, 96, 96, 96, 96, 96],
 "customTiles":true,
 "deco2TileVar":[-1, -1, -1, -1, -1, -1, -1, -1, -1, -1, -1, -1, -1, -1, -1, -1, -1, -1, -1, -1, -1, -1, -1, -1, -1, -1, -1, -1, -1, -1, 62, 76, -1, -1, -1, -1, -1, -1, -1, -1, -1, -1, -1, -1, -1, -1, -1, -1, -1, -1, -1, -1, -1, -1, -1, -1, -1, -1, -1, -1, -1, -1, -1, -1, -1, -1, -1, -1, -1, -1, -1, -1, -1, -1, -1, -1, -1, -1, -1, -1, -1, -1, -1, -1, -1, -1, -1, -1, -1, -1, -1, -1, -1, -1, -1, -1, -1, -1, -1, -1, -1, -1, -1, -1, -1, -1, -1, -1, -1, -1, -1, -1, -1, -1, -1, 245, -1, -1, -1, -1, -1, -1, -1, -1, -1, -1, -1, -1, -1, -1, -1, -1, -1, -1, -1, -1, -1, -1, -1, -1],
 "decoDesc":["town_deco_wall_desc", "town_deco_wall_desc", "town_deco_wall_desc", "town_deco_wall_desc", "town_deco_wall_desc", "town_deco_shelf_desc", "town_deco_potions_desc", "town_deco_scrolls_desc", "town_deco_scrolls_desc", "town_deco_medicine_desc", "town_deco_wooden_drawer_desc", "town_deco_carpet_desc", "town_deco_carpet_desc", "town_deco_carpet_desc", "", "", "town_deco_wall_desc", "town_deco_wall_desc", "town_deco_wall_desc", "town_deco_wall_desc", "town_deco_wall_desc", "town_deco_shelf_desc", "town_deco_potions_desc", "town_deco_wall_desc", "town_deco_scrolls_desc", "town_deco_medicine_desc", "town_deco_wooden_drawer_desc", "town_deco_carpet_desc", "town_deco_scrolls_desc", "town_deco_carpet_desc", "", "", "town_deco_wall_desc", "town_deco_wall_desc", "town_deco_wall_desc", "town_deco_wall_desc", "town_deco_wall_desc", "town_deco_shieldboard_desc", "town_deco_shieldboard_desc", "town_deco_emptyboard_desc", "town_deco_emptyboard_desc", "town_deco_weaponboard_desc", "town_deco_weaponboard_desc", "town_deco_counter_desc", "town_deco_counter_desc", "town_deco_counter_desc", "", "", "town_deco_wall_desc", "town_deco_wall_desc", "town_deco_wall_desc", "town_deco_wall_desc", "town_deco_wall_desc", "town_deco_wooden_table_desc", "town_deco_wooden_table_desc", "town_deco_wooden_bench_desc", "town_deco_wooden_bench_desc", "town_deco_wooden_bench_desc", "town_deco_wooden_bench_desc", "town_deco_wooden_table_desc", "town_deco_wooden_table_desc", "town_table_fortune_desc", "town_deco_misc_desc", "town_deco_trapdoor_desc", "town_deco_wall_desc", "town_deco_window_desc", "town_deco_wall_beam_desc", "town_deco_wall_desc", "town_deco_wall_desc", "town_deco_wooden_chair_desc", "town_deco_wooden_chair_desc", "town_deco_wooden_chair_desc", "town_deco_clock_desc", "town_deco_pedestal_desc", "town_deco_weaponboard_desc", "town_deco_weaponboard_desc", "town_deco_painting_desc", "town_deco_painting_desc", "town_deco_curtains_desc", "town_deco_curtains_desc", "town_deco_floor_desc", "town_deco_floor_desc", "town_deco_floor_desc", "1", "town_deco_porch_desc", "town_deco_chest_desc", "town_deco_chest_desc", "town_deco_pedestal_desc", "town_deco_screen_desc", "town_deco_screen_desc", "town_deco_carpet_desc", "town_deco_screen_desc", "town_deco_carpet_desc", "town_deco_carpet_desc", "", "", "town_deco_snow_desc", "town_deco_snow_desc", "town_deco_snow_desc", "town_deco_carpet_desc", "town_deco_porch_desc", "town_deco_grandclock_desc", "town_deco_keysboard_desc", "town_deco_keysboard_desc", "town_deco_screen_desc", "town_deco_screen_desc", "town_deco_screen_desc", "town_deco_common_bed_desc", "town_deco_common_bed_desc", "town_deco_carpet_desc", "", "", "town_deco_wall_desc", "town_deco_wall_candles_desc", "town_deco_wall_beam_desc", "town_deco_wall_desc", "town_deco_porch_desc", "town_deco_grandclock_desc", "town_deco_bar_desc", "town_deco_flowerinthepot_desc", "town_deco_carpet_desc", "town_deco_carpet_desc", "town_deco_carpet_desc", "town_deco_common_bed_desc", "town_deco_common_bed_desc", "town_deco_sofa_desc", "", "", "town_deco_floor_desc", "town_deco_floor_desc", "town_deco_floor_desc", "town_deco_carpet_desc", "town_deco_porch_desc", "town_deco_filmtape_desc", "town_deco_flowerinthepot_desc", "town_deco_flowerinthepot_desc", "town_deco_carpet_desc", "town_deco_carpet_desc", "town_deco_carpet_desc", "town_deco_carpet_desc", "1", "town_deco_carpet_desc", "", "", "town_deco_wooden_stairs_desc", "town_deco_carpet_desc", "town_deco_carpet_desc", "town_deco_carpet_desc", "town_deco_canvas_desc", "town_deco_canvas_desc", "town_deco_canvas_desc", "town_deco_canvas_desc", "town_deco_canvas_desc", "town_deco_curtains_desc", "town_deco_projector_desc", "1", "1", "1", "1", "", "town_deco_rug_desc", "town_deco_rug_desc", "town_deco_carpet_desc", "town_deco_carpet_desc", "town_deco_canvas_desc", "town_deco_canvas_desc", "town_deco_canvas_desc", "town_deco_canvas_desc", "town_deco_canvas_desc", "town_deco_wooden_drawer_desc", "town_deco_filmtape_desc", "1", "1", "1", "1", "", "town_deco_rug_desc", "town_deco_rug_desc", "town_deco_rug_desc", "town_deco_rug_desc", "1", "1", "1", "1", "1", "1", "1", "1", "1", "1", "1", "", "town_deco_rug_desc", "town_deco_rug_desc", "town_deco_rug_desc", "1", "1", "1", "1", "1", "1", "1", "1", "1", "1", "1", "1", "", "town_deco_library_books_desc", "town_deco_wallpaper_desc", "town_deco_library_books_desc", "town_deco_wall_desc", "1", "1", "1", "1", "1", "1", "1", "1", "1", "1", "1", "", "town_deco_library_books_desc", "town_deco_library_books_desc", "town_deco_library_books_desc", "town_deco_wooden_stairs_desc", "1", "1", "1", "1", "1", "1", "1", "1", "1", "1", "1", "", "", "", "", "", "", "", "", "", "", "", "", "", "", "", "", ""],
 "decoName":["town_deco_wall_name", "town_deco_wall_name", "town_deco_wall_name", "town_deco_wall_name", "town_deco_wall_name", "town_deco_shelf_name", "town_deco_potions_name", "town_deco_scrolls_name", "town_deco_scrolls_name", "town_deco_medicine_name", "town_deco_wooden_drawer_name", "town_deco_carpet_name", "town_deco_carpet_name", "town_deco_carpet_name", "", "", "town_deco_wall_name", "town_deco_wall_name", "town_deco_wall_name", "town_deco_wall_name", "town_deco_wall_name", "town_deco_shelf_name", "town_deco_potions_name", "town_deco_wall_name", "town_deco_scrolls_name", "town_deco_medicine_name", "town_deco_wooden_drawer_name", "town_deco_carpet_name", "town_deco_scrolls_name", "town_deco_carpet_name", "", "", "town_deco_wall_name", "town_deco_wall_name", "town_deco_wall_name", "town_deco_wall_name", "town_deco_wall_name", "town_deco_shieldboard_name", "town_deco_shieldboard_name", "town_deco_emptyboard_name", "town_deco_emptyboard_name", "town_deco_weaponboard_name", "town_deco_weaponboard_name", "town_deco_counter_name", "town_deco_counter_name", "town_deco_counter_name", "", "", "town_deco_wall_name", "town_deco_wall_name", "town_deco_wall_name", "town_deco_wall_name", "town_deco_wall_name", "town_deco_wooden_table_name", "town_deco_wooden_table_name", "town_deco_wooden_bench_name", "town_deco_wooden_bench_name", "town_deco_wooden_bench_name", "town_deco_wooden_bench_name", "town_deco_wooden_table_name", "town_deco_wooden_table_name", "town_table_fortune_name", "town_deco_misc_name", "town_deco_trapdoor_name", "town_deco_wall_name", "town_deco_window_name", "town_deco_wall_beam_name", "town_deco_wall_name", "town_deco_wall_name", "town_deco_wooden_chair_name", "town_deco_wooden_chair_name", "town_deco_wooden_chair_name", "town_deco_clock_name", "town_deco_pedestal_name", "town_deco_weaponboard_name", "town_deco_weaponboard_name", "town_deco_painting_name", "town_deco_painting_name", "town_deco_curtains_name", "town_deco_curtains_name", "town_deco_floor_name", "town_deco_floor_name", "town_deco_floor_name", "1", "town_deco_porch_name", "town_deco_chest_name", "town_deco_chest_name", "town_deco_pedestal_name", "town_deco_screen_name", "town_deco_screen_name", "town_deco_carpet_name", "town_deco_screen_name", "town_deco_carpet_name", "town_deco_carpet_name", "", "", "town_deco_snow_name", "town_deco_snow_name", "town_deco_snow_name", "town_deco_carpet_name", "town_deco_porch_name", "town_deco_grandclock_name", "town_deco_keysboard_name", "town_deco_keysboard_name", "town_deco_screen_name", "town_deco_screen_name", "town_deco_screen_name", "town_deco_common_bed_name", "town_deco_common_bed_name", "town_deco_carpet_name", "", "", "town_deco_wall_name", "town_deco_wall_candles_name", "town_deco_wall_beam_name", "town_deco_wall_name", "town_deco_porch_name", "town_deco_grandclock_name", "town_deco_bar_desc", "town_deco_flowerinthepot_name", "town_deco_carpet_name", "town_deco_carpet_name", "town_deco_carpet_name", "town_deco_common_bed_name", "town_deco_common_bed_name", "town_deco_sofa_name", "", "", "town_deco_floor_name", "town_deco_floor_name", "town_deco_floor_name", "town_deco_carpet_name", "town_deco_porch_name", "town_deco_filmtape_name", "town_deco_flowerinthepot_name", "town_deco_flowerinthepot_name", "town_deco_carpet_name", "town_deco_carpet_name", "town_deco_carpet_name", "town_deco_carpet_name", "1", "town_deco_carpet_name", "", "", "town_deco_wooden_stairs_name", "town_deco_carpet_name", "town_deco_carpet_name", "town_deco_carpet_name", "town_deco_canvas_name", "town_deco_canvas_name", "town_deco_canvas_name", "town_deco_canvas_name", "town_deco_canvas_name", "town_deco_curtains_name", "town_deco_projector_name", "1", "1", "1", "1", "", "town_deco_rug_name", "town_deco_rug_name", "town_deco_carpet_name", "town_deco_carpet_name", "town_deco_canvas_name", "town_deco_canvas_name", "town_deco_canvas_name", "town_deco_canvas_name", "town_deco_canvas_name", "town_deco_wooden_drawer_name", "town_deco_filmtape_name", "1", "1", "1", "1", "", "town_deco_rug_name", "town_deco_rug_name", "town_deco_rug_name", "town_deco_rug_name", "1", "1", "1", "1", "1", "1", "1", "1", "1", "1", "1", "", "town_deco_rug_name", "town_deco_rug_name", "town_deco_rug_name", "1", "1", "1", "1", "1", "1", "1", "1", "1", "1", "1", "1", "", "town_deco_library_books_name", "town_deco_wallpaper_name", "town_deco_library_books_name", "town_deco_wall_name", "1", "1", "1", "1", "1", "1", "1", "1", "1", "1", "1", "", "town_deco_library_books_name", "town_deco_library_books_name", "town_deco_library_books_name", "town_deco_wooden_stairs_name", "1", "1", "1", "1", "1", "1", "1", "1", "1", "1", "1", "", "", "", "", "", "", "", "", "", "", "", "", "", "", "", "", ""],
 "decoTileVar":[-1, -1, -1, -1, -1, -1, -1, -1, -1, -1, -1, -1, -1, -1, -1, -1, -1, -1, -1, -1, -1, -1, -1, -1, -1, -1, -1, -1, -1, -1, 209, 209, 227, -1, 208, 226, 225, 224, 225, 210, -1, -1, -1, -1, -1, -1, -1, 209, -1, -1, -1, -1, -1, -1, -1, -1, -1, -1, -1, 45, -1, -1, -1, -1, 208, 225, 210, -1, -1, -1, -1, -1, 43, 44, -1, -1, -1, -1, -1, -1, -1, -1, -1, -1, -1, -1, 242, 243, 244, -1, -1, -1, 208, 226, 210, -1, -1, -1, -1, -1, -1, -1, -1, -1, -1, -1, -1, -1, -1, -1, -1, -1, -1, 64, 64, 100, 64, 64, 64, 64, 64, 64, 64, 64, 64, -1, -1, -1, -1, -1, -1, -1, -1, -1, -1, -1, -1, -1, -1, -1],
 "entrance":[3, 8],
 "height":10,
 "map":[
36, 36, 36, 36, 36, 36, 36, 36, 36, 36, 36, 36, 36, 36, 36, 4, 4, 4, 4, 4, 4, 4, 4, 4, 4, 4, 4, 36, 36, 4, 35, 35, 1, 4, 1, 1, 1, 1, 1, 1, 4, 36, 36, 4, 1, 1, 1, 35, 1, 1, 4, 4, 4, 1, 4, 36, 36, 4, 1, 35, 1, 1, 1, 1, 1, 1, 1, 1, 4, 36, 36, 4, 35, 35, 1, 4, 1, 1, 4, 4, 4, 1, 4, 36, 36, 4, 1, 1, 1, 4, 1, 1, 1, 1, 1, 1, 4, 36, 36, 4, 4, 1, 4, 4, 4, 4, 4, 4, 4, 4, 4, 36, 36, 35, 35, 7, 35, 35, 35, 35, 35, 35, 35, 35, 35, 36, 36, 36, 36, 36, 36, 36, 36, 36, 36, 36, 36, 36, 36, 36
],
 "mobs":[
        {
         "kind":"LibrarianNPC",
         "x":2,
         "y":4
        }],
 "multiexit":[],
 "objects":[
        {
         "kind":"LibraryBook",
         "x":7,
         "y":3
        }, 
        {
         "kind":"LibraryBook",
         "x":7,
         "y":5
        }],
  "items": [
    {"kind":"Codex",
    "x":12,
    "y":3,
    "text":"
Автор:Данил Ошлаков                                                    
        ,,Как появилась чернильная утроба''
                               Однажды,жил один талантливый писатель.Из под его пера выходили прекрасные творения: сказки,которые легко уносили человека в мир грёз,романы,из-за которых люди начинали переживать за героев больше чем за себя,повести,о продолжении которых мечтали многие.Хоть его и обожали ,церковь называла его еретиком,а его творения языческими.В один день,после выхода его книги,в которой он тонко высмеивал церковь,инквизиция устроила на него охоту. Несмотря на то,что ему помогали скрываться,его все равно поймали.Инквизиция доставила писателя в глубокую часть подземелья,где они его сожгли,надеясь,что его поклонники не найдут следы злодеяний.Хоть его тело стало лишь пеплом,писатель отказывался умирать.Его обгоревшее сердце пропиталось черной магией,и он вернулся к своему прежнему делу: писать истории,но теперь не на бумаге,а в реальности.Со временем,его черная кровь пропитала эту часть подземелья,и те немногие приключенцы,которым повезло выбраться, рассказывали о фантастических тварях,которые появлялись в подземелье."},
    {"kind":"Codex",
    "x":12,
    "y":3,
    "text":"Пишите и свои истории на https://m.vk.com/topic-180228246_39503443"}
  ],
 "roofBaseTileVar":[-1, -1, -1, -1, -1, -1, -1, -1, -1, -1, -1, -1, -1, -1, -1, -1, -1, -1, -1, -1, -1, -1, -1, -1, -1, -1, -1, -1, -1, -1, -1, -1, -1, -1, -1, -1, -1, -1, -1, -1, -1, -1, -1, -1, -1, -1, -1, -1, -1, -1, -1, -1, -1, -1, -1, -1, -1, -1, -1, -1, -1, -1, -1, -1, -1, -1, -1, -1, -1, -1, -1, -1, -1, -1, -1, -1, -1, -1, -1, -1, -1, -1, -1, -1, -1, -1, -1, -1, -1, -1, -1, -1, -1, -1, -1, -1, -1, -1, -1, -1, -1, 84, -1, -1, -1, -1, -1, -1, -1, -1, -1, -1, -1, -1, -1, -1, -1, -1, -1, -1, -1, -1, -1, -1, -1, -1, -1, -1, -1, -1, -1, -1, -1, -1, -1, -1, -1, -1, -1, -1],
 "tiles":"tiles_town_inside.png",
 "tiles_base":"tiles_town_inside.png",
 "tiles_deco":"tiles_town_inside.png",
 "tiles_deco2":"tiles_town_inside.png",
 "tiles_logic":"tiles0.png",
 "tiles_mobs":"Mobs.png",
 "tiles_objects":"Objects.png",
 "tiles_roof_base":"tiles_town_inside.png",
 "water":"water0.png",
 "width":14,
 "exit":[4,2]
}