{
   "Levels":{
      "0":{"kind":"SewerLevel", "depth":0,        "size":[0,0]},
      
      "6s":{"kind":"SpiderLevel", "depth":6,      "size":[16,16]},
      "7s":{"kind":"SpiderLevel", "depth":7,      "size":[32,32]},
      "8s":{"kind":"SpiderLevel", "depth":8,      "size":[40,40]},
      "9s":{"kind":"SpiderLevel", "depth":9,      "size":[48,48]},
      "10s":{"kind":"SpiderLevel", "depth":10,    "size":[64,64]},

      "1":{"kind":"SewerLevel", "depth":1,        "size":[32,32]},
      "2":{"kind":"SewerLevel", "depth":2,        "size":[32,32]},
      "3":{"kind":"SewerLevel", "depth":3,        "size":[32,32]},
      "4":{"kind":"SewerLevel", "depth":4,        "size":[32,32]},
      "5":{"kind":"SewerBossLevel", "depth":5,    "size":[32,32]},
      "6":{"kind":"PrisonLevel", "depth":6,       "size":[32,32]},
      "7":{"kind":"PrisonLevel", "depth":7,       "size":[32,32]},
      "8":{"kind":"PrisonLevel", "depth":8,       "size":[32,32]},
      "9":{"kind":"PrisonLevel", "depth":9,       "size":[32,32]},
      "10":{"kind":"PrisonBossLevel", "depth":10, "size":[32,32], "tiles":"tiles1.png"},
      "11":{"kind":"CavesLevel", "depth":11,      "size":[32,32]},
      "12":{"kind":"CavesLevel", "depth":12,      "size":[32,32]},
      "13":{"kind":"CavesLevel", "depth":13,      "size":[32,32]},
      "14":{"kind":"CavesLevel", "depth":14,      "size":[32,32]},
      "15":{"kind":"CavesBossLevel", "depth":15,  "size":[32,32]}
   },
   "Graph":{
      "0":[["1"],[]],
      "1":[["2"],[]],
      "2":[["3"],["1"]],
      "3":[["4"],["2"]],
      "4":[["5"],["3"]],
      "5":[["6","6s"],["4"]],
      "6":[["7"],["5"]],
      "7":[["8"],["6"]],
      "8":[["9"],["7"]],
      "9":[["10"],["8"]],
      "10":[["11"],["9"]],
      "11":[["12"],["10"]],
      "12":[["13"],["11"]],
      "13":[["14"],["12"]],
      "14":[["15"],["13"]],
      "15":[["1"],["14"]],
      "6s":[["7s"],["5"],[2]],
      "7s":[["8s"],["6s"]],
      "8s":[["9s"],["7s"]],
      "9s":[["10s"],["8s"]],
      "10s":[[],["9s"]]
   },
   "Entrance":"0"
}