
 {
"defenseSkill"	: 14,
"attackSkill"	: 17,
"exp"			: 6,
"maxLvl"		: 34,
"dmgMin"		: 25,
"dmgMax"		: 75,
"dr"			: 5,
"baseSpeed"		: 1,
"attackDelay"	: 1,
"ht"			: 170,
"name"			:"Молодой Огненный эфрит",
"name_objective":"Эфрита",
"description"	: "Эти существа были названы в честь древней расы волшебников, когда-то проживающих в ледяных горах Альдрона *(недалеко от подземелья). После битвы с древним богом хаоса от их цивилизации остались лишь руины...",
"gender"		:"masculine",
"spriteDesc"	:"spritesDesc/AlbinoFireNefrit_Desc.json",
 "scriptFile"	: "scripts/mobs/FireNefrit",
"lootChance"	: 0.5,
"loot":{"kind":"Gold"},
"attackRange"	: 100,
"walkingType"	: "NORMAL",
"canBePet"		: true,
"flying"		: true,
"friendly"		: false,
    "immunities": [
"Fire", "LiquidFlame","Burning"]
}
