 {
"defenseSkill"	: 3,
"attackSkill"	: 4,
"exp"			: 3,
"maxLvl"		: 5,
"dmgMin"		: 1,
"dmgMax"		: 4,
"dr"			: 0,
"baseSpeed"		: 1,
"attackDelay"	: 1,
"ht"			: 7,
"name"			:"Злокрыс",
"name_objective":"Злокрыса",
"description"	:"Эта крыса воняет.",
"gender"		:"masculine",
"spriteDesc"	:"spritesDesc/AngryRat_Desc.json",
 "scriptFile"	: "scripts/mobs/AngryRat",
"loot": {"kind":"RatHide", "quantity": 3 },
"lootChance"	: 1,
"attackRange"	: 1,
"walkingType"	: "NORMAL",
"canBePet"		: true,
"flying"		: false,
"friendly"		: false
}
