{
   "baseSpeed"     :0,
   "attackDelay"   :1,
   "ht"            :5000000,
   "name"          :"Археолог",
   "name_objective":"хех",
   "description"   :"Этот человек держит в руках табличку со странными симбволами.",
   "gender"        :"masculine",
   "spriteDesc"    :"spritesDesc/Archaeologist_Desc.json",
   "scriptFile"    :"scripts/npc/ArchaeologistNPC",
   "friendly"      :true,
"aiState": "Passive",
   "fraction"      :"NEUTRAL"
}