{
  "aiState": "Passive",
  "attackDelay": 1,
  "attackRange": 1,
  "attackSkill": 15,
  "baseSpeed": 1,
  "canBePet": true,
  "defenseSkill": 10,
  "description": "Armor_Desc",
  "dmgMax": 20,
  "dmgMin": 1,
  "dr": 20,
  "exp": 5,
  "flying": false,
  "friendly": false,
  "gender": "Armor_Gender",
  "ht": 50,
  "lootChance": 0,
  "maxLvl": 30,
  "name": "Armor_Name",
  "name_objective": "Armor_Object",
  "scriptFile": "scripts/mobs/Armor",
  "spriteDesc": "spritesDesc/Armor_Desc.json",
  "walkingType": "NORMAL"
}