 {
"defenseSkill"	: 10,
"attackSkill"	: 15,
"exp"			: 5,
"maxLvl"		: 30,
"dmgMin"		: 1,
"dmgMax"		: 20,
"dr"			: 20,
"baseSpeed"		: 1,
"attackDelay"	: 1,
"ht"			: 50,
"name"			:"Доспех",
"name_objective": "доспех",
"description"	:"Ходячий оживший доспех.",
 "scriptFile"	: "scripts/mobs/Armor",
"gender"		:"masculine",
"spriteDesc"	:"spritesDesc/Armor_Desc.json",
 "lootChance"	: 0,
 "attackRange"	: 1,
"walkingType"	: "NORMAL",
"canBePet"		: true,
"flying"		: false,
"friendly"		: false,
"aiState": "Passive"
}
