{
  "attackDelay": 1,
  "attackRange": 100,
  "attackSkill": 5555555,
  "baseSpeed": 1,
  "canBePet": true,
  "defenseSkill": 14,
  "description": "BanditMage_Desc",
  "dmgMax": 0,
  "dmgMin": 0,
  "dr": 5,
  "exp": 6,
  "flying": false,
  "friendly": false,
  "gender": "BanditMage_Gender",
  "ht": 65,
  "lootChance": 0,
  "maxLvl": 34,
  "name": "BanditMage_Name",
  "name_objective": "BanditMage_Object",
  "scriptFile": "scripts/mobs/BanditMage",
  "spriteDesc": "spritesDesc/BanditMage_Desc.json",
  "walkingType": "NORMAL"
}