{
  "attackDelay": 1,
  "attackRange": 10,
  "attackSkill": 15,
  "baseSpeed": 1,
  "canBePet": true,
  "defenseSkill": 10,
  "description": "BanditKnife_Desc",
  "dmgMax": 15,
  "dmgMin": 5,
  "dr": 4,
  "exp": 3,
  "flying": false,
  "friendly": false,
  "gender": "BanditKnife_Gender",
  "ht": 50,
  "lootChance": 0,
  "maxLvl": 20,
  "name": "BanditKnife_Name",
  "name_objective": "BanditKnife_Object",
  "scriptFile": "scripts/mobs/BanditKnife",
  "spriteDesc": "spritesDesc/BanditKnife_Desc.json",
  "walkingType": "NORMAL"
}