 {
"defenseSkill"	: 10,
"attackSkill"	: 15,
"exp"			: 3,
"maxLvl"		: 20,
"dmgMin"		: 5,
"dmgMax"		: 15,
"dr"			: 4,
"baseSpeed"		: 1,
"attackDelay"	: 1,
"ht"			: 50,
"name"			:"Повар",
"name_objective": "Поварa",
"description"	:"Суши не желаете?",
 "scriptFile"	: "scripts/mobs/BanditKnife",
"gender"		:"masculine",
"spriteDesc"	:"spritesDesc/BanditKnife_Desc.json",
 "lootChance"	: 0,
 "attackRange"	: 10,
"walkingType"	: "NORMAL",
"canBePet"		: true,
"flying"		: false,
"friendly"		: false
}
