{
"defenseSkill"	: 2,
"attackSkill"	: 10,
"exp"			: 1,
"maxLvl"		: 1,
"dmgMin"		: 2,
"dmgMax"		: 5,
"dr"			: 0,
"baseSpeed"		: 1,
"attackDelay"	: 1,
"name"			:"Верховный чернокнижник",
"name_objective":"Чернокнижника",
"description"	:"Этот старик- один из трёх верховных чернокнижников, живших в метрополисе до его падения. Судя по всему из всех троих выжил только он.",
"gender"		:"masculine",
"lootChance"	: 0,
"attackRange"	: 10,
"walkingType"	: "NORMAL",
"canBePet"		: false,
"flying" : false,
   "spriteDesc"    :"spritesDesc/UpWarlok_Desc.json",
   "scriptFile"    :"scripts/npc/BattleWarlok",
   "ht":100000000000,
   "friendly"      :true,
   "aiState"       :"Passive",
   "fraction"      :"NEUTRAL"
}
