{
  "aiState": "Passive",
  "attackDelay": 1,
  "attackRange": 10,
  "attackSkill": 10,
  "baseSpeed": 1,
  "canBePet": false,
  "defenseSkill": 2,
  "description": "BattleWarlok_Desc",
  "dmgMax": 5,
  "dmgMin": 2,
  "dr": 0,
  "exp": 1,
  "flying": false,
  "fraction": "NEUTRAL",
  "friendly": true,
  "gender": "BattleWarlok_Gender",
  "ht": 100000000000,
  "lootChance": 0,
  "maxLvl": 1,
  "name": "BattleWarlok_Name",
  "name_objective": "BattleWarlok_Object",
  "scriptFile": "scripts/npc/BattleWarlok",
  "spriteDesc": "spritesDesc/UpWarlok_Desc.json",
  "walkingType": "NORMAL"
}