{
  "attackDelay": 1,
  "attackRange": 1,
  "attackSkill": 10,
  "baseSpeed": 1,
  "canBePet": false,
  "defenseSkill": 0,
  "description": "BeeFromNest_Desc",
  "dmgMax": 40,
  "dmgMin": 10,
  "dr": 0,
  "exp": 2,
  "flying": true,
  "fraction": "HEROES",
  "friendly": false,
  "gender": "BeeFromNest_Gender",
  "ht": 120,
  "lootChance": 0.1,
  "maxLvl": 31,
  "name": "BeeFromNest_Name",
  "name_objective": "BeeFromNest_Object",
  "spriteDesc": "spritesDesc/BeeFromNest_Desc.json",
  "walkingType": "NORMAL"
}