
 {
"defenseSkill"	: 0,
"attackSkill"	: 10,
"exp"			: 2,
"maxLvl"		: 31,
"dmgMin"		: 10,
"dmgMax"		: 40,
"dr"			: 0,
"baseSpeed"		: 1,
"attackDelay"	: 1,
"ht"			: 120,
"name"			:"Подземная пчела",
"name_objective":"Пчелу",
"description"	:"Да это же пчола!",
"gender"		:"masculine",
"spriteDesc"	:"spritesDesc/BeeFromNest_Desc.json",
"lootChance"	: 0.1,
"attackRange"	: 1,
"walkingType"	: "NORMAL",
"canBePet"		: false,
"flying"		: true,
"friendly"		: false,
"fraction"      :"HEROES"
}
