 {
"defenseSkill"	: 20,
"attackSkill"	: 30,
"exp"			: 20,
"maxLvl"		: 32,
"dmgMin"		: 10,
"dmgMax"		: 50,
"dr"			: 4,
"baseSpeed"		: 1,
"attackDelay"	: 1,
"ht"			: 60,
"name"			:"Тёмный страж",
"name_objective":"Стража",
"description"	:"Из этих доспехов льётся какая-то странная энергия. Интересно, зачем их создали?",
"gender"		:"masculine",
"spriteDesc"	:"spritesDesc/BlackGuard_Desc.json",
 "lootChance"	: 0,
"attackRange"	: 1,
"walkingType"	: "NORMAL",
"canBePet"		: true,
"flying"		: false,
"friendly"		: false
}
