 {
"defenseSkill"	: 2,
"attackSkill"	: 250000,
"exp"			: 10,
"maxLvl"		: 32,
"dmgMin"		: 30,
"dmgMax"		: 50,
"dr"			: 3,
"baseSpeed"		: 1,
"attackDelay"	: 1,
"ht"			: 120,
"name"			:"Каляка базяка",
"name_objective":"Каляку",
"description"	:"Хочется лора? А нам насрать!",
"gender"		:"masculine",
"spriteDesc"	:"spritesDesc/BlueGooLasher_Desc.json",
 "scriptFile"	: "scripts/mobs/BlueGooLasher",
"lootChance"	: 0,
"attackRange"	: 32,
"walkingType"	: "NORMAL",
"canBePet"		: false,
"flying" : false,
"friendly"		: false
}
