
 {
"defenseSkill"	: 9,
"attackSkill"	: 15,
"exp"			: 4,
"maxLvl"		: 31,
"dmgMin"		: 80,
"dmgMax"		: 135,
"dr"			: 5,
"baseSpeed"		: 1,
"attackDelay"	: 5,
"ht"			: 300,
"name"			:"Синий кокон",
"name_objective":"Кокона",
"description"	:"Кокон переполняет что-то странное.",
"gender"		:"masculine",
"spriteDesc"	:"spritesDesc/BlueBall_Desc.json",
 "scriptFile"	: "scripts/mobs/BlueBall",
"lootChance"	: 0.5,
"attackRange"	: 5,
"walkingType"	: "NORMAL",
"canBePet"		: true,
"flying"		: false,
"friendly"		: false
}
