{
  "attackDelay": 5,
  "attackRange": 5,
  "attackSkill": 15,
  "baseSpeed": 1,
  "canBePet": true,
  "defenseSkill": 9,
  "description": "BlueBall_Desc",
  "dmgMax": 135,
  "dmgMin": 80,
  "dr": 5,
  "exp": 4,
  "flying": false,
  "friendly": false,
  "gender": "BlueBall_Gender",
  "ht": 300,
  "lootChance": 0.5,
  "maxLvl": 31,
  "name": "BlueBall_Name",
  "name_objective": "BlueBall_Object",
  "scriptFile": "scripts/mobs/BlueBall",
  "spriteDesc": "spritesDesc/BlueBall_Desc.json",
  "walkingType": "NORMAL"
}