{
  "aiState": "Wandering",
  "attackDelay": 1,
  "attackRange": 1,
  "attackSkill": 10,
  "baseSpeed": 1,
  "canBePet": false,
  "defenseSkill": 0,
  "description": "BlueBee_Desc",
  "dmgMax": 40,
  "dmgMin": 10,
  "dr": 0,
  "exp": 2,
  "flying": true,
  "fraction": "HEROES",
  "friendly": false,
  "gender": "BlueBee_Gender",
  "ht": 50,
  "lootChance": 0.1,
  "maxLvl": 31,
  "name": "BlueBee_Name",
  "name_objective": "BlueBee_Object",
  "spriteDesc": "spritesDesc/BlueBee_Desc.json",
  "walkingType": "NORMAL"
}