 {
"defenseSkill"	: 20,
"attackSkill"	: 25,
"exp"			: 20,
"maxLvl"		: 32,
"dmgMin"		: 30,
"dmgMax"		: 40,
"dr"			: 3,
"baseSpeed"		: 1,
"attackDelay"	: 1,
"ht"			: 300,
"name"			:"Синий зомби",
"name_objective":"Зомби",
"description"	:"Этот человек состоит из синего ,не прикрытого в некоторых местах мяса.",
"gender"		:"masculine",
"spriteDesc"	:"spritesDesc/BlueZombie_Desc.json",
"lootChance"	: 0,
"attackRange"	: 1,
"walkingType"	: "NORMAL",
"canBePet"		: true,
"flying"		: false,
"friendly"		: false
}
