{
  "attackDelay": 1,
  "attackRange": 10000,
  "attackSkill": 15,
  "baseSpeed": 1,
  "canBePet": false,
  "defenseSkill": 9,
  "description": "BlueHeart_Desc",
  "dmgMax": 135,
  "dmgMin": 80,
  "dr": 5,
  "exp": 4,
  "flying": false,
  "friendly": false,
  "gender": "BlueHeart_Gender",
  "ht": 1000,
  "lootChance": 0,
  "maxLvl": 31,
  "name": "BlueHeart_Name",
  "name_objective": "BlueHeart_Object",
  "scriptFile": "scripts/mobs/BlueHeart",
  "spriteDesc": "spritesDesc/BlueHeart_Desc.json",
  "walkingType": "NORMAL"
}