
 {
"defenseSkill"	: 0,
"attackSkill"	: 0,
"exp"			: 6,
"maxLvl"		: 34,
"dmgMin"		: 0,
"dmgMax"		: 0,
"dr"			: 5,
"baseSpeed"		: 1,
"attackDelay"	: 10000,
"ht"			: 100,
"name"			:"Гнездо синих шершней",
"name_objective":"гнездо",
"description"	: "От туда что-то жужит.",
"gender"		:"masculine",
"spriteDesc"	:"spritesDesc/BlueBeeNest_Desc.json",
 "scriptFile"	: "scripts/mobs/BlueBeeNest",
"lootChance"	: 0.5,
"loot":{"kind":"Gold"},
"attackRange"	: 0,
"walkingType"	: "NORMAL",
"canBePet"		: false,
"flying"		: false,
"friendly"		: false,
"fraction"      :"HEROES",
"viewDistanse"  :0
}
