{
  "attackDelay": 1,
  "attackRange": 32,
  "attackSkill": 250000,
  "baseSpeed": 1,
  "canBePet": false,
  "defenseSkill": 2,
  "description": "BlueGooLasher_Desc",
  "dmgMax": 50,
  "dmgMin": 30,
  "dr": 3,
  "exp": 10,
  "flying": false,
  "friendly": false,
  "gender": "BlueGooLasher_Gender",
  "ht": 120,
  "lootChance": 0,
  "maxLvl": 32,
  "name": "BlueGooLasher_Name",
  "name_objective": "BlueGooLasher_Object",
  "scriptFile": "scripts/mobs/BlueGooLasher",
  "spriteDesc": "spritesDesc/BlueGooLasher_Desc.json",
  "walkingType": "NORMAL"
}