
 {
"defenseSkill"	: 9,
"attackSkill"	: 12,
"exp"			: 5,
"maxLvl"		: 31,
"dmgMin"		: 20,
"dmgMax"		: 70,
"dr"			: 1,
"baseSpeed"		: 1,
"attackDelay"	: 5,
"ht"			: 90,
"name"			:"Чернильный монстр",
"name_objective":"Монстра",
"description"	:"Очень отдалённо напоминает Жижу, но куда омерзительнее.",
"gender"		:"masculine",
"spriteDesc"	:"spritesDesc/BlueGoo_Desc.json",
"lootChance"	: 0,
"attackRange"	: 1,
"walkingType"	: "NORMAL",
"canBePet"		: true,
"flying" : false,
"friendly"		: false
}
