 {
"defenseSkill"	: 20,
"attackSkill"	: 25,
"exp"			: 20,
"maxLvl"		: 32,
"dmgMin"		: 30,
"dmgMax"		: 40,
"dr"			: 3,
"baseSpeed"		: 1,
"attackDelay"	: 1,
"ht"			: 300,
"name"			:"Синяя муха",
"name_objective":"Муху",
"description"	:"Довольно большая синяя муха. *(жужит тут, понимаешь!)",
"gender"		:"masculine",
"spriteDesc"	:"spritesDesc/BlueFly_Desc.json",
"lootChance"	: 0,
"attackRange"	: 1,
"walkingType"	: "NORMAL",
"canBePet"		: true,
"flying"		: true,
"friendly"		: false
}
