{
  "attackDelay": 10000,
  "attackRange": 0,
  "attackSkill": 0,
  "baseSpeed": 1,
  "canBePet": false,
  "defenseSkill": 0,
  "description": "BlueBeeNest_Desc",
  "dmgMax": 0,
  "dmgMin": 0,
  "dr": 5,
  "exp": 6,
  "flying": false,
  "fraction": "HEROES",
  "friendly": false,
  "gender": "BlueBeeNest_Gender",
  "ht": 100,
  "loot": {
    "kind": "Gold"
  },
  "lootChance": 0.5,
  "maxLvl": 34,
  "name": "BlueBeeNest_Name",
  "name_objective": "BlueBeeNest_Object",
  "scriptFile": "scripts/mobs/BlueBeeNest",
  "spriteDesc": "spritesDesc/BlueBeeNest_Desc.json",
  "viewDistanse": 0,
  "walkingType": "NORMAL"
}