 {
"defenseSkill"	: 10,
"attackSkill"	: 15,
"exp"			: 5,
"maxLvl"		: 35,
"dmgMin"		: 29,
"dmgMax"		: 30,
"dr"			: 10,
"baseSpeed"		: 1,
"attackDelay"	: 1,
"ht"			: 90,
"name"			:"Книжный червь",
"name_objective": "червя",
"description"	:"Господи, что я создал.",
 "scriptFile"	: "scripts/mobs/BookWorm",
"gender"		:"masculine",
"spriteDesc"	:"spritesDesc/BookWorm_Desc.json",
 "lootChance"	: 0,
 "attackRange"	: 1,
"walkingType"	: "NORMAL",
"canBePet"		: false,
"flying"		: false,
"friendly"		: false
}
