{
  "attackDelay": 1,
  "attackRange": 1,
  "attackSkill": 15,
  "baseSpeed": 1,
  "canBePet": false,
  "defenseSkill": 10,
  "description": "BookWorm_Desc",
  "dmgMax": 30,
  "dmgMin": 29,
  "dr": 10,
  "exp": 5,
  "flying": false,
  "friendly": false,
  "gender": "BookWorm_Gender",
  "ht": 90,
  "lootChance": 0,
  "maxLvl": 35,
  "name": "BookWorm_Name",
  "name_objective": "BookWorm_Object",
  "scriptFile": "scripts/mobs/BookWorm",
  "spriteDesc": "spritesDesc/BookWorm_Desc.json",
  "walkingType": "NORMAL"
}