{
   "baseSpeed"     :0,
   "attackDelay"   :1,
   "ht"            :5000000,
   "name"          :"Торговец оружием",
   "name_objective":"хех",
   "description"   :"Этот человек одет в кольчужный доспех, за его спиной виднеется колчан *(лучше его не злить, что-то в нём есть такое).",
   "gender"        :"masculine",
   "spriteDesc"    :"spritesDesc/CastleKeeperNPC_Desc.json",
   "scriptFile"    :"scripts/npc/CastleKeeperNPC",
   "friendly"      :true,
"aiState": "Passive",
   "fraction"      :"NEUTRAL"
}
