 {
"defenseSkill"	: 6,
"attackSkill"	: 20,
"exp"			: 0,
"maxLvl"		: 0,
"dmgMin"		: 10,
"dmgMax"		: 20,
"dr"			: 6,
"baseSpeed"		: 1,
"attackDelay"	: 1,
"ht"			: 600,
"name"			:"Ангел хаоса",
"name_objective":"Ангела",
"description"	:"Существо, созданное самим Глобом для уничтожения всего живого.",
"gender"		:"masculine",
"spriteDesc"	:"spritesDesc/ChaosAngel_Desc.json",
 "scriptFile"	: "scripts/mobs/LightCrystal",
"loot": { "kind":"Scrolls/ChaosScroll" },
"lootChance"	: 1,
"attackRange"	: 32,
"walkingType"	: "NORMAL",
"canBePet"		: false,
"flying"		: true,
"friendly"		: false
}
