{
  "attackDelay": 1,
  "attackRange": 1,
  "attackSkill": 4,
  "baseSpeed": 1,
  "canBePet": true,
  "defenseSkill": 3,
  "description": "CheldedCrab_Desc",
  "dmgMax": 4,
  "dmgMin": 1,
  "dr": 0,
  "exp": 3,
  "flying": false,
  "friendly": false,
  "gender": "CheldedCrab_Gender",
  "ht": 7,
  "loot": {
    "kind": "MysteryMeat"
  },
  "lootChance": 0.3,
  "maxLvl": 5,
  "name": "CheldedCrab_Name",
  "name_objective": "CheldedCrab_Object",
  "spriteDesc": "spritesDesc/CheldedCrab_Desc.json",
  "walkingType": "NORMAL"
}