
 {
"defenseSkill"	: 18,
"attackSkill"	: 150000,
"exp"			: 5,
"maxLvl"		: 34,
"dmgMin"		: 20,
"dmgMax"		: 100,
"dr"			: 30,
"baseSpeed"		: 1,
"attackDelay"	: 1,
"ht"			: 150,
"name"			:"Защищённый кристаллический краб",
"name_objective":"Краба",
"description"	:"Эти кристаллические крабы вешают на себя кристаллы, чтобы увеличить свою защиту и это вполне эффктивно.",
"gender"		:"masculine",
"spriteDesc"	:"spritesDesc/CheldedCrystalCrab_Desc.json",
"attackRange"	: 10,
"walkingType"	: "NORMAL",
"canBePet"		: true,
"flying" : false,
"friendly"		: false
}
