 {
"defenseSkill"	: 3,
"attackSkill"	: 4,
"exp"			: 3,
"maxLvl"		: 5,
"dmgMin"		: 1,
"dmgMax"		: 4,
"dr"			: 0,
"baseSpeed"		: 1,
"attackDelay"	: 1,
"ht"			: 7,
"name"			:"Зашищённый краб",
"name_objective":"Краба",
"description"	:"Краб в броне..тут должен был быть каламбур",
"gender"		:"masculine",
"spriteDesc"	:"spritesDesc/CheldedCrab_Desc.json",
"loot": {"kind":"MysteryMeat"},
"lootChance"	: 0.3,
"attackRange"	: 1,
"walkingType"	: "NORMAL",
"canBePet"		: true,
"flying"		: false,
"friendly"		: false
}
