{
  "attackDelay": 1,
  "attackRange": 10,
  "attackSkill": 150000,
  "baseSpeed": 1,
  "canBePet": true,
  "defenseSkill": 18,
  "description": "CheldedCrystalCrab_Desc",
  "dmgMax": 100,
  "dmgMin": 20,
  "dr": 30,
  "exp": 5,
  "flying": false,
  "friendly": false,
  "gender": "CheldedCrystalCrab_Gender",
  "ht": 150,
  "maxLvl": 34,
  "name": "CheldedCrystalCrab_Name",
  "name_objective": "CheldedCrystalCrab_Object",
  "spriteDesc": "spritesDesc/CheldedCrystalCrab_Desc.json",
  "walkingType": "NORMAL"
}