 {
"defenseSkill"	: 10,
"attackSkill"	: 15,
"exp"			: 3,
"maxLvl"		: 20,
"dmgMin"		: 5,
"dmgMax"		: 15,
"dr"			: 4,
"baseSpeed"		: 1,
"attackDelay"	: 1,
"ht"			: 150,
"name"			:"Король крабов",
"name_objective": "Краба",
"description"	:"Огромный краб со стальным панцерем.",
 "scriptFile"	: "scripts/bosses/CrabKing",
"gender"		:"masculine",
"spriteDesc"	:"spritesDesc/CrabKing_Desc.json",
 "lootChance"	: 0,
 "attackRange"	: 10,
"walkingType"	: "NORMAL",
"canBePet"		: false,
"flying"		: false,
"friendly"		: false
}
