 {
"defenseSkill"	: 20,
"attackSkill"	: 30,
"exp"			: 20,
"maxLvl"		: 32,
"dmgMin"		: 10,
"dmgMax"		: 50,
"dr"			: 4,
"baseSpeed"		: 1,
"attackDelay"	: 1,
"ht"			: 200,
"name"			:"Кристаллический Ангел",
"name_objective":"Ангела",
"description"	:"Хранитель магических пещер, как вовремя.",
 "scriptFile"	: "scripts/mobs/CrystalSpider",
"gender"		:"masculine",
"spriteDesc"	:"spritesDesc/CrystalAngel_Desc.json",
 "lootChance"	: 0,
"attackRange"	: 1000,
"walkingType"	: "NORMAL",
"canBePet"		: true,
"flying"		: true,
"friendly"		: false
}
