{
  "attackDelay": 1,
  "attackRange": 1000,
  "attackSkill": 30,
  "baseSpeed": 1,
  "canBePet": true,
  "defenseSkill": 20,
  "description": "CrystalAngel_Desc",
  "dmgMax": 50,
  "dmgMin": 10,
  "dr": 4,
  "exp": 20,
  "flying": true,
  "friendly": false,
  "gender": "CrystalAngel_Gender",
  "ht": 200,
  "lootChance": 0,
  "maxLvl": 32,
  "name": "CrystalAngel_Name",
  "name_objective": "CrystalAngel_Object",
  "scriptFile": "scripts/mobs/CrystalSpider",
  "spriteDesc": "spritesDesc/CrystalAngel_Desc.json",
  "walkingType": "NORMAL"
}