{
  "attackDelay": 1,
  "attackRange": 32,
  "attackSkill": 250000,
  "baseSpeed": 1,
  "canBePet": false,
  "defenseSkill": 2,
  "description": "CrystalGuard_Desc",
  "dmgMax": 50,
  "dmgMin": 30,
  "dr": 3,
  "exp": 10,
  "flying": false,
  "friendly": false,
  "gender": "CrystalGuard_Gender",
  "ht": 76,
  "lootChance": 0,
  "maxLvl": 32,
  "name": "CrystalGuard_Name",
  "name_objective": "CrystalGuard_Object",
  "scriptFile": "scripts/mobs/CrystalGuard",
  "spriteDesc": "spritesDesc/CrystalGuard_Desc.json",
  "walkingType": "NORMAL"
}