 {
"defenseSkill"	: 2,
"attackSkill"	: 250000,
"exp"			: 10,
"maxLvl"		: 32,
"dmgMin"		: 30,
"dmgMax"		: 50,
"dr"			: 3,
"baseSpeed"		: 1,
"attackDelay"	: 1,
"ht"			: 76,
"name"			:"Кристалл-страж",
"name_objective":"Кристалл",
"description"	:"Подставка длся этого кристалла сделана из древисины. Он ярко светится.",
"gender"		:"masculine",
"spriteDesc"	:"spritesDesc/CrystalGuard_Desc.json",
 "scriptFile"	: "scripts/mobs/CrystalGuard",
"lootChance"	: 0,
"attackRange"	: 32,
"walkingType"	: "NORMAL",
"canBePet"		: false,
"flying" : false,
"friendly"		: false
}
