
 {
"defenseSkill"	: 18,
"attackSkill"	: 150000,
"exp"			: 5,
"maxLvl"		: 34,
"dmgMin"		: 20,
"dmgMax"		: 100,
"dr"			: 7,
"baseSpeed"		: 1,
"attackDelay"	: 1,
"ht"			: 150,
"name"			:"Кристаллический краб",
"name_objective":"Краба",
"description"	:"Существо, покрытое почти прозрачным кристаллическим панцерем.",
"gender"		:"masculine",
"spriteDesc"	:"spritesDesc/CrystalCrab_Desc.json",
"attackRange"	: 3,
"walkingType"	: "NORMAL",
"canBePet"		: true,
"flying" : false,
"friendly"		: false
}
