 {
"defenseSkill"	: 3,
"attackSkill"	: 35,
"exp"			: 0,
"maxLvl"		: 0,
"dmgMin"		: 15,
"dmgMax"		: 35,
"dr"			: 0,
"baseSpeed"		: 1,
"attackDelay"	: 1,
"ht"			: 30,
"name"			:"Кристалл",
"name_objective":"Кристалла",
"description"	:"Этот кристалл будет атаковать врагов.",
"gender"		:"masculine",
"spriteDesc"	:"spritesDesc/Crystal3_Desc.json",
"attackRange"	: 32,
"walkingType"	: "CHASM",
"canBePet"		: true,
"flying"		: false,
"friendly"		: false
}
