 {
"defenseSkill"	: 0,
"attackSkill"	: 100000,
"exp"			: 10,
"maxLvl"		: 10000,
"dmgMin"		: 0,
"dmgMax"		: 0,
"dr"			: 0,
"baseSpeed"		: 1,
"attackDelay"	: 1,
"ht"			: 5,
"name"			:"Crystal_Name",
"name_objective":"Crystal_Object",
"description"	:"Crystal_Desc",
"gender"		:"masculine",
"spriteDesc"	:"spritesDesc/CrystalMod_Desc.json",
 "scriptFile"	: "scripts/mobs/CrystalMod",
"lootChance"	: 0,
"attackRange"	: 32,
"walkingType"	: "NORMAL",
"canBePet"		: false,
"flying" : false,
"friendly"		: false
}
