 {
"defenseSkill"	: 5,
"attackSkill"	: 30,
"exp"			: 0,
"maxLvl"		: 0,
"dmgMin"		: 4,
"dmgMax"		: 10,
"dr"			: 3,
"baseSpeed"		: 1,
"attackDelay"	: 1,
"ht"			: 25,
"name"			:"Кристалл",
"name_objective":"Кристалла",
"description"	:"Этот кристалл будет атаковать врагов. Ещё он светится.",
"gender"		:"masculine",
"spriteDesc"	:"spritesDesc/Crystal1_Desc.json",
 "scriptFile"	: "scripts/mobs/Crystal",
"attackRange"	: 32,
"walkingType"	: "NORMAL",
"canBePet"		: true,
"flying"		: false,
"friendly"		: false
}
