 {
"defenseSkill"	: 20,
"attackSkill"	: 30,
"exp"			: 20,
"maxLvl"		: 32,
"dmgMin"		: 10,
"dmgMax"		: 50,
"dr"			: 4,
"baseSpeed"		: 1,
"attackDelay"	: 1,
"ht"			: 100,
"name"			:"Кристаллический паук",
"name_objective":"Паука",
"description"	:"Большой и довольно хрупкий на вид паук *(но это не так!), в центре которого что-то горит.",
 "scriptFile"	: "scripts/mobs/CrystalSpider",
"gender"		:"masculine",
"spriteDesc"	:"spritesDesc/CrystalSpider_Desc.json",
 "lootChance"	: 0,
"attackRange"	: 1000,
"walkingType"	: "NORMAL",
"canBePet"		: true,
"flying"		: true,
"friendly"		: false
}
