{
  "attackDelay": 1,
  "attackRange": 32,
  "attackSkill": 100000,
  "baseSpeed": 1,
  "canBePet": false,
  "defenseSkill": 0,
  "description": "CrystalMod_Desc",
  "dmgMax": 0,
  "dmgMin": 0,
  "dr": 0,
  "exp": 10,
  "flying": false,
  "friendly": false,
  "gender": "CrystalMod_Gender",
  "ht": 5,
  "lootChance": 0,
  "maxLvl": 10000,
  "name": "CrystalMod_Name",
  "name_objective": "CrystalMod_Object",
  "scriptFile": "scripts/mobs/CrystalMod",
  "spriteDesc": "spritesDesc/CrystalMod_Desc.json",
  "walkingType": "NORMAL"
}