 {
"defenseSkill"	: 20,
"attackSkill"	: 25,
"exp"			: 20,
"maxLvl"		: 32,
"dmgMin"		: 30,
"dmgMax"		: 80,
"dr"			: 3,
"baseSpeed"		: 1,
"attackDelay"	: 1,
"ht"			: 200,
"name"			:"Проклятый рыцарь",
"name_objective":"Рыцаря",
"description"	:"Душа этого рыцаря проклята и он обречён страдать.",
"gender"		:"masculine",
"spriteDesc"	:"spritesDesc/CursetKnight_Desc.json",
"lootChance"	: 0,
"attackRange"	: 1,
"walkingType"	: "NORMAL",
"canBePet"		: true,
"flying"		: false,
"friendly"		: false
}
