{
  "attackDelay": 1,
  "attackRange": 1,
  "attackSkill": 25,
  "baseSpeed": 1,
  "canBePet": true,
  "defenseSkill": 20,
  "description": "DworfSolderGuard_Desc",
  "dmgMax": 40,
  "dmgMin": 30,
  "dr": 3,
  "exp": 0,
  "flying": false,
  "friendly": false,
  "gender": "DworfSolderGuard_Gender",
  "ht": 70,
  "lootChance": 0,
  "maxLvl": 32,
  "name": "DworfSolderGuard_Name",
  "name_objective": "DworfSolderGuard_Object",
  "scriptFile": "scripts/npc/DworfSolderGuard",
  "spriteDesc": "spritesDesc/DworfSolder_Desc.json",
  "walkingType": "NORMAL"
}