{
  "aiState":"Passive",
  "attackDelay": 1,
  "attackRange": 1,
  "attackSkill": 25,
  "baseSpeed": 1,
  "canBePet": false,
  "defenseSkill": 20,
  "description": "DworfSolder_Desc",
  "dmgMax": 40,
  "dmgMin": 30,
  "dr": 3,
  "exp": 0,
  "flying": false,
  "fraction": "NEUTRAL",
  "friendly": true,
  "gender": "DworfSolder_Gender",
  "ht": 70,
  "lootChance": 0,
  "maxLvl": 32,
  "name": "DworfSolder_Name",
  "name_objective": "DworfSolder_Object",
  "scriptFile": "scripts/npc/DworfSolder",
  "spriteDesc": "spritesDesc/DworfSolder_Desc.json",
  "walkingType": "NORMAL"
}
