{
   "baseSpeed"     :1,
   "attackDelay"   :1,
   "ht"            :5000000,
   "name"          :"Статуя",
   "name_objective":"хех",
   "description"   :"Что это?",
   "gender"        :"masculine",
   "spriteDesc"    :"spritesDesc/EnFireThrower_Desc.json",
   "scriptFile"    :"scripts/npc/EnFireThrower",
   "friendly"      :true,
   "fraction"      :"NEUTRAL",
    "immunities": [
      "Paralysis",
      "ToxicGas",
      "Terror",
      "Death",
      "Amok",
      "Blindness",
      "Poison",
      "Vertigo",
      "Bleeding"
    ]
}
