{
  "attackDelay": 1,
  "attackRange": 32,
  "attackSkill": 250000,
  "baseSpeed": 1,
  "canBePet": true,
  "defenseSkill": 2,
  "description": "EnRotLasher_Desc",
  "dmgMax": 20,
  "dmgMin": 10,
  "dr": 3,
  "exp": 10,
  "flying": false,
  "friendly": false,
  "gender": "EnRotLasher_Gender",
  "ht": 76,
  "lootChance": 0,
  "maxLvl": 32,
  "name": "EnRotLasher_Name",
  "name_objective": "EnRotLasher_Object",
  "scriptFile": "scripts/mobs/CrystalGuard",
  "spriteDesc": "spritesDesc/EnRotLasher_Desc.json",
  "walkingType": "NORMAL"
}