 {
"defenseSkill"	: 2,
"attackSkill"	: 250000,
"exp"			: 10,
"maxLvl"		: 32,
"dmgMin"		: 10,
"dmgMax"		: 20,
"dr"			: 3,
"baseSpeed"		: 1,
"attackDelay"	: 1,
"ht"			: 76,
"name"			:"Странное растение",
"name_objective":"растение",
"description"	:"Странный сине-зелёный корень.",
"gender"		:"masculine",
"spriteDesc"	:"spritesDesc/EnRotLasher_Desc.json",
 "scriptFile"	: "scripts/mobs/CrystalGuard",
"lootChance"	: 0,
"attackRange"	: 32,
"walkingType"	: "NORMAL",
"canBePet"		: true,
"flying" : false,
"friendly"		: false
}
