
 {
"defenseSkill"	: 0,
"attackSkill"	: 0,
"exp"			: 4,
"maxLvl"		: 31,
"dmgMin"		: 0,
"dmgMax"		: 0,
"dr"			: 5,
"baseSpeed"		: 0,
"attackDelay"	: 10000,
"ht"			: 100,
"name"			:"Странное растение",
"name_objective":"растение",
"description"	:"Огромная голубо-зелёная сфера.",
"gender"		:"masculine",
"spriteDesc"	:"spritesDesc/EnRot_Desc.json",
 "scriptFile"	: "scripts/mobs/EnRot",
"lootChance"	: 0,
"attackRange"	: 0,
"walkingType"	: "NORMAL",
"canBePet"		: false,
"flying"		: false,
"friendly"		: false
}
