 {
"defenseSkill"	: 20,
"attackSkill"	: 25,
"exp"			: 20,
"maxLvl"		: 32,
"dmgMin"		: 30,
"dmgMax"		: 40,
"dr"			: 3,
"baseSpeed"		: 1,
"attackDelay"	: 1,
"ht"			: 70,
"name"			:"Высшая Гидра",
"name_objective":"Гидру",
"description"	:"Эта огромная гидра с тремя головами.",
"gender"		:"masculine",
"spriteDesc"	:"spritesDesc/EpicHydra_Desc.json",
 "scriptFile"	: "scripts/mobs/EpicHydra",
"loot":{"kind":"SkeletonKey"},
"lootChance"	: 1,
"attackRange"	: 1,
"walkingType"	: "NORMAL",
"canBePet"		: false,
"flying"		: false,
"friendly"		: false
}
