 {
"defenseSkill"	: 6,
"attackSkill"	: 35,
"exp"			: 10,
"maxLvl"		: 32,
"dmgMin"		: 50,
"dmgMax"		: 60,
"dr"			: 10,
"baseSpeed"		: 1,
"attackDelay"	: 1,
"ht"			: 50,
"name"			:"Заклинатель",
"name_objective":"Заклинателя",
"description"	:"Этот мужчина одет в красную мантию. Вокруг него особое магическое поле. Это явно один из тех, кто смог дойти так далеко.",
"gender"		:"masculine",
"spriteDesc"	:"spritesDesc/EpicSummoner_Desc.json",
 "scriptFile"	: "scripts/mobs/EpicSummoner",
 "lootChance"	: 1,
"attackRange"	: 4,
"walkingType"	: "NORMAL",
"canBePet"		: false,
"flying"		: false,
"friendly"		: false
}
