{
  "attackDelay": 6,
  "attackRange": 32,
  "attackSkill": 0,
  "baseSpeed": 1,
  "canBePet": false,
  "defenseSkill": 15,
  "description": "EpicIceRunicSkull_Desc",
  "dmgMax": 40,
  "dmgMin": 30,
  "dr": 2,
  "exp": 5,
  "flying": false,
  "friendly": false,
  "gender": "EpicIceRunicSkull_Gender",
  "ht": 70,
  "maxLvl": 0,
  "name": "EpicIceRunicSkull_Name",
  "name_objective": "EpicIceRunicSkull_Object",
  "scriptFile": "scripts/mobs/EpicIceRunicSkull",
  "spriteDesc": "spritesDesc/IceRunicSkull_Desc.json",
  "walkingType": "NORMAL"
}