{
  "attackDelay": 1,
  "attackRange": 10000,
  "attackSkill": 35,
  "baseSpeed": 1,
  "canBePet": true,
  "defenseSkill": 6,
  "description": "EpicSummoner_Desc",
  "dmgMax": 0,
  "dmgMin": 0,
  "dr": 10,
  "exp": 10,
  "flying": false,
  "friendly": false,
  "gender": "EpicSummoner_Gender",
  "ht": 50,
  "lootChance": 1,
  "maxLvl": 32,
  "name": "EpicSummoner_Name",
  "name_objective": "EpicSummoner_Object",
  "scriptFile": "scripts/mobs/EpicSummoner",
  "spriteDesc": "spritesDesc/EpicSummoner_Desc.json",
  "walkingType": "NORMAL"
}