{
  "attackDelay": 1,
  "attackRange": 1,
  "attackSkill": 25,
  "baseSpeed": 1,
  "canBePet": false,
  "defenseSkill": 20,
  "description": "EpicElemental_Desc",
  "dmgMax": 50,
  "dmgMin": 30,
  "dr": 3,
  "exp": 10,
  "flying": true,
  "friendly": false,
  "gender": "EpicElemental_Gender",
  "ht": 70,
  "immunities": [
    "Fire",
    "LiquidFlame",
    "Burning"
  ],
  "loot": {
    "kind": "Artifacts/HeardOfFire"
  },
  "lootChance": 1,
  "maxLvl": 32,
  "name": "EpicElemental_Name",
  "name_objective": "EpicElemental_Object",
  "scriptFile": "scripts/mobs/EpicElemental",
  "spriteDesc": "spritesDesc/EpicElemental_Desc.json",
  "walkingType": "NORMAL"
}