 {
"defenseSkill"	: 20,
"attackSkill"	: 30,
"exp"			: 20,
"maxLvl"		: 32,
"dmgMin"		: 10,
"dmgMax"		: 50,
"dr"			: 4,
"baseSpeed"		: 1,
"attackDelay"	: 1,
"ht"			: 600,
"name"			:"Падший",
"name_objective":"Падшого",
"description"	:"Огромная ожившая груда костей. Ну хоть что-то мы не сплагиатили!",
 "scriptFile"	: "scripts/mobs/Fallen",
"gender"		:"masculine",
"spriteDesc"	:"spritesDesc/Fallen_Desc.json",
 "lootChance"	: 0,
"attackRange"	: 1000,
"walkingType"	: "NORMAL",
"canBePet"		: true,
"flying"		: true,
"friendly"		: false
}
