{
  "attackDelay": 1,
  "attackRange": 1000,
  "attackSkill": 30,
  "baseSpeed": 1,
  "canBePet": true,
  "defenseSkill": 20,
  "description": "Falle_Desc",
  "dmgMax": 50,
  "dmgMin": 10,
  "dr": 4,
  "exp": 20,
  "flying": true,
  "friendly": false,
  "gender": "Falle_Gender",
  "ht": 450,
  "lootChance": 0,
  "maxLvl": 32,
  "name": "Falle_Name",
  "name_objective": "Falle_Object",
  "scriptFile": "scripts/mobs/Fallen",
  "spriteDesc": "spritesDesc/Fallen_Desc.json",
  "walkingType": "NORMAL"
}