{
  "attackDelay": 1,
  "attackRange": 100,
  "attackSkill": 17,
  "baseSpeed": 1,
  "canBePet": true,
  "defenseSkill": 14,
  "description": "FireNefrit_Desc",
  "dmgMax": 75,
  "dmgMin": 25,
  "dr": 5,
  "exp": 6,
  "flying": true,
  "friendly": false,
  "gender": "FireNefrit_Gender",
  "ht": 170,
  "immunities": [
    "Fire",
    "LiquidFlame",
    "Burning"
  ],
  "loot": {
    "kind": "Gold"
  },
  "lootChance": 0.1,
  "maxLvl": 34,
  "name": "FireNefrit_Name",
  "name_objective": "FireNefrit_Object",
  "scriptFile": "scripts/mobs/FireNefrit",
  "spriteDesc": "spritesDesc/FireNefrit_Desc.json",
  "walkingType": "NORMAL"
}