
 {
"defenseSkill"	: 14,
"attackSkill"	: 17,
"exp"			: 6,
"maxLvl"		: 34,
"dmgMin"		: 25,
"dmgMax"		: 75,
"dr"			: 5,
"baseSpeed"		: 1,
"attackDelay"	: 1,
"ht"			: 170,
"name"			:"Огненный эфрит",
"name_objective":"Эфрита",
"description"	: "Эти существа были названы в честь древней рассы волшебников, когда-то проживающих в ледяных горах Альдрона (недалеко от Подземки). После битвы с древним богом хаоса от их цевилизации остальсь лишь руины...",
"gender"		:"masculine",
"spriteDesc"	:"spritesDesc/FireNefrit_Desc.json",
 "scriptFile"	: "scripts/mobs/FireNefrit",
"lootChance"	: 0.1,
"loot":{"kind":"Wands/FireNefritWand"},
"attackRange"	: 100,
"walkingType"	: "NORMAL",
"canBePet"		: true,
"flying" : true,
"friendly"		: false
}
