{
  "attackDelay": 1,
  "attackRange": 100,
  "attackSkill": 17,
  "baseSpeed": 1,
  "canBePet": true,
  "defenseSkill": 14,
  "description": "FireGuard_Desc",
  "dmgMax": 75,
  "dmgMin": 25,
  "dr": 5,
  "exp": 6,
  "flying": false,
  "friendly": false,
  "gender": "FireGuard_Gender",
  "ht": 120,
  "immunities": [
    "Fire",
    "LiquidFlame",
    "Burning"
  ],
  "lootChance": 0.5,
  "maxLvl": 34,
  "name": "FireGuard_Name",
  "name_objective": "FireGuard_Object",
  "scriptFile": "scripts/mobs/FireGuard",
  "spriteDesc": "spritesDesc/FireGuard_Desc.json",
  "walkingType": "NORMAL"
}