{
  "attackDelay": 1,
  "attackRange": 0,
  "attackSkill": 25,
  "baseSpeed": 1,
  "canBePet": true,
  "defenseSkill": 20,
  "description": "FlyGreed_Desc",
  "dmgMax": 60,
  "dmgMin": 30,
  "dr": 3,
  "exp": 20,
  "flying": false,
  "friendly": false,
  "gender": "FlyGreed_Gender",
  "ht": 150,
  "lootChance": 0,
  "maxLvl": 32,
  "name": "FlyGreed_Name",
  "name_objective": "FlyGreed_Object",
  "scriptFile": "scripts/mobs/FlyGreed",
  "spriteDesc": "spritesDesc/FlyGreed_Desc.json",
  "walkingType": "NORMAL"
}