{
  "attackDelay": 6,
  "attackRange": 32,
  "attackSkill": 100000,
  "baseSpeed": 1,
  "canBePet": false,
  "defenseSkill": 5,
  "description": "FrostRunicSkull_Desc",
  "dmgMax": 40,
  "dmgMin": 30,
  "dr": 2,
  "exp": 0,
  "flying": false,
  "friendly": false,
  "gender": "FrostRunicSkull_Gender",
  "ht": 100,
  "maxLvl": 0,
  "name": "FrostRunicSkull_Name",
  "name_objective": "FrostRunicSkull_Object",
  "scriptFile": "scripts/mobs/FrostRunicSkull",
  "spriteDesc": "spritesDesc/FrostRunicSkull_Desc.json",
  "walkingType": "NORMAL"
}