{
  "attackDelay": 1,
  "attackRange": 1,
  "attackSkill": 12,
  "baseSpeed": 1,
  "canBePet": true,
  "defenseSkill": 9,
  "description": "FungusGnoll_Desc",
  "dmgMax": 70,
  "dmgMin": 20,
  "dr": 1,
  "exp": 5,
  "flying": false,
  "friendly": false,
  "gender": "FungusGnoll_Gender",
  "ht": 90,
  "loot": {
    "kind": "Ration/Fungus"
  },
  "lootChance": 0.2,
  "maxLvl": 31,
  "name": "FungusGnoll_Name",
  "name_objective": "FungusGnoll_Object",
  "spriteDesc": "spritesDesc/FungusGnoll_Desc.json",
  "viewDistance": 10,
  "walkingType": "NORMAL"
}