{
  "attackDelay": 1,
  "attackRange": 32,
  "attackSkill": 30,
  "baseSpeed": 1,
  "canBePet": true,
  "defenseSkill": 15,
  "description": "FungusShadowScorpi_Desc",
  "dmgMax": 50,
  "dmgMin": 15,
  "dr": 4,
  "exp": 4,
  "flying": false,
  "friendly": false,
  "gender": "FungusShadowScorpi_Gender",
  "ht": 50,
  "loot": {
    "kind": "Ration/Fungus"
  },
  "lootChance": 0.2,
  "maxLvl": 20,
  "name": "FungusShadowScorpi_Name",
  "name_objective": "FungusShadowScorpi_Object",
  "scriptFile": "scripts/mobs/ShadowScorpio",
  "spriteDesc": "spritesDesc/FungusShadowScorpio_Desc.json",
  "walkingType": "NORMAL"
}