{
  "attackDelay": 1,
  "attackRange": 100,
  "attackSkill": 12,
  "baseSpeed": 1,
  "canBePet": true,
  "defenseSkill": 9,
  "description": "FungusLasher_Desc",
  "dmgMax": 70,
  "dmgMin": 20,
  "dr": 1,
  "exp": 5,
  "flying": false,
  "friendly": false,
  "gender": "FungusLasher_Gender",
  "ht": 90,
  "lootChance": 0,
  "maxLvl": 31,
  "name": "FungusLasher_Name",
  "name_objective": "FungusLasher_Object",
  "scriptFile": "scripts/mobs/BlueBall",
  "spriteDesc": "spritesDesc/FungusLasher_Desc.json",
  "viewDistance": 16,
  "walkingType": "NORMAL"
}