
 {
"defenseSkill"	: 9,
"attackSkill"	: 12,
"exp"			: 5,
"maxLvl"		: 31,
"dmgMin"		: 20,
"dmgMax"		: 70,
"dr"			: 1,
"baseSpeed"		: 1,
"attackDelay"	: 1,
"ht"			: 90,
"viewDistance"	: 16,
"name"			:"Наростообразное щупальце",
"name_objective":"щупальце",
"description"	:"Этот цветок выглядит красивым, если не учесть, что он движется и готов кого-нибудь убить... например тебя...",
"gender"		:"masculine",
"spriteDesc"	:"spritesDesc/FungusLasher_Desc.json",
 "scriptFile"	: "scripts/mobs/BlueBall",
"lootChance"	: 0,
"attackRange"	: 100,
"walkingType"	: "NORMAL",
"canBePet"		: true,
"flying" : false,
"friendly"		: false
}
