{
  "attackDelay": 1,
  "attackRange": 10,
  "attackSkill": 15,
  "baseSpeed": 1,
  "canBePet": true,
  "defenseSkill": 10,
  "description": "GaurdMonk_Desc",
  "dmgMax": 15,
  "dmgMin": 5,
  "dr": 4,
  "exp": 3,
  "flying": false,
  "friendly": false,
  "gender": "GaurdMonk_Gender",
  "ht": 40,
  "lootChance": 0,
  "maxLvl": 20,
  "name": "GaurdMonk_Name",
  "name_objective": "GaurdMonk_Object",
  "scriptFile": "scripts/mobs/GaurdMonk",
  "spriteDesc": "spritesDesc/GaurdMonk_Desc.json",
  "walkingType": "NORMAL"
}