 {
"defenseSkill"	: 100,
"attackSkill"	: 25,
"exp"			: 20,
"maxLvl"		: 32,
"dmgMin"		: 30,
"dmgMax"		: 40,
"dr"			: 3,
"baseSpeed"		: 1,
"attackDelay"	: 1,
"ht"			: 4,
"name"			:"Призрачный ангел",
"name_objective":"Ангела",
"description"	:"Призрак ангела, только как он...неважно",
"gender"		:"masculine",
"spriteDesc"	:"spritesDesc/GhostAngel_Desc.json",
"lootChance"	: 0,
"attackRange"	: 1000,
"walkingType"	: "ABSOLUTE",
"canBePet"		: true,
"flying"		: true,
"friendly"		: false
}
