 {
"defenseSkill"	: 15,
"attackSkill"	: 20,
"exp"			: 5,
"maxLvl"		: 32,
"dmgMin"		: 30,
"dmgMax"		: 40,
"dr"			: 3,
"baseSpeed"		: 1,
"attackDelay"	: 1,
"ht"			: 50,
"name"			:"Гнолл разведчик",
"name_objective":"Гнолла",
"description"	:"Гноллы разведчики очень редки. В обществе они занимают почётное место, так как очень умны, быстры и сильны *(один из них даже искусно находил баги).",
"gender"		:"masculine",
"spriteDesc"	:"spritesDesc/GnollLiber_Desc.json",
 "loot": { "kind":"Gold",        "quantity": 250 },
"lootChance"	: 0.25,
"attackRange"	: 1,
"walkingType"	: "NORMAL",
"canBePet"		: true,
"flying"		: true,
"friendly"		: false
}
