 {
"defenseSkill"	: 20,
"attackSkill"	: 25,
"exp"			: 10,
"maxLvl"		: 32,
"dmgMin"		: 30,
"dmgMax"		: 50,
"dr"			: 3,
"baseSpeed"		: 1,
"attackDelay"	: 1,
"ht"			: 70,
"name"			:"Золотой голем",
"name_objective":"Голема",
"description"	:"Голем, полностью сделанный из золота. Кому могло придти в голову создать что-то подобное?",
"gender"		:"masculine",
"spriteDesc"	:"spritesDesc/GoldenGolem_Desc.json",
 "scriptFile"	: "scripts/mobs/GoldenGolem",
"lootChance"	: 0,
"attackRange"	: 1,
"walkingType"	: "NORMAL",
"canBePet"		: false,
"flying" : true,
"friendly"		: false
}
