{
  "attackDelay": 1,
  "attackRange": 1,
  "attackSkill": 25,
  "baseSpeed": 1,
  "canBePet": false,
  "defenseSkill": 20,
  "description": "GoldenGolem_Desc",
  "dmgMax": 50,
  "dmgMin": 30,
  "dr": 3,
  "exp": 10,
  "flying": true,
  "friendly": false,
  "gender": "GoldenGolem_Gender",
  "ht": 70,
  "lootChance": 0,
  "maxLvl": 32,
  "name": "GoldenGolem_Name",
  "name_objective": "GoldenGolem_Object",
  "scriptFile": "scripts/mobs/GoldenGolem",
  "spriteDesc": "spritesDesc/GoldenGolem_Desc.json",
  "walkingType": "NORMAL"
}