 {
"defenseSkill"	: 15,
"attackSkill"	: 12,
"exp"			: 5,
"maxLvl"		: 32,
"dmgMin"		: 30,
"dmgMax"		: 40,
"dr"			: 20,
"baseSpeed"		: 1,
"attackDelay"	: 1,
"ht"			: 30,
"name"			:"Золотой страж",
"name_objective":"стража",
"description"	:"Эта статуя полность сделана из золота. Она будет атаковать тебя если твоя дистанция будет меньше 4 клеток.",
"gender"		:"masculine",
"spriteDesc"	:"spritesDesc/GoldenGaurd_Desc.json",
 "scriptFile"	: "scripts/mobs/GoldenGaurd",
"attackRange"	: 1,
"walkingType"	: "NORMAL",
"canBePet"		: false,
"flying"		: false,
"friendly"		: false
}
