
 {
"defenseSkill"	: 9,
"attackSkill"	: 12,
"exp"			: 5,
"maxLvl"		: 31,
"dmgMin"		: 20,
"dmgMax"		: 70,
"dr"			: 1,
"baseSpeed"		: 1,
"attackDelay"	: 5,
"ht"			: 100,
"name"			:"Чернильный ангел",
"name_objective":"Ангела",
"description"	:"Созданный Сантой- владыкой глубин, этот ангел защищает чернильное царство.",
"gender"		:"masculine",
"spriteDesc"	:"spritesDesc/GooAngel_Desc.json",
 "scriptFile"	: "scripts/mobs/GooAngel",
"lootChance"	: 0,
"attackRange"	: 100,
"walkingType"	: "NORMAL",
"canBePet"		: true,
"flying" : true,
"friendly"		: false
}
