{
  "attackDelay": 5,
  "attackRange": 100,
  "attackSkill": 12,
  "baseSpeed": 1,
  "canBePet": true,
  "defenseSkill": 9,
  "description": "GooAngel_Desc",
  "dmgMax": 70,
  "dmgMin": 20,
  "dr": 1,
  "exp": 5,
  "flying": true,
  "friendly": false,
  "gender": "GooAngel_Gender",
  "ht": 100,
  "lootChance": 0,
  "maxLvl": 31,
  "name": "GooAngel_Name",
  "name_objective": "GooAngel_Object",
  "scriptFile": "scripts/mobs/GooAngel",
  "spriteDesc": "spritesDesc/GooAngel_Desc.json",
  "walkingType": "NORMAL"
}