{
  "attackDelay": 5,
  "attackRange": 100,
  "attackSkill": 12,
  "baseSpeed": 1,
  "canBePet": true,
  "defenseSkill": 9,
  "description": "GooBall_Desc",
  "dmgMax": 70,
  "dmgMin": 20,
  "dr": 1,
  "exp": 5,
  "flying": false,
  "friendly": false,
  "gender": "GooBall_Gender",
  "ht": 90,
  "lootChance": 1,
  "maxLvl": 31,
  "name": "GooBall_Name",
  "name_objective": "GooBall_Object",
  "scriptFile": "scripts/mobs/GooBall",
  "spriteDesc": "spritesDesc/GooBall_Desc.json",
  "walkingType": "NORMAL"
}