
 {
"defenseSkill"	: 9,
"attackSkill"	: 12,
"exp"			: 5,
"maxLvl"		: 31,
"dmgMin"		: 20,
"dmgMax"		: 70,
"dr"			: 1,
"baseSpeed"		: 1,
"attackDelay"	: 5,
"ht"			: 90,
"name"			:"Слизнивый кокон",
"name_objective":"Кокон",
"description"	:"Странный чёрный кокон из которого струится слизь.",
"gender"		:"masculine",
"spriteDesc"	:"spritesDesc/GooBall_Desc.json",
 "scriptFile"	: "scripts/mobs/GooBall",
"lootChance"	: 1,
"attackRange"	: 100,
"walkingType"	: "NORMAL",
"canBePet"		: true,
"flying" : false,
"friendly"		: false
}
