{
  "attackDelay": 5,
  "attackRange": 1,
  "attackSkill": 12,
  "baseSpeed": 1,
  "canBePet": true,
  "defenseSkill": 9,
  "description": "GooElemental_Desc",
  "dmgMax": 50,
  "dmgMin": 20,
  "dr": 1,
  "exp": 5,
  "flying": false,
  "friendly": false,
  "gender": "GooElemental_Gender",
  "ht": 90,
  "lootChance": 0,
  "maxLvl": 31,
  "name": "GooElemental_Name",
  "name_objective": "GooElemental_Object",
  "scriptFile": "scripts/mobs/GooGoo",
  "spriteDesc": "spritesDesc/GooElemental_Desc.json",
  "walkingType": "NORMAL"
}