
 {
"defenseSkill"	: 9,
"attackSkill"	: 12,
"exp"			: 5,
"maxLvl"		: 31,
"dmgMin"		: 20,
"dmgMax"		: 50,
"dr"			: 1,
"baseSpeed"		: 1,
"attackDelay"	: 5,
"ht"			: 90,
"name"			:"Слизьнивый елементаль",
"name_objective":"Елементаля",
"description"	:"Странный летающий тёмный огонёк...",
"gender"		:"masculine",
"spriteDesc"	:"spritesDesc/GooElemental_Desc.json",
 "scriptFile"	: "scripts/mobs/GooGoo",
"lootChance"	: 0,
"attackRange"	: 1,
"walkingType"	: "NORMAL",
"canBePet"		: true,
"flying" : false,
"friendly"		: false
}
