{
  "attackDelay": 1,
  "attackRange": 32,
  "attackSkill": 250000,
  "baseSpeed": 1,
  "canBePet": false,
  "defenseSkill": 2,
  "description": "GooTeeth_Desc",
  "dmgMax": 50,
  "dmgMin": 30,
  "dr": 3,
  "exp": 10,
  "flying": false,
  "friendly": false,
  "gender": "GooTeeth_Gender",
  "ht": 100,
  "lootChance": 0,
  "maxLvl": 32,
  "name": "GooTeeth_Name",
  "name_objective": "GooTeeth_Object",
  "scriptFile": "scripts/mobs/GooTeeth",
  "spriteDesc": "spritesDesc/GooTeeth_Desc.json",
  "walkingType": "NORMAL"
}