 {
"defenseSkill"	: 2,
"attackSkill"	: 250000,
"exp"			: 10,
"maxLvl"		: 32,
"dmgMin"		: 30,
"dmgMax"		: 50,
"dr"			: 3,
"baseSpeed"		: 1,
"attackDelay"	: 1,
"ht"			: 100,
"name"			:"Чернильная пасть",
"name_objective":"пасть",
"description"	:"Надо было утром почистить... Вчера утром...",
"gender"		:"masculine",
"spriteDesc"	:"spritesDesc/GooTeeth_Desc.json",
 "scriptFile"	: "scripts/mobs/GooTeeth",
"lootChance"	: 0,
"attackRange"	: 32,
"walkingType"	: "NORMAL",
"canBePet"		: false,
"flying" : false,
"friendly"		: false
}
