{
  "aiState": "Hunting",
  "attackDelay": 1,
  "attackRange": 1,
  "attackSkill": 25,
  "baseSpeed": 1,
  "canBePet": true,
  "defenseSkill": 20,
  "description": "GooZombie_Desc",
  "dmgMax": 40,
  "dmgMin": 30,
  "dr": 3,
  "exp": 20,
  "flying": false,
  "friendly": false,
  "gender": "GooZombie_Gender",
  "ht": 300,
  "lootChance": 0,
  "maxLvl": 32,
  "name": "GooZombie_Name",
  "name_objective": "GooZombie_Object",
  "spriteDesc": "spritesDesc/GooZombie_Desc.json",
  "walkingType": "NORMAL"
}