 {
"defenseSkill"	: 20,
"attackSkill"	: 25,
"exp"			: 20,
"maxLvl"		: 32,
"dmgMin"		: 30,
"dmgMax"		: 40,
"dr"			: 3,
"baseSpeed"		: 1,
"attackDelay"	: 1,
"ht"			: 300,
"name"			:"Чернильный зомби",
"name_objective":"Зомби",
"description"	:"Это существо состоит из чернил и отдалённо напоминает человека.",
"gender"		:"masculine",
"spriteDesc"	:"spritesDesc/GooZombie_Desc.json",
"lootChance"	: 0,
"attackRange"	: 1,
"walkingType"	: "NORMAL",
"canBePet"		: true,
"flying"		: false,
"friendly"		: false,
"aiState": "Hunting"
}
