
 {
"defenseSkill"	: 9,
"attackSkill"	: 15,
"exp"			: 4,
"maxLvl"		: 31,
"dmgMin"		: 60,
"dmgMax"		: 80,
"dr"			: 5,
"baseSpeed"		: 1,
"attackDelay"	: 1,
"ht"			: 5900,
"name"			:"Безумный король",
"name_objective":"Короля",
"description"	:"Этот зомби дворф или что?.. Чувак, это очень сложно описать.",
"gender"		:"masculine",
"spriteDesc"	:"spritesDesc/GreedKing_Desc.json",
 "scriptFile"	: "scripts/bosses/GreedKing",
"lootChance"	: 0,
"attackRange"	: 1,
"walkingType"	: "NORMAL",
"canBePet"		: false,
"flying"		: false,
"friendly"		: false
}
