 {
"defenseSkill"	: 8,
"attackSkill"	: 11,
"exp"			: 2,
"maxLvl"		: 10,
"dmgMin"		: 4,
"dmgMax"		: 5,
"dr"			: 2,
"baseSpeed"		: 1,
"attackDelay"	: 1,
"ht"			: 30,
"name"			:"Страж тюрьмы",
"name_objective":"Стража",
"description"	:"Давным-давно эти стражники сошли с ума и теперь до сих пор здесь. Они безсмысленно ходят по комнатам в поисках того, чего здесь не должно быть. Например вас!",
"gender"		:"masculine",
"spriteDesc"	:"spritesDesc/Guard_Desc.json",
 "scriptFile"	: "scripts/mobs/Guard",
"lootChance"	: 0,
"attackRange"	: 6,
"walkingType"	: "NORMAL",
"canBePet"		: true,
"flying"		: false,
"friendly"		: false
}
