 {
"defenseSkill"	: 100,
"attackSkill"	: 4,
"exp"			: 3,
"maxLvl"		: 5,
"dmgMin"		: 2,
"dmgMax"		: 5,
"dr"			: 4,
"baseSpeed"		: 1,
"attackDelay"	: 1,
"ht"			: 20,
"name"			:"Древний краб",
"name_objective":"Краба",
"description"	:"Этот огромный краб движется очень неуклюже: ему мешает его гигантская клешня.",
"gender"		:"masculine",
"spriteDesc"	:"spritesDesc/GuatCrab_Desc.json", 
"loot": {"kind":"MysteryMeat", "quantity": 2 },
"lootChance"	: 0.25,
"attackRange"	: 1,
"walkingType"	: "NORMAL",
"defenceVerb": "Блокирует",
 "scriptFile"	: "scripts/mobs/GuatCrab",
"canBePet"		: false,
"flying"		: false,
"friendly"		: false
}
