
 {
"defenseSkill"	: 9,
"attackSkill"	: 15,
"exp"			: 4,
"maxLvl"		: 31,
"dmgMin"		: 40,
"dmgMax"		: 50,
"dr"			: 5,
"baseSpeed"		: 1,
"attackDelay"	: 1,
"ht"			: 200,
"name"			:"Голод",
"name_objective":"Война",
"description"	:"Плаааааааааагиаааааат!",
"gender"		:"masculine",
"spriteDesc"	:"spritesDesc/Hangry_Desc.json",
 "scriptFile"	: "scripts/mobs/Hangry",
"lootChance"	: 0.5,
"attackRange"	: 5,
"walkingType"	: "NORMAL",
"canBePet"		: true,
"flying"		: true,
"friendly"		: false
}
