{
  "attackDelay": 1,
  "attackRange": 5,
  "attackSkill": 15,
  "baseSpeed": 1,
  "canBePet": true,
  "defenseSkill": 9,
  "description": "Hangry_Desc",
  "dmgMax": 50,
  "dmgMin": 40,
  "dr": 5,
  "exp": 4,
  "flying": true,
  "friendly": false,
  "gender": "Hangry_Gender",
  "ht": 200,
  "lootChance": 0.5,
  "maxLvl": 31,
  "name": "Hangry_Name",
  "name_objective": "Hangry_Object",
  "scriptFile": "scripts/miniBosses/Hangry",
  "spriteDesc": "spritesDesc/Hangry_Desc.json",
  "walkingType": "NORMAL"
}