{
  "attackDelay": 1,
  "attackRange": 1,
  "attackSkill": 20,
  "baseSpeed": 1,
  "canBePet": false,
  "defenseSkill": 15,
  "description": "Hydra2_Desc",
  "dmgMax": 20,
  "dmgMin": 15,
  "dr": 2,
  "exp": 2,
  "flying": false,
  "friendly": false,
  "gender": "Hydra2_Gender",
  "ht": 25,
  "loot": {
    "kind": "MysteryMeat"
  },
  "lootChance": 0.25,
  "maxLvl": 32,
  "name": "Hydra2_Name",
  "name_objective": "Hydra2_Object",
  "spriteDesc": "spritesDesc/Hydra_Desc.json",
  "walkingType": "NORMAL"
}