 {
"defenseSkill"	: 15,
"attackSkill"	: 20,
"exp"			: 2,
"maxLvl"		: 32,
"dmgMin"		: 15,
"dmgMax"		: 20,
"dr"			: 2,
"baseSpeed"		: 1,
"attackDelay"	: 1,
"ht"			: 50,
"name"			:"Гидра",
"name_objective":"Гидру",
"description"	:"Это существо выглядит как гигантская толстая неуклюжая змея.",
"gender"		:"masculine",
"spriteDesc"	:"spritesDesc/Hydra_Desc.json",
 "scriptFile"	: "scripts/mobs/Hydra",
"lootChance"	: 0,
"attackRange"	: 1,
"walkingType"	: "NORMAL",
"canBePet"		: false,
"flying"		: false,
"friendly"		: false
}
