 {
"defenseSkill"	: 10,
"attackSkill"	: 20,
"exp"			: 4,
"maxLvl"		: 20,
"dmgMin"		: 70,
"dmgMax"		: 100,
"dr"			: 2,
"baseSpeed"		: 1,
"attackDelay"	: 1,
"ht"			: 500,
"name"			:"Ледяной ангел",
"name_objective":"Ангела",
"description"	:"Перья этого ангела куда крепче, чем кажутся.",
"gender"		:"masculine",
"spriteDesc"	:"spritesDesc/IceAngel_Desc.json",
 "scriptFile"	: "scripts/mobs/IceNefrit",
"lootChance"	: 0.5,
"loot": { "kind": "Gold" },
"attackRange"	: 32,
"walkingType"	: "NORMAL",
"canBePet"		: true,
"flying" : true,
"friendly"		: false
}
