
 {
"defenseSkill"	: 9,
"attackSkill"	: 15,
"exp"			: 4,
"maxLvl"		: 31,
"dmgMin"		: 80,
"dmgMax"		: 135,
"dr"			: 5,
"baseSpeed"		: 1,
"attackDelay"	: 1,
"ht"			: 500,
"name"			:"Ледяной кристалл",
"name_objective":"Кристалл",
"description"	:"Кристалл, наполненный магией льда медленно парит в воздухе. *(вот именно такие враги, делают сумку для зелий на вес золота)",
"gender"		:"masculine",
"spriteDesc"	:"spritesDesc/IceCrystal_Desc.json",
 "scriptFile"	: "scripts/mobs/IceCrystal",
"lootChance"	: 0.5,
"loot":{"kind":"Shards/IceShard"},
"attackRange"	: 500,
"walkingType"	: "NORMAL",
"canBePet"		: false,
"flying"		: false,
"friendly"		: false
}
