{
  "attackDelay": 1,
  "attackRange": 500,
  "attackSkill": 15,
  "baseSpeed": 1,
  "canBePet": false,
  "defenseSkill": 9,
  "description": "IceCrystal_Desc",
  "dmgMax": 135,
  "dmgMin": 80,
  "dr": 5,
  "exp": 4,
  "flying": false,
  "friendly": false,
  "gender": "IceCrystal_Gender",
  "ht": 500,
  "loot": {
    "kind": "Shards/IceShard"
  },
  "lootChance": 0.5,
  "maxLvl": 31,
  "name": "IceCrystal_Name",
  "name_objective": "IceCrystal_Object",
  "scriptFile": "scripts/mobs/IceCrystal",
  "spriteDesc": "spritesDesc/IceCrystal_Desc.json",
  "walkingType": "NORMAL"
}