 {
"defenseSkill"	: 10,
"attackSkill"	: 20,
"exp"			: 4,
"maxLvl"		: 20,
"dmgMin"		: 7,
"dmgMax"		: 10,
"dr"			: 2,
"baseSpeed"		: 1,
"attackDelay"	: 1,
"ht"			: 50,
"name"			:"Ледяной эфрит",
"name_objective":"Эфрита",
"description"	:"Ледяные эфриты- это смесь духа мороза и ледяных элементалей. Сами они состоят из головы и нескольких ледяных стержней, вращающихся вокруг.",
"gender"		:"masculine",
"spriteDesc"	:"spritesDesc/IceNefrit_Desc.json",
 "scriptFile"	: "scripts/mobs/IceNefrit",
"lootChance"	: 0.5,
"loot": { "kind": "NefritWand" },
"attackRange"	: 32,
"walkingType"	: "NORMAL",
"canBePet"		: true,
"flying"		: true,
"friendly"		: false
}
