{
  "attackDelay": 6,
  "attackRange": 32,
  "attackSkill": 100000,
  "baseSpeed": 1,
  "canBePet": true,
  "defenseSkill": 5,
  "description": "IceRunicSkull_Desc",
  "dmgMax": 40,
  "dmgMin": 30,
  "dr": 2,
  "exp": 0,
  "flying": false,
  "friendly": false,
  "gender": "IceRunicSkull_Gender",
  "ht": 100,
  "maxLvl": 0,
  "name": "IceRunicSkull_Name",
  "name_objective": "IceRunicSkull_Object",
  "scriptFile": "scripts/mobs/IceRunicSkull",
  "spriteDesc": "spritesDesc/IceRunicSkull_Desc.json",
  "walkingType": "NORMAL"
}