{
  "attackDelay": 1,
  "attackRange": 1,
  "attackSkill": 15,
  "baseSpeed": 1,
  "canBePet": false,
  "defenseSkill": 2,
  "description": "IceSkeletonPet_Desc",
  "dmgMax": 70,
  "dmgMin": 30,
  "dr": 15,
  "exp": 7,
  "flying": false,
  "fraction": "HEROES",
  "friendly": false,
  "gender": "IceSkeletonPet_Gender",
  "ht": 35,
  "immunities": [
    "Paralysis",
    "ToxicGas",
    "Death",
    "Amok",
    "Blindness",
    "Frost",
    "Poison",
    "Vertigo",
    "Bleeding"
  ],
  "lootChance": 0,
  "maxLvl": 32,
  "name": "IceSkeletonPet_Name",
  "name_objective": "IceSkeletonPet_Object",
  "spriteDesc": "spritesDesc/IceSkeleton_Desc.json",
  "walkingType": "NORMAL"
}