 {
"defenseSkill"	: 20,
"attackSkill"	: 25,
"exp"			: 10,
"maxLvl"		: 32,
"dmgMin"		: 30,
"dmgMax"		: 50,
"dr"			: 3,
"baseSpeed"		: 1,
"attackDelay"	: 1,
"ht"			: 300,
"name"			:"Ледяная статуя",
"name_objective":"Статую",
"description"	:"Красивая статуя, полностью сработанная из льда. Жаль, что тебе придётся её разрушить.",
"gender"		:"masculine",
"spriteDesc"	:"spritesDesc/IceStatue_Desc.json",
"lootChance"	: 0,
"attackRange"	: 1,
"walkingType"	: "NORMAL",
"canBePet"		: false,
"flying" : true,
"friendly"		: false
}
