{
  "attackDelay": 1,
  "attackRange": 1,
  "attackSkill": 4,
  "baseSpeed": 1,
  "canBePet": true,
  "defenseSkill": 6,
  "description": "IceSpider_Desc",
  "dmgMax": 6,
  "dmgMin": 3,
  "dr": 2,
  "exp": 3,
  "flying": false,
  "friendly": false,
  "gender": "IceSpider_Gender",
  "ht": 25,
  "loot": {
    "kind": "FrozenCarpaccio"
  },
  "lootChance": 0.25,
  "maxLvl": 10,
  "name": "IceSpider_Name",
  "name_objective": "IceSpider_Object",
  "scriptFile": "scripts/mobs/IceSpider",
  "spriteDesc": "spritesDesc/IceSpider_Desc.json",
  "walkingType": "NORMAL"
}