{
  "attackDelay": 1,
  "attackRange": 1,
  "attackSkill": 15,
  "baseSpeed": 1,
  "canBePet": true,
  "defenseSkill": 2,
  "description": "IceSkelet_Desc",
  "dmgMax": 70,
  "dmgMin": 30,
  "dr": 15,
  "exp": 7,
  "flying": false,
  "friendly": false,
  "gender": "IceSkelet_Gender",
  "ht": 35,
  "immunities": [
    "Paralysis",
    "ToxicGas",
    "Terror",
    "Death",
    "Amok",
    "Blindness",
    "Frost",
    "Poison",
    "Vertigo",
    "Bleeding"
  ],
  "lootChance": 0,
  "maxLvl": 32,
  "name": "IceSkelet_Name",
  "name_objective": "IceSkelet_Object",
  "spriteDesc": "spritesDesc/IceSkeleton_Desc.json",
  "walkingType": "NORMAL"
}