 {
"defenseSkill"	: 6,
"attackSkill"	: 4,
"exp"			: 3,
"maxLvl"		: 10,
"dmgMin"		: 3,
"dmgMax"		: 6,
"dr"			: 2,
"baseSpeed"		: 1,
"attackDelay"	: 1,
"ht"			: 25,
"name"			:"Ледяной паук",
"name_objective":"Паука",
"description"	:"Эти пауки не являются коренными обитателями паучьего логова. Они мигрировали из ледяных пещер. Эти враги очень сильны, так как выделяют особые железы, которые мгновенно замерзают на воздухе.",
"gender"		:"masculine",
"spriteDesc"	:"spritesDesc/IceSpider_Desc.json", 
"loot": {"kind":"FrozenCarpaccio"},
"lootChance"	: 0.25,
"attackRange"	: 1,
"walkingType"	: "NORMAL",
 "scriptFile"	: "scripts/mobs/IceSpider",
"canBePet"		: true,
"flying"		: false,
"friendly"		: false
}
