 {
"defenseSkill"	: 2,
"attackSkill"	: 15,
"exp"			: 7,
"maxLvl"		: 32,
"dmgMin"		: 30,
"dmgMax"		: 70,
"dr"			: 15,
"baseSpeed"		: 1,
"attackDelay"	: 1,
"ht"			: 35,
"name"			:"Порабощённый путник",
"name_objective":"Путника",
"description"	:"Этот путник был убит и возрождён в подчинение тёмными силами.",
"gender"		:"masculine",
"spriteDesc"	:"spritesDesc/IceSkeleton_Desc.json",
"lootChance"	: 0,
"attackRange"	: 1,
"walkingType"	: "NORMAL",
"canBePet"		: false,
"flying"		: false,
"friendly"		: true,
    "immunities": [
      "Paralysis",
      "ToxicGas",
      "Death",
      "Amok",
      "Blindness",
      "Frost",
      "Poison",
      "Vertigo",
      "Bleeding"
    ],
       "fraction"      :"HEROES"




}
