{
  "attackDelay": 1,
  "attackRange": 32,
  "attackSkill": 20,
  "baseSpeed": 1,
  "canBePet": false,
  "defenseSkill": 6,
  "description": "LightCrystal_Desc",
  "dmgMax": 20,
  "dmgMin": 10,
  "dr": 6,
  "exp": 0,
  "flying": false,
  "friendly": false,
  "gender": "LightCrystal_Gender",
  "ht": 100,
  "loot": {
    "kind": "Shards/Shard"
  },
  "lootChance": 1,
  "maxLvl": 0,
  "name": "LightCrystal_Name",
  "name_objective": "LightCrystal_Object",
  "scriptFile": "scripts/mobs/LightCrystal",
  "spriteDesc": "spritesDesc/LightCrystal_Desc.json",
  "walkingType": "CHASM"
}