 {
"defenseSkill"	: 6,
"attackSkill"	: 20,
"exp"			: 0,
"maxLvl"		: 0,
"dmgMin"		: 10,
"dmgMax"		: 20,
"dr"			: 6,
"baseSpeed"		: 1,
"attackDelay"	: 1,
"ht"			: 100,
"name"			:"Призматический крисалл",
"name_objective":"Кристалла",
"description"	:"Этот кристалл парит в воздухе. Наверное, он наполнен магией.",
"gender"		:"masculine",
"spriteDesc"	:"spritesDesc/LightCrystal_Desc.json",
 "scriptFile"	: "scripts/mobs/LightCrystal",
"loot": { "kind":"Shard" },
"lootChance"	: 1,
"attackRange"	: 32,
"walkingType"	: "CHASM",
"canBePet"		: false,
"flying"		: false,
"friendly"		: false
}
