{
  "attackDelay": 1,
  "attackRange": 1,
  "attackSkill": 8,
  "baseSpeed": 1,
  "canBePet": false,
  "defenseSkill": 19,
  "description": "MadMonk_Desc",
  "dmgMax": 60,
  "dmgMin": 10,
  "dr": 0,
  "exp": 6,
  "flying": false,
  "friendly": false,
  "gender": "MadMonk_Gender",
  "ht": 70,
  "loot": {
    "kind": "ScrollOfMagicMapping"
  },
  "lootChance": 0.5,
  "maxLvl": 31,
  "name": "MadMonk_Name",
  "name_objective": "MadMonk_Object",
  "scriptFile": "scripts/mobs/MadMonk",
  "spriteDesc": "spritesDesc/MadMonk_Desc.json",
  "walkingType": "NORMAL"
}