
 {
"defenseSkill"	: 9,
"attackSkill"	: 12,
"exp"			: 5,
"maxLvl"		: 31,
"dmgMin"		: 20,
"dmgMax"		: 70,
"dr"			: 1,
"baseSpeed"		: 1,
"attackDelay"	: 1,
"ht"			: 90,
"viewDistance"	: 10,
"name"			:"Магический страж",
"name_objective":"Стража",
"description"	:"Эти стражи были созданы для охраны этого храма. Они очень похожи на шары ненависти. Существует даже теория, что храм был построен дворфами или же другими подземными расами.",
"gender"		:"masculine",
"spriteDesc"	:"spritesDesc/MagicEye_Desc.json",
 "scriptFile"	: "scripts/mobs/MagicEye",
"loot":{"kind":"Ranged/LightDanger"},
"lootChance"	: 1,
"attackRange"	: 100,
"walkingType"	: "NORMAL",
"canBePet"		: true,
"flying" : true,
"friendly"		: false
}
