 {
"defenseSkill"	: 20,
"attackSkill"	: 15,
"exp"			: 5,
"maxLvl"		: 32,
"dmgMin"		: 10,
"dmgMax"		: 30,
"dr"			: 2,
"baseSpeed"		: 1,
"attackDelay"	: 1,
"ht"			: 30,
"name"			:"Иллюзионист",
"name_objective":"Иллюзиониста",
"description"	:"Этот человек одет в мантию сине-голубого оттенка. В руках он держит странный нефритовый жезл.",
"gender"		:"masculine",
"spriteDesc"	:"spritesDesc/Mirorer_Desc.json",
 "scriptFile"	: "scripts/mobs/Mirorer",
 "loot": { "kind":"ScrollOfMirror" },
"lootChance"	: 1,
"attackRange"	: 32,
"walkingType"	: "NORMAL",
"canBePet"		: false,
"flying"		: false,
"friendly"		: false
}
