 {
"defenseSkill"	: 2,
"attackSkill"	: 10,
"exp"			: 1,
"maxLvl"		: 1,
"dmgMin"		: 2,
"dmgMax"		: 5,
"dr"			: 0,
"baseSpeed"		: 1,
"attackDelay"	: 1,
"ht"			: 50,
"name"			:"Иллюзионист",
"name_objective":"Иллюзиониста",
"description"	:"Этот человек одет в мантию сине-голубого оттенка. В руках он держит странный нефритовый жезл.",
"gender"		:"masculine",
"spriteDesc"	:"spritesDesc/Mirorer_Desc.json",
"lootChance"	: 0,
"attackRange"	: 1,
"walkingType"	: "NORMAL",
"canBePet"		: true,
"flying"		: false,
"friendly"		: false
}
