
 {
"defenseSkill"	: 9,
"attackSkill"	: 12,
"exp"			: 5,
"maxLvl"		: 31,
"dmgMin"		: 20,
"dmgMax"		: 70,
"dr"			: 1,
"baseSpeed"		: 1,
"attackDelay"	: 1,
"ht"			: 90,
"viewDistance"	: 10,
"name"			:"Кошмарный ангел",
"name_objective":"Ангела",
"description"	:"Ангел, сеющий страх и страдания. *(Интересно, а что будет если над ним провести обряд экзорцизма?)",
"gender"		:"masculine",
"spriteDesc"	:"spritesDesc/NightmareAngel_Desc.json",
"loot":{"kind":"Gold"},
"lootChance"	: 1,
"attackRange"	: 100,
"walkingType"	: "NORMAL",
"canBePet"		: true,
"flying" : true,
"friendly"		: false
}
