 {
"defenseSkill"	: 20,
"attackSkill"	: 30,
"exp"			: 20,
"maxLvl"		: 32,
"dmgMin"		: 10,
"dmgMax"		: 50,
"dr"			: 4,
"baseSpeed"		: 1,
"attackDelay"	: 1,
"ht"			: 60,
"name"			:"Ученик искателя",
"name_objective" :"Ученика",
"description"	:"Ученик искателя огня, который пока ничего не нашёл. Как ты на уроках.",
"gender"		:"masculine",
"spriteDesc"	:"spritesDesc/NightmareSpirit_Desc.json",
 "lootChance"	: 0,
"attackRange"	: 1,
"walkingType"	: "NORMAL",
"canBePet"		: true,
"flying"		: true,
"friendly"		: false
}
