 {
"defenseSkill"	: 20,
"attackSkill"	: 30,
"exp"			: 20,
"maxLvl"		: 32,
"dmgMin"		: 10,
"dmgMax"		: 50,
"dr"			: 4,
"baseSpeed"		: 1,
"attackDelay"	: 1,
"ht"			: 70,
"name"			:"Искатель огня",
"name_objective" :"Искателя",
"description"	:"Искатели огня- это преданные слуги труппы.",
"gender"		:"masculine",
"spriteDesc"	:"spritesDesc/NightmareSpiritMaster_Desc.json",
 "scriptFile"	: "scripts/mobs/NightmareSpiritMaster",
 "lootChance"	: 0,
"attackRange"	: 10,
"walkingType"	: "NORMAL",
"canBePet"		: false,
"flying"		: true,
"friendly"		: false
}
