 {
"defenseSkill"	: 4,
"attackSkill"	: 8,
"exp"			: 3,
"maxLvl"		: 5,
"dmgMin"		: 10,
"dmgMax"		: 15,
"dr"			: 0,
"baseSpeed"		: 1,
"attackDelay"	: 1,
"ht"			: 15,
"name"			:"Крыс-чернокнижник",
"name_objective":"Крыса",
"description"	:"Крыса в одеянии могущественного мага выглядит довольно страшно... или смешно.",
"gender"		:"masculine",
"spriteDesc"	:"spritesDesc/RatMage_Desc.json",
"lootChance"	: 1,
"attackRange"	: 1000,
"walkingType"	: "NORMAL",
"canBePet"		: true,
"flying"		: false,
"friendly"		: false
}
