 {
"defenseSkill"	: 2,
"attackSkill"	: 10,
"exp"			: 1,
"maxLvl"		: 1,
"dmgMin"		: 2,
"dmgMax"		: 5,
"dr"			: 0,
"baseSpeed"		: 1,
"attackDelay"	: 1,
"ht"			: 20,
"name"			:"Плёточник",
"name_objective":"Плёточника",
"description"	:"Плёточник- верхний отросток гнилоягоды и её основное средство защиты.",
"gender"		:"masculine",
"spriteDesc"	:"spritesDesc/RotLasher_Desc.json",
"lootChance"	: 0,
"attackRange"	: 10,
"walkingType"	: "CHASM",
"canBePet"		: true,
"flying" : true,
"friendly"		: false
}
