{
   "baseSpeed"     :0,
   "attackDelay"   :1,
   "ht"            :5000000,
   "name"          :"Рунный мастер",
   "name_objective":"хех",
   "description"   :"Толи это тролль, толи это щука- непонятно. Но спросить у него ты стесняешься.",
   "gender"        :"masculine",
   "spriteDesc"    :"spritesDesc/RuneMasterNPC_Desc.json",
   "scriptFile"    :"scripts/npc/RuneMasterNPC",
   "friendly"      :true,
"aiState": "Passive",
   "fraction"      :"NEUTRAL"
}