 {
"defenseSkill"	: 20,
"attackSkill"	: 25,
"exp"			: 20,
"maxLvl"		: 32,
"dmgMin"		: 30,
"dmgMax"		: 40,
"dr"			: 3,
"baseSpeed"		: 1,
"attackDelay"	: 1,
"ht"			: 70,
"name"			:"Страж канализации",
"name_objective":"Стража",
"description"	:"Ожившая статуя, созданная с целью защиты канализации. *(но зачем?)",
"gender"		:"masculine",
"spriteDesc"	:"spritesDesc/SewerGuard_Desc.json",
"lootChance"	: 0,
"attackRange"	: 1,
"walkingType"	: "NORMAL",
"canBePet"		: true,
"flying"		: false,
"friendly"		: false
}
