
 {
"defenseSkill"	: 9,
"attackSkill"	: 15,
"exp"			: 4,
"maxLvl"		: 31,
"dmgMin"		: 0,
"dmgMax"		: 0,
"dr"			: 5,
"baseSpeed"		: 1,
"attackDelay"	: 1,
"ht"			: 200,
"name"			:"Паучий кокон Неруба",
"name_objective":"Кокон",
"description"	:"Чёрный паучий кокон великого Неруба... Отвратительно!",
"gender"		:"masculine",
"spriteDesc"	:"spritesDesc/ShadowSpiderNest_Desc.json",
 "scriptFile"	: "scripts/mobs/ShadowSpiderNest",
"lootChance"	: 0.5,
"attackRange"	: 5,
"walkingType"	: "NORMAL",
"canBePet"		: false,
"flying"		: false,
"friendly"		: false
}
