
 {
"defenseSkill"	: 14,
"attackSkill"	: 17,
"exp"			: 6,
"maxLvl"		: 34,
"dmgMin"		: 25,
"dmgMax"		: 75,
"dr"			: 5,
"baseSpeed"		: 1,
"attackDelay"	: 1,
"ht"			: 190,
"name"			:"Солдат Неруба",
"name_objective":"Солдата",
"description"	:"Неруб- великий и могущественный король пауков.",
"gender"		:"masculine",
"spriteDesc"	:"spritesDesc/ShadowSpider_Desc.json",
 "scriptFile"	: "scripts/mobs/ShadowSpider",
"lootChance"	: 0,
"attackRange"	: 100,
"walkingType"	: "NORMAL",
"canBePet"		: true,
"flying"		: false,
"friendly"		: false
}
