 {
"defenseSkill"	: 15,
"attackSkill"	: 30,
"exp"			: 4,
"maxLvl"		: 20,
"dmgMin"		: 15,
"dmgMax"		: 40,
"dr"			: 4,
"baseSpeed"		: 1,
"attackDelay"	: 1,
"ht"			: 50,
"name"			:"Тёмный скорпион",
"name_objective":"Скорпиона",
"description"	:"Редкая разновидность обычного скорпиона. Тёмные скорпионы- это сильные охотники, и в отличии от своих собратьев они хороши как в дальнем, так и в ближнем боях.",
"gender"		:"masculine",
"spriteDesc"	:"spritesDesc/ShedowScorpio_Desc.json",
 "scriptFile"	: "scripts/mobs/ShedowScorpio",
"lootChance"	: 1,
"loot": { "kind": "Potion/PoisonOfDarknes", "level": 1},
"attackRange"	: 32,
"walkingType"	: "NORMAL",
"canBePet"		: true,
"flying"		: false,
"friendly"		: false
}
