 {
"defenseSkill"	: 2,
"attackSkill"	: 7,
"exp"			: 4,
"maxLvl"		: 10,
"dmgMin"		: 10,
"dmgMax"		: 30,
"dr"			: 1,
"baseSpeed"		: 1,
"attackDelay"	: 1,
"ht"			: 20,
"name"			:"Призыватель",
"name_objective":"Призывателя",
"description"	:"Этот мужчина средних лет одет в чёрную мантию, с белым галстуком и довольно странными жёлтыми узорами на швах. Довольно странно видеть такого человека в таком месте.",
"gender"		:"masculine",
"spriteDesc"	:"spritesDesc/Summoner_Desc.json",
 "scriptFile"	: "scripts/mobs/Summoner",
"lootChance"	: 0.25,
"loot": { "kind": "Ankh" },
 "attackRange"	: 32,
"walkingType"	: "NORMAL",
"canBePet"		: true,
"flying"		: false,
"friendly"		: false
}
