 {
"defenseSkill"	: 3,
"attackSkill"	: 1000,
"exp"			: 0,
"maxLvl"		: 5,
"dmgMin"		: 10,
"dmgMax"		: 40,
"dr"			: 0,
"baseSpeed"		: 1,
"attackDelay"	: 1,
"ht"			: 7,
"name"			:"Statue_Name",
"name_objective":"Statue_Objective",
"description"	:"Эта статуя одила под действием магической энергии из твоего жезла.",
"gender"		:"masculine",
"spriteDesc"	:"spritesDesc/SumStatue_Desc.json",
 "scriptFile"	: "scripts/mobs/SumStatue",
"lootChance"	: 1,
"attackRange"	: 1,
"walkingType"	: "NORMAL",
"canBePet"		: true,
"flying"		: false,
"friendly"		: false
}
