 {
"defenseSkill"	: 10,
"attackSkill"	: 25,
"exp"			: 10,
"maxLvl"		: 4200,
"dmgMin"		: 40,
"dmgMax"		: 50,
"dr"			: 3,
"baseSpeed"		: 1,
"attackDelay"	: 2,
"ht"			: 76,
"name"			:"Щюпальце",
"name_objective":"Щюлальце",
"description"	:"Это щюпальце похоже на червя. Оно берёт своё начало глубоко в пропасти.",
"gender"		:"masculine",
"spriteDesc"	:"spritesDesc/Tentacle_Desc.json",
 "scriptFile"	: "scripts/mobs/Tentacle",
"lootChance"	: 0,
"attackRange"	: 1, 
"walkingType"	: "WATER",
"canBePet"		: false,
"flying" : true,
"friendly"		: false,
    "immunities": [
      "Paralysis",
      "ToxicGas",
      "Terror",
      "Death",
      "Amok",
      "Blindness",
      "Sleep",
      "Poison",
      "Vertigo",
      "Bleeding"
    ]

}
