 {
"defenseSkill"	: 10,
"attackSkill"	: 15,
"exp"			: 3,
"maxLvl"		: 20,
"dmgMin"		: 15,
"dmgMax"		: 40,
"dr"			: 4,
"baseSpeed"		: 1,
"attackDelay"	: 1,
"ht"			: 50,
"name"			:"Зимагор",
"name_objective": "Зимагора",
"description"	:"Мало что известно о зимагоре. Одни говорят, что видели их в пещере,а  другие, что видели их в горах. Внешне это скелет с дырявой старой бранёй, который вооружён _Рубиновым луком_.",
"gender"		:"masculine",
"spriteDesc"	:"spritesDesc/Thimagor3_Desc.json",
 "lootChance"	: 1,
"loot": { "kind": "RubyBow", "identified": true },
 "attackRange"	: 32,
"walkingType"	: "NORMAL",
"canBePet"		: true,
"flying"		: false,
"friendly"		: false
}
