 {
"defenseSkill"	: 0,
"attackSkill"	: 100,
"exp"			: 0,
"maxLvl"		: 0,
"dmgMin"		: 2,
"dmgMax"		: 7,
"dr"			: 0,
"baseSpeed"		: 10,
"attackDelay"	: 1,
"ht"			: 7,
"name"			:"Коса",
"name_objective":"Косу",
"description"	:"Левитируящая коса *(а чёрт, как пригнуться.)",
"gender"		:"masculine",
"spriteDesc"	:"spritesDesc/Toch_Desc.json",
 "scriptFile"	: "scripts/mobs/Toch",
"attackRange"	: 1,
"walkingType"	: "NORMAL",
"canBePet"		: true,
"flying"		: true,
"friendly"		: false,
"aiState": "Hunting"
}
