
 {
"defenseSkill"	: 13,
"attackSkill"	: 10,
"exp"			: 4,
"maxLvl"		: 31,
"dmgMin"		: 15,
"dmgMax"		: 65,
"dr"			: 5,
"baseSpeed"		: 0,
"attackDelay"	: 1,
"ht"			: 800,
"name"			:"Чернокнижник",
"name_objective":"Чернокнижника",
"description"	:"О великая огромная серая демоническая магическая букашка!",
"gender"		:"masculine",
"spriteDesc"	:"spritesDesc/Warlok_Desc.json",
 "scriptFile"	: "scripts/mobs/Warlok",
"loot":{"kind":"RingOfFrost","level":3},
"lootChance"	: 1,
"attackRange"	: 10000,
"walkingType"	: "NORMAL",
"canBePet"		: false,
"flying"		: false,
"friendly"		: false
}
