
 {
"defenseSkill"	: 18,
"attackSkill"	: 15,
"exp"			: 5,
"maxLvl"		: 34,
"dmgMin"		: 20,
"dmgMax"		: 70,
"dr"			: 7,
"baseSpeed"		: 1,
"attackDelay"	: 1,
"ht"			: 85,
"name"			:"Визер скелет",
"name_objective":"скелета",
"description"	:"Это существо состоит из странных тёмных костей.",
"gender"		:"masculine",
"spriteDesc"	:"spritesDesc/WitherSkeleton_Desc.json",
"lootChance"	: 0.5,
"loot":{"kind":"Wands/BlackWand"},"attackRange"	: 1,
"walkingType"	: "NORMAL",
"canBePet"		: true,
"flying"		: false,
"friendly"		: false
}
