{
   "Levels":{
      "0":{"kind":"SewerLevel", "depth":0,        "size":[0,0]},
      "predbannic":{"kind":"PredesignedLevel", "depth":0, "size":[96,96], "music":"Agroprom.mp3", "file":"levelsDesc/predbannic.json"},
      "town_shop":{"kind":"PredesignedLevel", "depth":2, "size":[7,5], "isSafe":true, "music":"Kordon.mp3", "file":"levelsDesc/Novikov_Shop.json","treasury":"TownShopTreasury.json"},
      "kordon":{"kind":"PredesignedLevel", "depth":1,  "size":[48,48], "file":"levelsDesc/Kordon.json", "music":"Agroprom.mp3"},
      "novikov":{"kind":"PredesignedLevel", "depth":2,  "size":[24,24], "file":"levelsDesc/Novikov.json", "music":"Kordon.mp3"},
      "bar":{"kind":"PredesignedLevel", "depth":3,  "size":[7,8], "file":"levelsDesc/Bar.json", "music":"Kordon.mp3"},
      "apteka":{"kind":"PredesignedLevel", "depth":4,  "size":[4,3], "file":"levelsDesc/Apteka.json", "music":"Kordon.mp3"},
      "lab1":{"kind":"RandomLevel","depth":5,"file":"levelsDesc/lab.json","music":"Lab.mp3"},
      "ATP":{"kind":"PredesignedLevel", "depth":6,  "size":[30,30], "file":"levelsDesc/ATP.json", "music":"Agroprom.mp3"},
      "mini_lab":{"kind":"PredesignedLevel", "depth":7,  "size":[6,3], "file":"levelsDesc/mini_lab.json", "music":"Agroprom.mp3"},
      "post":{"kind":"PredesignedLevel", "depth":8,  "size":[31,31], "file":"levelsDesc/post.json", "music":"Agroprom.mp3"},
      "road":{"kind":"PredesignedLevel", "depth":9,  "size":[25,49], "file":"levelsDesc/road.json", "music":"Agroprom.mp3"},
      "sovet":{"kind":"PredesignedLevel", "depth":10,  "size":[37,37], "file":"levelsDesc/sovet.json", "music":"Agroprom.mp3"},
      "poseloks":{"kind":"PredesignedLevel", "depth":11,  "size":[37,37], "file":"levelsDesc/poseloks.json", "music":"Agroprom.mp3"},
      "svalka":{"kind":"PredesignedLevel", "depth":12,  "size":[48,48], "file":"levelsDesc/svalka.json", "music":"Svalka.mp3"},
      "hinf":{"kind":"PredesignedLevel", "depth":13,  "size":[54,54], "file":"levelsDesc/hinf.json", "music":"Agroprom.mp3"},
      "test":{"kind":"PredesignedLevel", "depth":0,  "size":[16,16], "file":"levelsDesc/Konkurs.json", "music":"Agroprom.mp3"}
   },
   "Graph":{
      "0":[["predbannic"],[]],
      "predbannic":[["kordon"],[]],
      "bar":[[],["novikov"],[3]],
      "town_shop":[[],["novikov"],[2]],
      "apteka":[[],["novikov"]],
      "novikov":[["apteka", "town_shop", "bar","ATP","road"],["kordon"]],
      "kordon":[["novikov"],["predbannic"],[1]],
      "lab1":[["ATP"],["ATP"]],
      "ATP":[["lab1"],["novikov"],[4]],
      "mini_lab":[["ATP"],["ATP"]],
      "road":[["sovet", "test", "hinf"],["novikov"],[5]],
      "sovet":[["poseloks","post"],["road"]],
      "post":[[],["sovet"],[2]],
      "poseloks":[["svalka"],["sovet"]],
      "svalka":[[],["poseloks"]],
      "hinf":[["test"],["road"],[3]],
      "test":[["novikov"],[]]
      
   },
   "Entrance":"0"
}