{ "baseTileVar":[1, 1, 1, 1, 1, 1, 1, 1, 17, 32, 33, 34, 17, 1, 1, 16, 64, 65, 66, 17, 1, 1, 17, 17, 17, 16, 16, 1, 1, 1, 1, 1, 1, 1, 1, 1, 1, 1, 1, 1, 1, 1],
 "customTiles":true,
 "deco2TileVar":[-1, -1, -1, -1, -1, -1, -1, -1, -1, -1, -1, -1, -1, -1, -1, -1, 76, 77, -1, -1, -1, -1, -1, -1, -1, -1, -1, -1, -1, -1, -1, -1, -1, -1, -1, -1, -1, -1, -1, -1, -1, -1],
 "decoDesc":["", "", "", "", "", "", "", "", "", "", "", "", "", "", "", "", "", "", "", "", "", "", "", "", "", "", "", "", "", "", "", "", "", "", "", "", "", "", "", "", "", "", "", "", "", "", "", "", "", "", "", "", "", "", "", "", "", "", "", "", "", "", "", "", "", "", "", "", "", "", "", "", "", "", "", "", "", "", "", "", "", "", "", "", "", "", "", "", "", "", "", "", "", "", "", "", "", "", "", "", "", "", "", "", "", "", "", "", "", "", "", "", "", "", "", "", "", "", "", "", "", "", "", "", "", "", "", "", "", "", "", "", "", "", "", "", "", "", "", "", "", "", "", "", "", "", "", "", "", "", "", "", "", "", "", "", "", "", "", "", "", "", "", "", "", "", "", "", "", "", "", "", "", "", "", "", "", "", "", "", "", "", "", "", "", "", "", "", "", "", "", "", "", "", "", "", "", "", "", "", "", "", "", "", "", "", "", "", "", "", "", "", "", "", "", "", "", "", "", "", "", "", "", "", "", "", "", "", "", "", "", "", "", "", "", "", "", "", "", "", "", "", "", "", "", "", "", "", "", "", "", "", "", "", "", ""],
 "decoName":["", "", "", "", "", "", "", "", "", "", "", "", "", "", "", "", "", "", "", "", "", "", "", "", "", "", "", "", "", "", "", "", "", "", "", "", "", "", "", "", "", "", "", "", "", "", "", "", "", "", "", "", "", "", "", "", "", "", "", "", "", "", "", "", "", "", "", "", "", "", "", "", "", "", "", "", "", "", "", "", "", "", "", "", "", "", "", "", "", "", "", "", "", "", "", "", "", "", "", "", "", "", "", "", "", "", "", "", "", "", "", "", "", "", "", "", "", "", "", "", "", "", "", "", "", "", "", "", "", "", "", "", "", "", "", "", "", "", "", "", "", "", "", "", "", "", "", "", "", "", "", "", "", "", "", "", "", "", "", "", "", "", "", "", "", "", "", "", "", "", "", "", "", "", "", "", "", "", "", "", "", "", "", "", "", "", "", "", "", "", "", "", "", "", "", "", "", "", "", "", "", "", "", "", "", "", "", "", "", "", "", "", "", "", "", "", "", "", "", "", "", "", "", "", "", "", "", "", "", "", "", "", "", "", "", "", "", "", "", "", "", "", "", "", "", "", "", "", "", "", "", "", "", "", "", ""],
 "decoTileVar":[-1, -1, -1, -1, -1, -1, -1, -1, -1, 56, 57, 58, 59, -1, -1, -1, 72, 73, 74, 75, -1, -1, -1, -1, -1, -1, -1, -1, -1, -1, -1, 82, -1, -1, -1, -1, -1, -1, -1, -1, -1, -1],
 "entrance":[3, 4],
 "height":6,
 "map":[4, 4, 4, 4, 4, 4, 4, 4, 1, 4, 1, 4, 1, 4, 4, 1, 1, 1, 1, 1, 4, 4, 1, 1, 1, 1, 1, 4, 4, 4, 4, 7, 4, 4, 4, 4, 4, 4, 4, 4, 4, 4],
 "multiexit":[],
 "tiles":"tiles_stalker_inside.png",
 "tiles_base":"tiles_stalker_inside.png",
 "tiles_deco":"tiles_stalker_inside.png",
 "tiles_deco2":"tiles_stalker_inside.png",
 "tiles_logic":"tiles0.png",
  "mobs":[
        {
         "kind":"Shopkeeper",
         "x":3,
         "y":1,
         "items": [
          {
           "kind": "LeatherArmor",
           "identified": true
          },
          {
           "kind": "Dagger",
           "identified": true
          },
          {
           "kind": "Knuckles",
           "identified": true
          },
          {
           "kind": "Sword",
           "identified": true
          },
          {
           "kind": "Quarterstaff",
           "identified": true
          },
          {
           "kind": "ScrollHolder"
          },
          {
           "kind": "PotionBelt"
          },
          {
           "kind": "SeedPouch"
          },
          {
           "kind": "Quiver"
          },
          {
           "kind": "WandHolster"
          },
          {
           "kind": "OverpricedRation",
           "quantity": 3
          },
          {
           "kind": "Dart",
           "quantity": 15
          },
          {
           "kind": "Torch",
           "quantity": 3
          },
          {
           "kind":"9x18mm",
           "quantity":50
          },
                    {
           "kind":"9x19mmFMJ",
           "quantity":45
          },
                    {
           "kind":"5,45x39mm",
           "quantity":30
          },
                    {
           "kind":"12x70mmFraction",
           "quantity":35
          }
         ]

        }],
 "water":"water0.png",
 "width":7
}