 {
"defenseSkill"	: 20,
"attackSkill"	: 15,
"exp"			: 5,
"maxLvl"		: 32,
"dmgMin"		: 10,
"dmgMax"		: 30,
"dr"			: 2,
"baseSpeed"		: 1,
"attackDelay"	: 1,
"ht"			: 70,
"name"			:"Электрический элементаль",
"name_objective":"Элементаля",
"description"	:"Кусок воздушной массы в которой сверкают молнии.",
"gender"		:"masculine",
"spriteDesc"	:"spritesDesc/LightingElemental_Desc.json",
 "loot": { "kind":"WandOfLightning" },
"lootChance"	: 0.25,
"attackRange"	: 32,
"walkingType"	: "NORMAL",
"canBePet"		: true,
"flying"		: true,
"friendly"		: false
}
