 {
"defenseSkill"	: 25,
"attackSkill"	: 40,
"exp"			:  60,
"maxLvl"		: 32,
"dmgMin"		: 20,
"dmgMax"		: 50,
"dr"			: 5,
"baseSpeed"		: 1,
"attackDelay"	: 1,
"ht"			: 350,
"name"			:"Тёмный дракон",
"name_objective":"Дракона",
"description"	:"Этот древний дракон был заперт в этом месте очень давно.",
"gender"		:"masculine",
"spriteDesc"	:"spritesDesc/ShadowDragon_Desc.json",
"scriptFile"	: "scripts/mobs/ShadowDragon",
"loot":{"kind":"SkeletonKey" },
"lootChance"	: 1,
"attackRange"	: 32,
"walkingType"	: "NORMAL",
"canBePet"		: false,
"flying"		: true,
"friendly"		: false
}
